freq,age,unit,sex,geo\TIME_PERIOD	2003 	2004 	2005 	2006 	2007 	2008 	2009 	2010 	2011 	2012 	2013 	2014 	2015 	2016 	2017 	2018 	2019 	2020 	2021 	2022 	2023 	2024 	2025 
A,Y15-24,PC_ACT,F,AT	: 	: 	: 	: 	: 	: 	10.5 	9.8 	9.5 	9.6 	10.4 	10.4 	10.4 	10.7 	9.1 	9.8 	8.1 	10.6 	11.3 	9.5 	10.7 	10.1 	10.8 
A,Y15-24,PC_ACT,F,BA	: 	: 	: 	: 	: 	: 	: 	: 	: 	: 	: 	: 	: 	: 	: 	: 	: 	: 	44.5 	42.1 	33.2 	35.6 	37.4 
A,Y15-24,PC_ACT,F,BE	: 	: 	: 	: 	: 	: 	22.6 	22.4 	18.9 	19.0 	22.5 	22.5 	20.5 	18.3 	18.2 b	15.3 	12.3 	15.6 	16.2 	14.4 	14.4 	14.8 	15.7 
A,Y15-24,PC_ACT,F,BG	: 	: 	: 	: 	: 	: 	17.8 	24.4 b	28.1 b	30.6 	30.3 	28.3 	26.7 	21.1 	16.3 	15.7 	11.8 bu	17.7 u	15.1 u	10.4 u	11.1 u	11.7 bu	11.8 
A,Y15-24,PC_ACT,F,CH	: 	: 	: 	: 	: 	: 	: 	8.7 b	7.9 	8.0 	8.8 	8.6 	8.4 	8.4 	8.0 	7.5 	7.2 	8.0 	8.3 	6.8 	7.6 	8.5 	9.2 
A,Y15-24,PC_ACT,F,CY	: 	: 	: 	: 	: 	: 	14.0 	17.2 	21.5 	26.7 	36.8 	34.6 	31.1 	31.8 	22.9 	16.2 	15.1 	11.7 	16.1 	18.0 	14.8 	13.6 	12.5 
A,Y15-24,PC_ACT,F,CZ	: 	: 	: 	: 	: 	: 	16.7 	18.5 	18.0 b	19.0 	19.4 	17.1 	14.4 	11.4 	8.7 	7.2 	6.0 	9.2 	9.1 	7.9 	8.8 	9.9 	10.4 
A,Y15-24,PC_ACT,F,DE	: 	: 	: 	: 	: 	: 	10.5 	9.4 b	8.4 b	7.8 	7.6 	7.6 	6.9 	6.6 	6.2 	5.5 	5.1 	7.3 b	6.5 	5.5 	5.3 	5.9 	6.6 
A,Y15-24,PC_ACT,F,DK	: 	: 	: 	: 	: 	: 	11.6 	13.2 	14.4 	14.8 	13.3 	12.9 	11.1 	10.8 b	11.9 b	9.2 	9.7 	10.7 	11.0 	10.5 	11.3 b	14.2 	13.3 
A,Y15-24,PC_ACT,F,EA20	: 	: 	: 	: 	: 	: 	20.6 	21.8 	22.0 	24.1 	25.1 	24.3 	22.7 	21.4 	19.1 	17.3 	16.2 	18.3 	17.0 	14.4 	14.0 	14.3 	14.7 
A,Y15-24,PC_ACT,F,EA21	: 	: 	: 	: 	: 	: 	20.6 	21.8 	22.1 	24.2 	25.1 	24.3 	22.8 	21.4 	19.1 	17.3 	16.2 	18.3 	17.0 	14.4 	14.0 	14.3 	14.7 
A,Y15-24,PC_ACT,F,EE	: 	: 	: 	: 	: 	: 	21.5 	28.8 	20.3 	18.2 	19.6 	9.9 	12.9 	10.4 	9.3 	11.1 	12.0 	18.3 	15.0 	16.5 	16.4 	19.3 	18.8 
A,Y15-24,PC_ACT,F,EL	: 	: 	: 	: 	: 	: 	33.6 	41.1 	52.1 	63.4 	64.6 	58.5 	54.8 	52.1 	49.0 	45.4 	41.0 	42.8 	40.9 	38.8 	29.4 	24.1 	20.8 
A,Y15-24,PC_ACT,F,ES	: 	: 	: 	: 	: 	: 	36.1 	39.6 	44.0 	51.4 	54.6 	52.9 	48.0 	44.9 	37.4 	33.3 	34.5 	39.7 	36.2 d	30.9 d	28.5 d	27.1 d	25.8 d
A,Y15-24,PC_ACT,F,EU27_2020	: 	: 	: 	: 	: 	: 	20.6 	22.1 	22.6 	24.4 	25.2 	24.0 	22.1 	20.5 	18.3 	16.5 	15.6 	17.7 	16.8 	14.5 	14.1 	14.7 	15.1 
A,Y15-24,PC_ACT,F,FI	: 	: 	: 	: 	: 	: 	18.6 	19.4 	18.4 	18.2 	17.4 	17.9 	19.1 	18.9 	19.1 	17.0 	15.9 	19.2 	16.4 	14.0 	15.4 	18.0 	21.8 
A,Y15-24,PC_ACT,F,FR	22.7 	24.7 	25.7 	27.2 	23.8 	22.3 	26.5 	27.8 	27.4 	27.9 	29.5 	27.2 	27.4 	28.0 	25.0 	23.5 	21.7 	23.6 	18.9 d	16.0 d	16.1 d	18.4 d	19.6 d
A,Y15-24,PC_ACT,F,HR	: 	: 	: 	: 	: 	: 	27.6 	35.3 	36.1 	42.3 	51.0 	46.6 	43.5 	31.0 	27.2 	29.1 	18.8 	23.9 	26.3 	22.1 	21.9 	18.2 u	18.5 u
A,Y15-24,PC_ACT,F,HU	: 	: 	: 	: 	: 	: 	23.3 	23.5 	23.5 	26.3 	26.8 	20.2 	15.5 	12.4 	11.5 	10.0 b	10.6 	13.5 	15.6 	9.6 	12.3 	14.8 	13.9 
A,Y15-24,PC_ACT,F,IE	: 	: 	: 	: 	: 	: 	16.8 	20.9 	22.3 	23.5 	22.8 	19.8 	16.3 	13.6 	12.6 	12.6 	10.6 	15.8 	14.6 b	9.9 	10.6 	10.3 	11.7 
A,Y15-24,PC_ACT,F,IS	: 	: 	: 	: 	: 	: 	12.0 	14.1 	10.7 	12.3 	7.7 	6.6 	6.7 	6.4 	7.1 	5.6 	5.6 	9.0 b	10.9 	5.6 	7.2 	9.4 	10.2 
A,Y15-24,PC_ACT,F,IT	: 	: 	: 	: 	: 	: 	28.6 	29.4 	32.2 	37.6 	41.4 	44.6 	42.6 	39.6 	37.2 	34.9 b	31.1 	32.1 	32.8 	25.8 	25.2 	22.2 	22.2 
A,Y15-24,PC_ACT,F,LT	: 	: 	: 	: 	: 	: 	22.4 	31.6 	29.4 	22.7 	20.4 	18.7 	16.6 	12.6 	11.7 	10.1 	9.3 	17.3 	14.7 	10.4 	10.2 	16.4 	10.7 
A,Y15-24,PC_ACT,F,LU	: 	: 	: 	: 	: 	: 	17.8 	10.2 u	20.8 	18.6 	10.9 u	18.1 	15.7 b	18.0 	13.2 	11.9 	16.0 	21.3 	16.1 	18.5 	22.7 u	18.1 u	: u
A,Y15-24,PC_ACT,F,LV	: 	: 	: 	: 	: 	: 	29.2 	34.8 	30.6 	29.5 	24.9 	20.0 	14.2 	12.4 	15.4 	11.8 	10.1 u	15.5 	14.6 	10.2 u	10.0 	14.1 	13.3 
A,Y15-24,PC_ACT,F,ME	: 	: 	: 	: 	: 	: 	: 	: 	38.4 	37.6 	37.2 	35.4 	34.5 	34.6 	33.1 	23.6 	24.3 	39.7 	: 	: 	: 	: 	: 
A,Y15-24,PC_ACT,F,MK	: 	: 	: 	: 	: 	: 	59.4 	53.3 	54.8 	51.8 	51.0 	55.0 	43.3 	48.8 	48.6 	43.2 	38.9 	38.6 	39.7 b	38.2 	30.6 	27.8 	27.5 
A,Y15-24,PC_ACT,F,MT	: 	: 	: 	: 	: 	: 	12.5 	11.8 	12.9 	14.5 	10.4 	9.5 	9.8 	11.4 	9.9 	6.7 	8.6 	8.3 u	6.0 u	6.0 u	: u	8.2 u	10.2 
A,Y15-24,PC_ACT,F,NL	: 	: 	: 	: 	: 	: 	9.7 	10.7 	10.2 	12.0 	13.0 	13.2 	11.6 	10.8 	9.5 	7.6 	7.2 	9.7 	9.0 	8.0 	8.2 	8.5 	8.6 
A,Y15-24,PC_ACT,F,NO	: 	: 	: 	: 	: 	: 	10.1 	10.1 	9.9 	9.6 	10.1 	9.2 	11.4 	11.8 	11.4 	10.7 	11.4 	12.7 	11.8 	8.8 	10.6 	11.4 	12.8 
A,Y15-24,PC_ACT,F,PL	: 	: 	: 	: 	: 	: 	21.3 	25.4 b	28.6 	30.0 	30.2 	25.6 	21.0 	18.1 	15.1 	12.1 	9.8 b	11.4 	12.3 	11.2 	11.1 	10.9 	13.6 
A,Y15-24,PC_ACT,F,PT	: 	: 	: 	: 	: 	: 	26.2 	28.7 	31.7 	39.4 	40.1 	35.0 	34.1 	28.6 	25.4 	20.4 	21.4 	24.0 	26.7 	20.5 	20.1 	22.4 	21.6 
A,Y15-24,PC_ACT,F,RO	: 	: 	: 	: 	: 	: 	24.2 	28.1 	29.5 	29.1 	31.1 	31.1 	29.4 	27.3 	23.1 	20.7 	22.0 	20.8 	21.2 	24.9 	22.2 	25.1 	27.8 
A,Y15-24,PC_ACT,F,RS	: 	: 	: 	: 	: 	: 	: 	50.1 	60.0 	59.7 	60.2 	52.3 	50.5 	41.4 	38.1 	33.7 	32.2 	31.0 	28.9 	26.0 	27.0 	23.1 	25.5 
A,Y15-24,PC_ACT,F,SE	: 	: 	22.0 	21.5 	19.3 	20.3 	23.3 	23.1 	21.7 	21.7 	21.8 	20.9 	19.0 	16.8 	16.4 	15.9 	19.1 	22.6 	24.1 	23.5 	21.6 	23.6 	23.9 
A,Y15-24,PC_ACT,F,SI	: 	: 	: 	: 	: 	: 	13.5 	13.8 	17.0 	21.4 	23.7 	21.6 	14.8 	14.7 	13.1 	9.6 u	9.2 u	16.1 	14.4 u	12.0 u	8.7 u	10.9 u	14.4 u
A,Y15-24,PC_ACT,F,SK	: 	: 	: 	: 	: 	: 	29.1 	34.8 	36.8 b	35.4 	34.4 	32.9 	30.2 	28.9 	22.3 	18.0 	21.9 	23.4 	22.0 	21.7 	16.0 	18.9 	14.4 
A,Y15-24,PC_ACT,F,TR	: 	: 	: 	: 	: 	: 	22.5 	20.7 	19.0 	17.8 	19.7 	20.2 b	22.2 	23.5 	25.6 	25.0 	30.3 	29.9 	28.7 b	25.4 	23.4 	22.4 	22.2 
A,Y15-24,PC_ACT,M,AT	: 	: 	: 	: 	: 	: 	12.1 	10.4 	9.5 	10.3 	10.2 	11.5 	12.0 	13.1 	11.7 	10.3 	10.0 	12.5 	10.7 	9.5 	10.2 	10.4 	12.0 
A,Y15-24,PC_ACT,M,BA	: 	: 	: 	: 	: 	: 	: 	: 	: 	: 	: 	: 	: 	: 	: 	: 	: 	: 	34.5 	31.2 	28.5 	27.5 	30.2 
A,Y15-24,PC_ACT,M,BE	: 	: 	: 	: 	: 	: 	21.6 	22.4 	18.9 	20.7 	25.0 	24.2 	24.1 	21.9 	20.3 b	16.5 	16.3 	16.1 	19.9 	18.1 	17.6 	19.6 	18.8 
A,Y15-24,PC_ACT,M,BG	: 	: 	: 	: 	: 	: 	20.3 	25.5 b	28.2 b	31.5 	32.2 	26.1 	23.6 	20.0 	16.0 	16.0 	12.3 b	17.3 	16.2 	10.8 	12.8 	12.8 b	14.0 
A,Y15-24,PC_ACT,M,CH	: 	: 	: 	: 	: 	: 	: 	7.8 b	7.5 	8.6 	8.7 	8.6 	9.2 	8.8 	8.1 	8.4 	8.8 	9.2 	8.4 	6.9 	8.1 	8.0 	8.3 
A,Y15-24,PC_ACT,M,CY	: 	: 	: 	: 	: 	: 	13.6 	15.9 	23.3 	28.8 	41.1 	37.4 	34.7 	25.8 	27.0 	25.0 	20.1 	22.5 	18.4 	18.3 	18.1 	12.5 	14.4 
A,Y15-24,PC_ACT,M,CZ	: 	: 	: 	: 	: 	: 	16.6 	18.2 	18.1 b	19.9 	18.6 	15.0 	11.3 	9.9 	7.4 	6.4 	5.4 	7.2 	7.6 	6.0 	7.9 	8.6 	10.5 
A,Y15-24,PC_ACT,M,DE	: 	: 	: 	: 	: 	: 	13.2 	11.4 b	9.7 b	9.2 	9.0 	8.8 	8.3 	8.3 	8.0 	7.5 	6.9 	8.4 b	7.4 	6.4 	6.5 	7.2 	7.6 
A,Y15-24,PC_ACT,M,DK	: 	: 	: 	: 	: 	: 	15.3 	17.9 	18.2 	16.8 	16.3 	15.6 	13.2 	13.5 b	12.9 b	11.8 	10.4 	12.6 	10.7 	10.6 	11.8 b	15.0 	14.3 
A,Y15-24,PC_ACT,M,EA20	: 	: 	: 	: 	: 	: 	21.8 	22.5 	22.1 	24.4 	25.3 	24.7 	23.4 	21.7 	19.7 	17.8 	16.5 	18.1 	16.9 	14.8 	15.0 	15.0 	15.1 
A,Y15-24,PC_ACT,M,EA21	: 	: 	: 	: 	: 	: 	21.8 	22.5 	22.2 	24.6 	25.4 	24.7 	23.4 	21.7 	19.6 	17.8 	16.4 	18.1 	16.9 	14.8 	14.9 	15.0 	15.1 
A,Y15-24,PC_ACT,M,EE	: 	: 	: 	: 	: 	: 	31.6 	35.7 	23.8 	22.8 	17.8 	19.3 	15.5 	17.3 	14.7 	12.9 	11.2 	18.4 	18.4 	21.0 	18.4 	18.9 	22.5 
A,Y15-24,PC_ACT,M,EL	: 	: 	: 	: 	: 	: 	20.1 	27.6 	39.4 	49.4 	54.9 	48.1 	46.5 	44.8 	40.5 	37.7 	34.5 	34.2 	31.1 	25.1 	24.4 	21.1 	17.7 
A,Y15-24,PC_ACT,M,ES	: 	: 	: 	: 	: 	: 	39.1 	43.1 	48.2 	54.1 	56.2 	53.4 	48.6 	44.0 	39.5 	35.2 	30.9 	37.1 	34.0 d	28.7 d	28.8 d	26.0 d	24.1 d
A,Y15-24,PC_ACT,M,EU27_2020	: 	: 	: 	: 	: 	: 	21.8 	22.7 	22.5 	24.5 	25.2 	24.2 	22.7 	20.8 	18.7 	16.9 	15.8 	17.5 	16.6 	14.6 	15.0 	15.2 	15.3 
A,Y15-24,PC_ACT,M,FI	: 	: 	: 	: 	: 	: 	24.8 	24.4 	22.2 	20.8 	23.9 	23.2 	26.0 	22.1 	20.8 	17.7 	19.5 	22.8 	17.8 	14.4 	16.9 	19.6 	21.7 
A,Y15-24,PC_ACT,M,FR	17.9 	19.3 	19.5 	20.5 	18.5 	18.5 	23.8 	22.2 	21.5 	24.2 	23.9 	24.5 	25.1 	24.3 	22.4 	20.9 	20.1 	19.8 	19.0 d	18.5 d	18.3 d	19.1 d	20.0 d
A,Y15-24,PC_ACT,M,HR	: 	: 	: 	: 	: 	: 	23.0 	31.4 	36.2 	42.6 	50.1 	45.1 	41.5 	30.9 	27.5 	19.3 	15.3 	18.6 	18.3 	14.7 	17.1 	15.9 	18.1 
A,Y15-24,PC_ACT,M,HU	: 	: 	: 	: 	: 	: 	27.8 	27.7 	27.0 	29.1 	25.6 	20.0 	18.3 	12.9 	9.7 	9.8 b	11.9 	12.1 	12.2 	11.4 	13.2 	15.4 	13.9 
A,Y15-24,PC_ACT,M,IE	: 	: 	: 	: 	: 	: 	31.5 	34.7 	36.1 	37.4 	30.3 	26.6 	23.5 	19.7 	16.0 	14.8 	14.2 	15.9 	14.5 b	10.2 	10.7 	10.9 	11.8 
A,Y15-24,PC_ACT,M,IS	: 	: 	: 	: 	: 	: 	19.7 	18.4 	18.2 	14.7 	13.6 	12.9 	10.9 	6.7 	8.6 	6.5 	11.8 	11.1 b	13.2 	11.6 	10.2 	8.8 	8.8 
A,Y15-24,PC_ACT,M,IT	: 	: 	: 	: 	: 	: 	23.3 	27.0 	27.1 	33.8 	39.0 	41.3 	38.7 	36.3 	32.9 	30.4 b	27.8 	28.4 	27.7 	22.3 	21.1 	19.2 	19.5 
A,Y15-24,PC_ACT,M,LT	: 	: 	: 	: 	: 	: 	35.1 	39.0 	34.9 	29.7 	23.0 	19.6 	16.0 	15.9 	14.6 	12.0 	14.1 	21.5 	14.0 	13.4 	17.2 	16.0 	17.0 
A,Y15-24,PC_ACT,M,LU	: 	: 	: 	: 	: 	: 	16.7 	17.6 	13.3 	18.9 	18.7 	26.1 	18.9 b	19.7 	17.2 	16.3 	17.8 	24.8 	17.7 	16.7 	15.6 u	24.4 u	: u
A,Y15-24,PC_ACT,M,LV	: 	: 	: 	: 	: 	: 	36.4 	37.3 	31.3 	27.8 	21.9 	19.4 	18.0 	21.5 	18.3 	12.5 	14.7 	14.4 	14.9 	19.4 	14.3 	13.2 	16.1 
A,Y15-24,PC_ACT,M,ME	: 	: 	: 	: 	: 	: 	: 	: 	35.4 	45.8 	42.9 	36.0 	39.9 	36.9 	30.7 	33.3 	25.8 	33.6 	: 	: 	: 	: 	: 
A,Y15-24,PC_ACT,M,MK	: 	: 	: 	: 	: 	: 	52.7 	53.9 	55.5 	55.2 	52.5 	52.0 	49.7 	47.9 	45.7 	46.6 	33.4 	34.0 	34.1 b	29.7 	28.8 	29.6 	30.6 
A,Y15-24,PC_ACT,M,MT	: 	: 	: 	: 	: 	: 	16.2 	14.4 	13.7 	13.3 	14.7 	13.7 	13.2 	10.2 	11.1 	11.7 	11.3 	14.1 	12.9 	11.6 	11.6 u	9.9 	9.2 
A,Y15-24,PC_ACT,M,NL	: 	: 	: 	: 	: 	: 	13.5 	14.1 	12.8 	13.9 	15.4 	14.4 	13.5 	13.5 	11.4 	10.2 	9.7 	11.5 	9.7 	7.3 	8.3 	8.8 	9.1 
A,Y15-24,PC_ACT,M,NO	: 	: 	: 	: 	: 	: 	11.9 	13.6 	11.5 	11.7 	12.8 	10.7 	13.1 	14.3 	13.7 	12.0 	11.9 	13.7 	13.4 	11.2 	11.4 	12.7 	15.3 
A,Y15-24,PC_ACT,M,PL	: 	: 	: 	: 	: 	: 	20.7 	22.9 b	24.2 	24.5 	25.8 	23.1 	20.9 	17.7 	14.8 	11.6 	9.6 b	10.4 	11.6 	10.5 	11.6 	10.7 	11.0 
A,Y15-24,PC_ACT,M,PT	: 	: 	: 	: 	: 	: 	24.5 	27.3 	29.2 	37.2 	37.3 	34.4 	29.7 	27.2 	22.4 	20.1 	15.8 	21.1 	20.9 	18.1 	20.8 	20.9 	17.6 
A,Y15-24,PC_ACT,M,RO	: 	: 	: 	: 	: 	: 	25.1 	27.9 	29.3 	27.6 	28.7 	29.4 	26.0 	25.0 	22.9 	20.4 	20.4 	22.1 	20.9 	21.6 	21.5 	23.2 	25.0 
A,Y15-24,PC_ACT,M,RS	: 	: 	: 	: 	: 	: 	: 	47.4 	49.4 	49.7 	46.5 	47.2 	41.1 	33.1 	30.0 	29.2 	27.6 	25.3 	24.2 	23.3 	23.8 	23.0 	22.1 
A,Y15-24,PC_ACT,M,SE	: 	: 	22.3 	20.2 	17.9 	18.8 	25.4 	25.0 	22.4 	24.1 	23.9 	23.5 	20.4 	19.7 	17.8 	17.6 	19.6 	24.5 	25.2 	20.2 	22.5 	24.9 	24.7 
A,Y15-24,PC_ACT,M,SI	: 	: 	: 	: 	: 	: 	14.0 	15.4 	15.1 	20.4 	20.1 	19.6 	17.7 	15.8 	10.0 	8.3 u	7.4 u	13.0 	11.5 u	8.6 u	10.6 u	11.0 	10.5 u
A,Y15-24,PC_ACT,M,SK	: 	: 	: 	: 	: 	: 	28.1 	35.0 	33.5 b	35.3 	35.3 	29.8 	26.1 	20.0 	18.3 	14.4 	14.2 	18.5 	19.8 	18.8 	22.1 	19.3 	15.9 
A,Y15-24,PC_ACT,M,TR	: 	: 	: 	: 	: 	: 	22.9 	19.2 	15.5 	14.6 	15.5 	16.6 b	16.5 	17.2 	17.7 	17.5 	22.4 	22.5 	19.5 b	16.3 	14.3 	13.1 	11.7 
A,Y15-24,PC_ACT,T,AT	: 	: 	: 	: 	: 	: 	11.3 	10.1 	9.5 	10.0 	10.3 	11.0 	11.3 	12.0 	10.5 	10.0 	9.1 	11.7 	11.0 	9.5 	10.4 	10.3 	11.5 
A,Y15-24,PC_ACT,T,BA	: 	: 	: 	: 	: 	: 	: 	: 	: 	: 	: 	: 	: 	: 	: 	: 	: 	: 	38.3 	35.1 	30.1 	30.2 	32.5 
A,Y15-24,PC_ACT,T,BE	: 	: 	: 	: 	: 	: 	22.0 	22.4 	18.9 	20.0 	23.9 	23.4 	22.5 	20.3 	19.4 b	16.0 	14.5 	15.9 	18.2 	16.4 	16.1 	17.4 	17.4 
A,Y15-24,PC_ACT,T,BG	: 	: 	: 	: 	: 	: 	19.4 	25.1 b	28.2 b	31.2 	31.5 	26.9 	24.7 	20.4 	16.1 	15.9 	12.1 b	17.5 	15.8 	10.6 	12.1 	12.3 b	13.1 
A,Y15-24,PC_ACT,T,CH	: 	: 	: 	: 	: 	: 	: 	8.2 b	7.7 	8.3 	8.7 	8.6 	8.8 	8.6 	8.1 	7.9 	8.0 	8.6 	8.3 	6.8 	7.9 	8.2 	8.8 
A,Y15-24,PC_ACT,T,CY	: 	: 	: 	: 	: 	: 	13.8 	16.6 	22.4 	27.7 	38.9 	36.0 	32.8 	29.1 	24.7 	20.2 	17.6 	17.6 	17.3 	18.1 	16.5 	13.0 	13.5 
A,Y15-24,PC_ACT,T,CZ	: 	: 	: 	: 	: 	: 	16.6 	18.3 	18.1 b	19.5 	19.0 	15.9 	12.6 	10.5 	7.9 	6.7 	5.6 	8.0 	8.2 	6.8 	8.3 	9.1 	10.4 
A,Y15-24,PC_ACT,T,DE	: 	: 	: 	: 	: 	: 	11.9 	10.5 b	9.1 b	8.6 	8.3 	8.2 	7.7 	7.5 	7.2 	6.6 	6.1 	7.9 b	7.0 	6.0 	5.9 	6.6 	7.1 
A,Y15-24,PC_ACT,T,DK	: 	: 	: 	: 	: 	: 	13.5 	15.6 	16.4 	15.8 	14.8 	14.2 	12.2 	12.2 b	12.4 b	10.5 	10.1 	11.7 	10.8 	10.6 	11.5 b	14.6 	13.8 
A,Y15-24,PC_ACT,T,EA20	: 	: 	: 	: 	: 	: 	21.3 	22.1 	22.1 	24.3 	25.2 	24.5 	23.1 	21.6 	19.4 	17.6 	16.4 	18.2 	17.0 	14.6 	14.5 	14.7 	14.9 
A,Y15-24,PC_ACT,T,EA21	: 	: 	: 	: 	: 	: 	21.2 	22.2 	22.2 	24.4 	25.3 	24.5 	23.1 	21.6 	19.4 	17.6 	16.3 	18.2 	17.0 	14.6 	14.5 	14.7 	14.9 
A,Y15-24,PC_ACT,T,EE	: 	: 	: 	: 	: 	: 	27.2 	32.6 	22.3 	20.7 	18.6 	14.9 	14.3 	14.0 	12.1 	12.0 	11.6 	18.3 	16.7 	18.6 	17.3 	19.1 	20.7 
A,Y15-24,PC_ACT,T,EL	: 	: 	: 	: 	: 	: 	26.1 	33.6 	45.2 	55.9 	59.2 	53.0 	50.3 	48.2 	44.5 	41.2 	37.5 	38.0 	35.5 	31.4 	26.7 	22.5 	19.1 
A,Y15-24,PC_ACT,T,ES	: 	: 	: 	: 	: 	: 	37.7 	41.5 	46.2 	52.9 	55.5 	53.2 	48.3 	44.4 	38.6 	34.3 	32.5 	38.3 	35.0 d	29.7 d	28.7 d	26.5 d	24.9 d
A,Y15-24,PC_ACT,T,EU27_2020	: 	: 	: 	: 	: 	: 	21.2 	22.4 	22.5 	24.4 	25.2 	24.1 	22.4 	20.7 	18.6 	16.7 	15.7 	17.6 	16.7 	14.6 	14.6 	15.0 	15.2 
A,Y15-24,PC_ACT,T,FI	: 	: 	: 	: 	: 	: 	21.7 	22.0 	20.3 	19.5 	20.6 	20.5 	22.5 	20.5 	20.0 	17.3 	17.7 	21.0 	17.1 	14.2 	16.2 	18.8 	21.8 
A,Y15-24,PC_ACT,T,FR	20.1 	21.7 	22.3 	23.5 	20.9 	20.2 	25.1 	24.7 	24.2 	25.9 	26.5 	25.7 	26.2 	26.0 	23.6 	22.1 	20.8 	21.6 	18.9 d	17.4 d	17.3 d	18.8 d	19.8 d
A,Y15-24,PC_ACT,T,HR	: 	: 	: 	: 	: 	: 	24.8 	33.0 	36.1 	42.5 	50.5 	45.7 	42.3 	30.9 	27.4 	23.5 	16.7 	20.6 	21.5 	17.7 	18.9 	16.8 	18.3 
A,Y15-24,PC_ACT,T,HU	: 	: 	: 	: 	: 	: 	25.8 	25.9 	25.4 	27.8 	26.1 	20.1 	17.1 	12.7 	10.5 	9.9 b	11.4 	12.7 	13.6 	10.6 	12.8 	15.2 	13.9 
A,Y15-24,PC_ACT,T,IE	: 	: 	: 	: 	: 	: 	24.5 	28.1 	29.6 	30.8 	26.7 	23.4 	20.2 	16.8 	14.4 	13.8 	12.5 	15.8 	14.6 b	10.1 	10.7 	10.6 	11.8 
A,Y15-24,PC_ACT,T,IS	: 	: 	: 	: 	: 	: 	15.9 	16.2 	14.4 	13.5 	10.6 	9.8 	8.8 	6.5 	7.9 	6.1 	8.7 	10.0 b	12.1 	8.7 	8.8 	9.1 	9.5 
A,Y15-24,PC_ACT,T,IT	: 	: 	: 	: 	: 	: 	25.4 	28.0 	29.2 	35.3 	40.0 	42.7 	40.3 	37.7 	34.6 	32.2 b	29.2 	29.8 	29.7 	23.7 	22.7 	20.3 	20.6 
A,Y15-24,PC_ACT,T,LT	: 	: 	: 	: 	: 	: 	29.6 	35.7 	32.6 	26.7 	21.9 	19.3 	16.3 	14.5 	13.3 	11.1 	11.9 	19.6 	14.3 	11.9 	13.8 	16.2 	14.1 
A,Y15-24,PC_ACT,T,LU	: 	: 	: 	: 	: 	: 	17.2 	14.2 	16.8 	18.8 	15.5 	22.6 	17.3 b	18.9 	15.4 	14.2 	17.0 	23.2 	16.9 	17.6 	18.8 	21.6 	: u
A,Y15-24,PC_ACT,T,LV	: 	: 	: 	: 	: 	: 	33.4 	36.2 	31.0 	28.5 	23.2 	19.6 	16.3 	17.5 	17.0 	12.2 	12.7 	14.9 	14.8 	15.3 	12.3 	13.6 	14.8 
A,Y15-24,PC_ACT,T,ME	: 	: 	: 	: 	: 	: 	: 	: 	36.6 	42.2 	40.5 	35.8 	37.6 	35.9 	31.7 	29.4 	25.2 	36.0 	: 	: 	: 	: 	: 
A,Y15-24,PC_ACT,T,MK	: 	: 	: 	: 	: 	: 	55.1 	53.7 	55.3 	53.9 	51.9 	53.1 	47.3 	48.2 	46.7 	45.4 	35.6 	35.7 	36.1 b	32.7 	29.4 	28.9 	29.4 
A,Y15-24,PC_ACT,T,MT	: 	: 	: 	: 	: 	: 	14.5 	13.2 	13.3 	13.8 	12.7 	11.7 	11.6 	10.7 	10.6 	9.4 	10.1 	11.5 	9.9 	9.0 	9.2 	9.2 	9.6 
A,Y15-24,PC_ACT,T,NL	: 	: 	: 	: 	: 	: 	11.6 	12.4 	11.4 	12.9 	14.2 	13.8 	12.5 	12.1 	10.4 	8.9 	8.5 	10.6 	9.3 	7.6 	8.2 	8.7 	8.8 
A,Y15-24,PC_ACT,T,NO	: 	: 	: 	: 	: 	: 	11.0 	11.8 	10.7 	10.7 	11.5 	10.0 	12.3 	13.0 	12.6 	11.4 	11.7 	13.2 	12.6 	10.0 	11.0 	12.1 	14.0 
A,Y15-24,PC_ACT,T,PL	: 	: 	: 	: 	: 	: 	21.0 	24.0 b	26.0 	26.8 	27.6 	24.1 	21.0 	17.8 	14.9 	11.8 	9.7 b	10.8 	11.9 	10.8 	11.4 	10.8 	12.2 
A,Y15-24,PC_ACT,T,PT	: 	: 	: 	: 	: 	: 	25.3 	28.0 	30.4 	38.2 	38.6 	34.7 	31.8 	27.8 	23.8 	20.2 	18.4 	22.4 	23.4 	19.2 	20.5 	21.6 	19.5 
A,Y15-24,PC_ACT,T,RO	: 	: 	: 	: 	: 	: 	24.8 	28.0 	29.4 	28.2 	29.6 	30.0 	27.3 	25.9 	23.0 	20.5 	21.0 	21.6 	21.0 	22.8 	21.8 	23.9 	26.1 
A,Y15-24,PC_ACT,T,RS	: 	: 	: 	: 	: 	: 	: 	48.4 	53.1 	53.2 	51.7 	49.1 	44.6 	36.2 	33.1 	30.9 	29.3 	27.3 	26.0 	24.3 	25.0 	23.0 	23.4 
A,Y15-24,PC_ACT,T,SE	: 	: 	22.2 	20.9 	18.6 	19.6 	24.4 	24.1 	22.1 	22.9 	22.8 	22.2 	19.7 	18.2 	17.1 	16.8 	19.3 	23.6 	24.7 	21.7 	22.1 	24.3 	24.3 
A,Y15-24,PC_ACT,T,SI	: 	: 	: 	: 	: 	: 	13.8 	14.7 	15.9 	20.8 	21.6 	20.5 	16.4 	15.3 	11.3 	8.9 	8.1 	14.3 	12.8 	10.1 	9.9 	10.9 	12.1 
A,Y15-24,PC_ACT,T,SK	: 	: 	: 	: 	: 	: 	28.5 	34.9 	34.8 b	35.3 	34.9 	31.0 	27.7 	23.4 	20.0 	15.8 	17.1 	20.4 	20.6 	19.9 	19.8 	19.2 	15.3 
A,Y15-24,PC_ACT,T,TR	: 	: 	: 	: 	: 	: 	22.8 	19.7 	16.7 	15.7 	16.9 	17.8 b	18.5 	19.5 	20.5 	20.2 	25.2 	25.1 	22.7 b	19.5 	17.5 	16.4 	15.4 
A,Y15-24,PC_POP,F,AT	: 	: 	: 	: 	: 	: 	5.9 	5.3 	5.2 	5.4 	5.8 	5.8 	5.7 	5.8 	4.9 	5.3 	4.3 	5.6 	5.8 	5.0 	5.9 	5.4 	5.9 
A,Y15-24,PC_POP,F,BA	: 	: 	: 	: 	: 	: 	: 	: 	: 	: 	: 	: 	: 	: 	: 	: 	: 	: 	11.0 	8.9 	5.7 	5.7 	6.0 
A,Y15-24,PC_POP,F,BE	: 	: 	: 	: 	: 	: 	6.8 	6.7 	5.6 	5.3 	6.4 	6.3 	5.6 	4.8 	4.7 b	4.3 	3.6 	4.1 	4.6 	4.3 	4.3 	4.4 	5.0 
A,Y15-24,PC_POP,F,BG	: 	: 	: 	: 	: 	: 	3.9 	5.8 b	6.3 b	7.0 	6.8 	5.8 	5.1 	3.7 	3.2 	2.7 	2.1 bu	2.9 u	2.3 u	1.8 u	2.0 u	1.8 bu	1.8 
A,Y15-24,PC_POP,F,CH	: 	: 	: 	: 	: 	: 	: 	5.8 b	5.4 	5.3 	5.9 	5.8 	5.7 	5.8 	5.4 	5.0 	4.8 	5.2 	5.4 	4.4 	4.9 	5.5 	6.0 
A,Y15-24,PC_POP,F,CY	: 	: 	: 	: 	: 	: 	5.4 	6.9 	7.9 	9.5 	13.3 	13.7 	12.1 	12.2 	9.1 	6.8 	5.7 	4.1 	6.2 	7.3 	5.9 	5.1 	4.8 
A,Y15-24,PC_POP,F,CZ	: 	: 	: 	: 	: 	: 	4.4 	4.7 	4.3 b	4.9 	5.1 	4.5 	3.9 	3.0 	2.3 	1.9 	1.6 	2.0 	2.0 	1.8 	2.1 	2.3 	2.6 
A,Y15-24,PC_POP,F,DE	: 	: 	: 	: 	: 	: 	5.1 	4.6 b	4.1 b	3.7 	3.7 	3.6 	3.2 	3.1 	3.0 	2.6 	2.4 	3.6 b	3.2 	2.8 	2.7 	3.1 	3.5 
A,Y15-24,PC_POP,F,DK	: 	: 	: 	: 	: 	: 	7.8 	8.4 	9.1 	9.0 	7.9 	7.6 	6.6 	6.6 b	7.3 b	5.6 	6.0 	6.4 	6.6 	6.6 	7.4 b	9.9 	9.2 
A,Y15-24,PC_POP,F,EA20	: 	: 	: 	: 	: 	: 	8.4 	8.7 	8.7 	9.4 	9.8 	9.3 	8.6 	8.2 	7.3 	6.6 	6.2 	6.7 	6.5 	5.7 	5.6 	5.7 	5.9 
A,Y15-24,PC_POP,F,EA21	: 	: 	: 	: 	: 	: 	8.3 	8.6 	8.7 	9.4 	9.7 	9.2 	8.6 	8.1 	7.2 	6.5 	6.1 	6.7 	6.4 	5.7 	5.6 	5.7 	5.8 
A,Y15-24,PC_POP,F,EE	: 	: 	: 	: 	: 	: 	7.4 	10.1 	7.5 	6.9 	7.5 	3.7 	4.9 	4.3 	4.0 	5.1 	5.2 	7.7 	6.0 	8.0 	7.6 	9.0 	8.0 
A,Y15-24,PC_POP,F,EL	: 	: 	: 	: 	: 	: 	9.3 	11.2 	14.0 	17.1 	16.7 	15.6 	13.6 	12.2 	12.1 	9.9 	9.0 	7.9 	7.7 	8.3 	6.8 	5.3 	4.6 
A,Y15-24,PC_POP,F,ES	: 	: 	: 	: 	: 	: 	15.1 	15.9 	17.2 	19.4 	19.6 	18.0 	15.9 	14.0 	11.8 	10.2 	10.6 	10.9 	10.8 d	9.4 d	8.8 d	8.5 d	8.2 d
A,Y15-24,PC_POP,F,EU27_2020	: 	: 	: 	: 	: 	: 	7.8 	8.3 	8.4 	9.0 	9.3 	8.8 	8.0 	7.5 	6.7 	6.0 	5.8 	6.2 	6.1 	5.5 	5.4 	5.6 	5.8 
A,Y15-24,PC_POP,F,FI	: 	: 	: 	: 	: 	: 	9.2 	9.2 	9.0 	9.2 	8.9 	9.3 	10.0 	9.9 	10.2 	9.2 	8.4 	9.7 	8.6 	7.6 	8.7 	9.8 	11.8 
A,Y15-24,PC_POP,F,FR	7.9 	8.7 	9.0 	9.6 	8.5 	7.9 	9.9 	10.1 	9.7 	9.7 	10.4 	9.4 	9.6 	9.9 	8.6 	8.2 	7.6 	8.0 	7.1 d	6.3 d	6.4 d	7.2 d	7.8 d
A,Y15-24,PC_POP,F,HR	: 	: 	: 	: 	: 	: 	8.0 	10.4 	9.4 	10.6 	12.4 	12.9 	12.1 	10.0 	8.3 	8.4 	5.2 	6.1 	7.2 	6.4 	5.5 	4.6 u	4.4 u
A,Y15-24,PC_POP,F,HU	: 	: 	: 	: 	: 	: 	5.3 	5.4 	5.3 	6.3 	6.6 	5.4 	4.4 	3.6 	3.4 	2.9 b	2.9 	3.7 	4.3 	2.6 	3.3 	4.3 	3.8 
A,Y15-24,PC_POP,F,IE	: 	: 	: 	: 	: 	: 	9.6 	10.8 	11.0 	11.4 	10.9 	9.1 	7.3 	6.5 	5.7 	5.7 	4.9 	6.6 	7.3 b	5.2 	5.8 	5.5 	6.1 
A,Y15-24,PC_POP,F,IS	: 	: 	: 	: 	: 	: 	9.0 	10.8 	8.0 	9.6 	6.3 	5.2 	5.5 	5.3 	5.8 	4.6 	4.5 	6.8 b	8.3 	4.4 	5.9 	7.8 	8.6 
A,Y15-24,PC_POP,F,IT	: 	: 	: 	: 	: 	: 	6.8 	6.8 	7.3 	9.0 	9.7 	10.3 	9.2 	9.0 	8.2 	7.6 b	6.9 	6.0 	6.6 	5.6 	5.5 	4.3 	4.1 
A,Y15-24,PC_POP,F,LT	: 	: 	: 	: 	: 	: 	5.8 	8.0 	7.1 	5.9 	5.5 	5.5 	5.1 	4.0 	3.8 	3.4 	3.3 	5.9 	5.0 	3.8 	3.6 	5.7 	3.6 
A,Y15-24,PC_POP,F,LU	: 	: 	: 	: 	: 	: 	5.2 	2.3 u	4.9 	4.6 	2.4 u	4.2 	5.3 b	5.6 	3.7 	3.8 	5.0 	6.6 	5.5 	6.5 	7.6 u	6.3 u	: u
A,Y15-24,PC_POP,F,LV	: 	: 	: 	: 	: 	: 	10.5 	12.9 	10.3 	10.6 	9.0 	7.0 	5.3 	4.5 	5.6 	4.1 	3.3 u	4.9 	4.4 	3.4 u	3.3 	4.7 	4.5 
A,Y15-24,PC_POP,F,ME	: 	: 	: 	: 	: 	: 	: 	: 	7.3 	9.1 	8.2 	8.7 	9.3 	10.2 	9.2 	6.4 	7.5 	9.9 	: 	: 	: 	: 	: 
A,Y15-24,PC_POP,F,MK	: 	: 	: 	: 	: 	: 	15.6 	12.8 	13.1 	13.6 	13.8 	13.8 	10.9 	11.2 	11.3 	9.7 	10.1 	9.0 	8.8 b	7.8 	5.8 	6.6 	6.6 
A,Y15-24,PC_POP,F,MT	: 	: 	: 	: 	: 	: 	6.1 	5.7 	6.2 	7.1 	5.2 	5.0 	4.9 	5.6 	5.1 	3.7 	4.6 	4.2 u	3.0 u	3.3 u	: u	4.3 u	5.2 
A,Y15-24,PC_POP,F,NL	: 	: 	: 	: 	: 	: 	7.9 	8.6 	8.2 	9.8 	10.6 	10.4 	9.3 	8.7 	7.7 	6.2 	5.9 	7.8 	7.3 	6.5 	6.8 	7.1 	7.2 
A,Y15-24,PC_POP,F,NO	: 	: 	: 	: 	: 	: 	6.4 	6.2 	6.1 	6.0 	6.3 	5.6 	7.0 	7.1 	6.7 	6.4 	6.9 	7.8 	7.4 	5.7 	7.0 	7.6 	8.8 
A,Y15-24,PC_POP,F,PL	: 	: 	: 	: 	: 	: 	6.2 	7.5 b	8.1 	8.5 	8.4 	7.3 	5.6 	5.2 	4.5 	3.7 	3.1 b	3.2 	3.3 	3.0 	3.1 	3.2 	3.8 
A,Y15-24,PC_POP,F,PT	: 	: 	: 	: 	: 	: 	10.4 	10.6 	11.3 	13.6 	13.4 	11.9 	11.2 	9.0 	8.3 	6.5 	6.9 	6.8 	7.2 	5.9 	6.7 	7.4 	7.0 
A,Y15-24,PC_POP,F,RO	: 	: 	: 	: 	: 	: 	4.6 	6.1 	6.5 	6.3 	6.5 	6.3 	6.3 	5.1 	5.0 	4.3 	4.4 	4.2 	4.3 	4.7 	3.9 	4.9 	5.2 
A,Y15-24,PC_POP,F,RS	: 	: 	: 	: 	: 	: 	: 	12.4 	13.4 	13.9 	14.3 	11.6 	11.7 	9.8 	9.1 	7.8 	7.0 	6.3 	7.4 	6.5 	6.7 	5.8 	6.2 
A,Y15-24,PC_POP,F,SE	: 	: 	11.3 	11.2 	10.2 	10.8 	11.9 	11.8 	11.5 	11.7 	12.1 	11.8 	10.8 	9.3 	9.1 	8.8 	10.7 	11.7 	13.2 	13.3 	12.3 	13.4 	13.7 
A,Y15-24,PC_POP,F,SI	: 	: 	: 	: 	: 	: 	4.6 	4.5 	5.2 	6.1 	6.8 	6.2 	4.5 	4.2 	4.3 	3.1 u	2.9 u	4.4 	4.5 u	4.0 u	2.7 u	3.4 u	4.5 u
A,Y15-24,PC_POP,F,SK	: 	: 	: 	: 	: 	: 	7.8 	9.5 	8.9 b	8.9 	8.7 	8.3 	8.0 	7.6 	6.2 	4.6 	5.1 	5.2 	4.5 	4.4 	3.4 	4.0 	2.9 
A,Y15-24,PC_POP,F,TR	: 	: 	: 	: 	: 	: 	5.6 	5.3 	5.0 	4.5 	5.3 	5.6 b	6.6 	7.1 	7.9 	7.8 	9.8 	8.2 	8.5 b	7.9 	7.7 	7.6 	7.6 
A,Y15-24,PC_POP,M,AT	: 	: 	: 	: 	: 	: 	7.7 	6.6 	6.1 	6.6 	6.4 	7.0 	7.4 	8.0 	6.9 	6.2 	6.1 	7.5 	6.5 	5.8 	6.4 	6.3 	7.2 
A,Y15-24,PC_POP,M,BA	: 	: 	: 	: 	: 	: 	: 	: 	: 	: 	: 	: 	: 	: 	: 	: 	: 	: 	13.4 	10.9 	9.2 	8.5 	9.5 
A,Y15-24,PC_POP,M,BE	: 	: 	: 	: 	: 	: 	7.6 	7.9 	6.5 	7.3 	8.4 	7.8 	7.9 	6.7 	6.2 b	5.2 	5.3 	4.9 	6.4 	5.9 	5.8 	6.7 	7.0 
A,Y15-24,PC_POP,M,BG	: 	: 	: 	: 	: 	: 	7.1 	9.2 b	9.7 b	11.3 	11.2 	8.4 	7.3 	5.7 	5.0 	4.5 	3.5 b	4.5 	3.8 	2.7 	3.1 	3.0 b	3.2 
A,Y15-24,PC_POP,M,CH	: 	: 	: 	: 	: 	: 	: 	5.4 b	5.2 	5.9 	6.0 	5.9 	6.2 	5.9 	5.7 	5.7 	5.9 	6.0 	5.6 	4.6 	5.5 	5.4 	5.6 
A,Y15-24,PC_POP,M,CY	: 	: 	: 	: 	: 	: 	5.7 	6.5 	9.6 	12.3 	16.8 	15.4 	12.8 	9.2 	9.0 	9.1 	7.6 	9.3 	7.9 	7.8 	7.6 	5.0 	5.6 
A,Y15-24,PC_POP,M,CZ	: 	: 	: 	: 	: 	: 	6.2 	6.6 	6.4 b	7.2 	6.9 	5.7 	4.2 	3.7 	2.7 	2.2 	1.8 	2.4 	2.4 	1.9 	2.5 	2.6 	3.2 
A,Y15-24,PC_POP,M,DE	: 	: 	: 	: 	: 	: 	7.1 	6.1 b	5.3 b	4.9 	4.7 	4.6 	4.2 	4.2 	4.1 	3.9 	3.7 	4.5 b	4.0 	3.6 	3.7 	4.1 	4.3 
A,Y15-24,PC_POP,M,DK	: 	: 	: 	: 	: 	: 	10.5 	11.5 	11.5 	10.2 	9.3 	9.0 	7.6 	7.8 b	7.7 b	7.0 	6.3 	7.6 	6.5 	6.7 	7.5 b	10.3 	10.1 
A,Y15-24,PC_POP,M,EA20	: 	: 	: 	: 	: 	: 	10.3 	10.3 	9.9 	10.9 	11.1 	10.7 	10.0 	9.2 	8.4 	7.7 	7.1 	7.6 	7.3 	6.6 	6.8 	6.8 	6.8 
A,Y15-24,PC_POP,M,EA21	: 	: 	: 	: 	: 	: 	10.2 	10.3 	9.9 	10.9 	11.1 	10.6 	10.0 	9.2 	8.3 	7.6 	7.1 	7.5 	7.2 	6.5 	6.7 	6.7 	6.7 
A,Y15-24,PC_POP,M,EE	: 	: 	: 	: 	: 	: 	13.8 	14.7 	10.3 	10.1 	7.3 	8.0 	6.8 	7.6 	6.7 	6.1 	5.0 	7.9 	7.5 	8.7 	7.5 	7.8 	9.9 
A,Y15-24,PC_POP,M,EL	: 	: 	: 	: 	: 	: 	7.1 	9.4 	12.9 	15.8 	17.7 	14.9 	13.6 	12.3 	11.1 	10.0 	8.8 	8.0 	7.0 	6.4 	6.5 	5.4 	4.7 
A,Y15-24,PC_POP,M,ES	: 	: 	: 	: 	: 	: 	18.8 	19.4 	20.5 	21.8 	22.3 	20.0 	17.6 	15.3 	13.9 	12.4 	10.9 	11.9 	11.3 d	9.9 d	10.1 d	9.5 d	8.5 d
A,Y15-24,PC_POP,M,EU27_2020	: 	: 	: 	: 	: 	: 	9.7 	10.0 	9.7 	10.5 	10.7 	10.2 	9.5 	8.7 	7.8 	7.1 	6.7 	7.2 	7.0 	6.3 	6.5 	6.6 	6.6 
A,Y15-24,PC_POP,M,FI	: 	: 	: 	: 	: 	: 	12.5 	12.3 	11.4 	10.8 	12.4 	12.0 	13.2 	11.4 	11.0 	9.1 	10.6 	12.1 	9.5 	7.7 	9.0 	10.2 	11.7 
A,Y15-24,PC_POP,M,FR	7.7 	8.3 	8.4 	8.8 	7.9 	8.0 	10.4 	9.6 	9.0 	10.1 	10.0 	10.0 	10.4 	10.0 	9.2 	8.8 	8.2 	7.8 	7.9 d	8.2 d	8.1 d	8.6 d	9.2 d
A,Y15-24,PC_POP,M,HR	: 	: 	: 	: 	: 	: 	9.4 	12.6 	13.5 	14.8 	17.2 	16.9 	15.7 	12.8 	11.2 	7.4 	6.0 	7.4 	7.1 	5.7 	6.4 	5.7 	6.4 
A,Y15-24,PC_POP,M,HU	: 	: 	: 	: 	: 	: 	7.7 	7.6 	7.3 	8.1 	7.9 	6.6 	6.3 	4.7 	3.5 	3.6 b	4.4 	4.2 	4.2 	3.8 	4.7 	5.4 	4.7 
A,Y15-24,PC_POP,M,IE	: 	: 	: 	: 	: 	: 	19.8 	19.5 	19.4 	19.4 	15.6 	13.3 	11.8 	10.3 	7.7 	7.2 	6.8 	6.9 	7.3 b	5.4 	5.7 	5.9 	6.2 
A,Y15-24,PC_POP,M,IS	: 	: 	: 	: 	: 	: 	14.0 	13.1 	13.0 	10.8 	10.1 	10.0 	8.6 	5.5 	7.1 	5.2 	9.1 	7.8 b	9.6 	8.9 	7.7 	7.1 	7.2 
A,Y15-24,PC_POP,M,IT	: 	: 	: 	: 	: 	: 	7.8 	8.8 	8.4 	11.1 	11.9 	12.8 	11.7 	10.9 	9.8 	9.0 b	8.2 	8.0 	8.1 	6.7 	6.5 	5.7 	5.1 
A,Y15-24,PC_POP,M,LT	: 	: 	: 	: 	: 	: 	11.4 	12.2 	11.2 	9.6 	8.2 	7.6 	5.9 	6.1 	5.5 	4.6 	5.5 	8.3 	5.3 	4.9 	6.2 	6.3 	6.3 
A,Y15-24,PC_POP,M,LU	: 	: 	: 	: 	: 	: 	5.8 	4.7 	3.5 	5.4 	5.6 	7.7 	6.8 b	6.0 	5.6 	5.5 	6.7 	8.4 	6.4 	5.3 	5.9 u	9.7 u	: u
A,Y15-24,PC_POP,M,LV	: 	: 	: 	: 	: 	: 	16.9 	15.8 	12.9 	12.2 	9.3 	8.8 	8.2 	9.3 	7.8 	5.1 	5.8 	5.5 	5.3 	7.6 	5.3 	4.7 	6.2 
A,Y15-24,PC_POP,M,ME	: 	: 	: 	: 	: 	: 	: 	: 	9.6 	13.2 	12.4 	12.1 	13.2 	13.2 	10.5 	12.7 	10.7 	12.2 	: 	: 	: 	: 	: 
A,Y15-24,PC_POP,M,MK	: 	: 	: 	: 	: 	: 	22.9 	22.7 	22.2 	22.3 	20.9 	20.4 	19.9 	18.8 	19.1 	18.9 	12.8 	12.9 	12.4 b	10.7 	10.0 	10.8 	11.7 
A,Y15-24,PC_POP,M,MT	: 	: 	: 	: 	: 	: 	8.8 	7.7 	7.6 	7.2 	8.3 	7.3 	7.1 	5.5 	6.1 	6.3 	6.2 	7.7 	7.0 	6.6 	6.8 u	5.8 	5.1 
A,Y15-24,PC_POP,M,NL	: 	: 	: 	: 	: 	: 	10.7 	10.8 	9.7 	10.6 	11.8 	10.9 	10.2 	10.2 	8.6 	7.8 	7.6 	8.7 	7.4 	6.0 	6.9 	7.3 	7.5 
A,Y15-24,PC_POP,M,NO	: 	: 	: 	: 	: 	: 	7.1 	8.0 	6.6 	6.9 	7.5 	6.0 	7.5 	8.0 	7.7 	6.8 	6.9 	7.9 	7.9 	7.1 	7.4 	8.3 	10.3 
A,Y15-24,PC_POP,M,PL	: 	: 	: 	: 	: 	: 	7.7 	8.8 b	9.2 	9.3 	9.8 	8.8 	7.9 	6.9 	5.8 	4.5 	3.7 b	3.7 	4.2 	3.8 	4.2 	3.7 	3.8 
A,Y15-24,PC_POP,M,PT	: 	: 	: 	: 	: 	: 	10.6 	11.3 	11.7 	14.4 	13.3 	11.9 	10.2 	9.5 	7.9 	7.3 	5.7 	6.8 	6.9 	6.1 	7.8 	7.6 	6.5 
A,Y15-24,PC_POP,M,RO	: 	: 	: 	: 	: 	: 	7.3 	8.8 	9.1 	8.5 	8.8 	8.9 	8.3 	7.4 	6.9 	6.2 	6.4 	7.0 	6.9 	6.8 	6.4 	7.1 	7.1 
A,Y15-24,PC_POP,M,RS	: 	: 	: 	: 	: 	: 	: 	18.7 	19.9 	20.3 	17.4 	17.8 	15.4 	12.6 	11.4 	10.8 	9.7 	8.8 	9.7 	9.0 	9.2 	9.1 	8.5 
A,Y15-24,PC_POP,M,SE	: 	: 	11.0 	10.3 	9.3 	9.9 	13.0 	13.0 	11.9 	12.5 	12.9 	12.9 	11.0 	10.7 	9.6 	9.3 	10.6 	12.8 	13.4 	11.5 	13.0 	14.1 	14.1 
A,Y15-24,PC_POP,M,SI	: 	: 	: 	: 	: 	: 	6.1 	6.5 	6.1 	7.4 	7.2 	6.9 	6.6 	5.6 	4.1 	3.4 u	2.8 u	4.2 	4.2 u	3.3 u	4.3 u	4.6 	4.1 u
A,Y15-24,PC_POP,M,SK	: 	: 	: 	: 	: 	: 	10.4 	12.7 	12.4 b	13.1 	13.2 	11.3 	9.9 	7.9 	7.2 	5.7 	5.2 	6.4 	6.3 	6.2 	7.2 	6.2 	5.0 
A,Y15-24,PC_POP,M,TR	: 	: 	: 	: 	: 	: 	11.6 	9.6 	8.0 	7.2 	7.9 	9.0 b	8.9 	9.3 	9.8 	9.8 	12.5 	11.3 	10.3 b	9.2 	8.2 	7.8 	7.0 
A,Y15-24,PC_POP,T,AT	: 	: 	: 	: 	: 	: 	6.8 	5.9 	5.7 	6.0 	6.1 	6.4 	6.5 	6.9 	5.9 	5.7 	5.2 	6.6 	6.2 	5.4 	6.2 	5.9 	6.6 
A,Y15-24,PC_POP,T,BA	: 	: 	: 	: 	: 	: 	: 	: 	: 	: 	: 	: 	: 	: 	: 	: 	: 	: 	12.2 	9.9 	7.5 	7.1 	7.8 
A,Y15-24,PC_POP,T,BE	: 	: 	: 	: 	: 	: 	7.2 	7.3 	6.0 	6.3 	7.4 	7.1 	6.8 	5.8 	5.5 b	4.8 	4.5 	4.5 	5.5 	5.1 	5.1 	5.6 	6.0 
A,Y15-24,PC_POP,T,BG	: 	: 	: 	: 	: 	: 	5.5 	7.6 b	8.1 b	9.2 	9.1 	7.1 	6.2 	4.7 	4.1 	3.6 	2.8 b	3.7 	3.1 	2.3 	2.6 	2.4 b	2.5 
A,Y15-24,PC_POP,T,CH	: 	: 	: 	: 	: 	: 	: 	5.6 b	5.3 	5.6 	5.9 	5.8 	6.0 	5.9 	5.5 	5.4 	5.3 	5.6 	5.5 	4.5 	5.2 	5.4 	5.8 
A,Y15-24,PC_POP,T,CY	: 	: 	: 	: 	: 	: 	5.6 	6.7 	8.7 	10.8 	14.9 	14.5 	12.4 	10.8 	9.0 	7.9 	6.7 	6.7 	7.1 	7.5 	6.8 	5.1 	5.2 
A,Y15-24,PC_POP,T,CZ	: 	: 	: 	: 	: 	: 	5.3 	5.7 	5.4 b	6.1 	6.0 	5.1 	4.1 	3.4 	2.5 	2.0 	1.7 	2.2 	2.2 	1.9 	2.3 	2.5 	2.9 
A,Y15-24,PC_POP,T,DE	: 	: 	: 	: 	: 	: 	6.1 	5.3 b	4.7 b	4.3 	4.2 	4.1 	3.7 	3.7 	3.5 	3.3 	3.1 	4.1 b	3.6 	3.2 	3.2 	3.6 	3.9 
A,Y15-24,PC_POP,T,DK	: 	: 	: 	: 	: 	: 	9.1 	10.0 	10.4 	9.6 	8.6 	8.3 	7.1 	7.2 b	7.5 b	6.3 	6.1 	7.0 	6.5 	6.6 	7.4 b	10.1 	9.6 
A,Y15-24,PC_POP,T,EA20	: 	: 	: 	: 	: 	: 	9.4 	9.5 	9.4 	10.2 	10.5 	10.0 	9.3 	8.7 	7.9 	7.1 	6.7 	7.1 	6.9 	6.2 	6.2 	6.3 	6.3 
A,Y15-24,PC_POP,T,EA21	: 	: 	: 	: 	: 	: 	9.3 	9.4 	9.3 	10.2 	10.4 	9.9 	9.3 	8.6 	7.8 	7.1 	6.6 	7.1 	6.8 	6.1 	6.2 	6.2 	6.3 
A,Y15-24,PC_POP,T,EE	: 	: 	: 	: 	: 	: 	10.7 	12.4 	9.0 	8.5 	7.4 	5.9 	5.9 	6.0 	5.4 	5.6 	5.1 	7.8 	6.7 	8.3 	7.5 	8.4 	8.9 
A,Y15-24,PC_POP,T,EL	: 	: 	: 	: 	: 	: 	8.2 	10.3 	13.4 	16.5 	17.2 	15.3 	13.6 	12.3 	11.6 	10.0 	8.9 	8.0 	7.4 	7.3 	6.7 	5.4 	4.6 
A,Y15-24,PC_POP,T,ES	: 	: 	: 	: 	: 	: 	17.0 	17.7 	18.9 	20.6 	21.0 	19.0 	16.8 	14.7 	12.9 	11.3 	10.7 	11.4 	11.0 d	9.7 d	9.5 d	9.0 d	8.4 d
A,Y15-24,PC_POP,T,EU27_2020	: 	: 	: 	: 	: 	: 	8.8 	9.1 	9.1 	9.8 	10.0 	9.5 	8.8 	8.1 	7.3 	6.6 	6.2 	6.7 	6.6 	5.9 	6.0 	6.1 	6.2 
A,Y15-24,PC_POP,T,FI	: 	: 	: 	: 	: 	: 	10.8 	10.8 	10.2 	10.0 	10.6 	10.7 	11.6 	10.6 	10.6 	9.1 	9.5 	10.9 	9.1 	7.7 	8.8 	10.0 	11.7 
A,Y15-24,PC_POP,T,FR	7.8 	8.5 	8.7 	9.2 	8.2 	7.9 	10.1 	9.9 	9.4 	9.9 	10.2 	9.7 	10.0 	9.9 	8.9 	8.5 	7.9 	7.9 	7.5 d	7.3 d	7.3 d	7.9 d	8.5 d
A,Y15-24,PC_POP,T,HR	: 	: 	: 	: 	: 	: 	8.7 	11.5 	11.5 	12.7 	14.9 	14.9 	13.9 	11.4 	9.8 	7.9 	5.6 	6.8 	7.1 	6.0 	5.9 	5.2 	5.4 
A,Y15-24,PC_POP,T,HU	: 	: 	: 	: 	: 	: 	6.5 	6.5 	6.3 	7.2 	7.3 	6.0 	5.4 	4.2 	3.5 	3.3 b	3.7 	4.0 	4.2 	3.2 	4.0 	4.9 	4.3 
A,Y15-24,PC_POP,T,IE	: 	: 	: 	: 	: 	: 	14.7 	15.2 	15.2 	15.5 	13.3 	11.2 	9.6 	8.5 	6.7 	6.4 	5.9 	6.8 	7.3 b	5.3 	5.7 	5.7 	6.2 
A,Y15-24,PC_POP,T,IS	: 	: 	: 	: 	: 	: 	11.6 	12.0 	10.6 	10.2 	8.3 	7.7 	7.1 	5.4 	6.5 	4.9 	6.9 	7.3 b	9.0 	6.7 	6.9 	7.5 	7.9 
A,Y15-24,PC_POP,T,IT	: 	: 	: 	: 	: 	: 	7.3 	7.8 	7.9 	10.1 	10.8 	11.6 	10.5 	10.0 	9.0 	8.4 b	7.6 	7.1 	7.4 	6.2 	6.0 	5.0 	4.6 
A,Y15-24,PC_POP,T,LT	: 	: 	: 	: 	: 	: 	8.7 	10.2 	9.2 	7.8 	6.9 	6.6 	5.5 	5.1 	4.6 	4.1 	4.4 	7.2 	5.2 	4.3 	4.9 	6.0 	5.0 
A,Y15-24,PC_POP,T,LU	: 	: 	: 	: 	: 	: 	5.5 	3.5 	4.2 	5.0 	4.0 	6.0 	6.1 b	5.8 	4.7 	4.7 	5.9 	7.5 	6.0 	5.9 	6.7 	8.1 	: u
A,Y15-24,PC_POP,T,LV	: 	: 	: 	: 	: 	: 	13.7 	14.4 	11.6 	11.5 	9.1 	7.9 	6.7 	6.9 	6.8 	4.6 	4.6 	5.2 	4.8 	5.5 	4.3 	4.7 	5.3 
A,Y15-24,PC_POP,T,ME	: 	: 	: 	: 	: 	: 	: 	: 	8.5 	11.2 	10.3 	10.5 	11.3 	11.8 	9.9 	9.7 	9.2 	11.1 	: 	: 	: 	: 	: 
A,Y15-24,PC_POP,T,MK	: 	: 	: 	: 	: 	: 	19.3 	17.9 	17.7 	18.1 	17.5 	17.2 	15.5 	15.1 	15.3 	14.5 	11.4 	11.0 	10.6 b	9.3 	7.9 	8.7 	9.2 
A,Y15-24,PC_POP,T,MT	: 	: 	: 	: 	: 	: 	7.5 	6.7 	6.9 	7.2 	6.8 	6.2 	6.0 	5.5 	5.6 	5.1 	5.5 	6.1 	5.2 	5.1 	5.1 	5.1 	5.1 
A,Y15-24,PC_POP,T,NL	: 	: 	: 	: 	: 	: 	9.3 	9.7 	8.9 	10.2 	11.2 	10.7 	9.8 	9.5 	8.1 	7.0 	6.7 	8.3 	7.4 	6.2 	6.9 	7.2 	7.4 
A,Y15-24,PC_POP,T,NO	: 	: 	: 	: 	: 	: 	6.8 	7.1 	6.4 	6.5 	6.9 	5.8 	7.3 	7.6 	7.2 	6.6 	6.9 	7.8 	7.7 	6.4 	7.2 	8.0 	9.5 
A,Y15-24,PC_POP,T,PL	: 	: 	: 	: 	: 	: 	7.0 	8.2 b	8.6 	8.9 	9.1 	8.1 	6.8 	6.1 	5.1 	4.1 	3.4 b	3.4 	3.7 	3.4 	3.7 	3.5 	3.8 
A,Y15-24,PC_POP,T,PT	: 	: 	: 	: 	: 	: 	10.5 	11.0 	11.5 	14.0 	13.4 	11.9 	10.7 	9.3 	8.1 	6.9 	6.3 	6.8 	7.0 	6.0 	7.3 	7.5 	6.7 
A,Y15-24,PC_POP,T,RO	: 	: 	: 	: 	: 	: 	6.0 	7.5 	7.8 	7.4 	7.7 	7.6 	7.3 	6.3 	6.0 	5.3 	5.4 	5.6 	5.6 	5.8 	5.2 	6.0 	6.2 
A,Y15-24,PC_POP,T,RS	: 	: 	: 	: 	: 	: 	: 	15.6 	16.7 	17.2 	15.9 	14.7 	13.6 	11.2 	10.3 	9.3 	8.4 	7.6 	8.6 	7.8 	8.0 	7.5 	7.4 
A,Y15-24,PC_POP,T,SE	: 	: 	11.2 	10.7 	9.7 	10.4 	12.5 	12.4 	11.7 	12.1 	12.5 	12.4 	10.9 	10.0 	9.4 	9.1 	10.6 	12.3 	13.3 	12.3 	12.7 	13.8 	13.9 
A,Y15-24,PC_POP,T,SI	: 	: 	: 	: 	: 	: 	5.4 	5.6 	5.7 	6.8 	7.0 	6.6 	5.6 	4.9 	4.2 	3.3 	2.8 	4.3 	4.3 	3.6 	3.6 	4.1 	4.3 
A,Y15-24,PC_POP,T,SK	: 	: 	: 	: 	: 	: 	9.1 	11.1 	10.7 b	11.0 	11.0 	9.8 	9.0 	7.8 	6.7 	5.2 	5.2 	5.8 	5.4 	5.3 	5.3 	5.2 	3.9 
A,Y15-24,PC_POP,T,TR	: 	: 	: 	: 	: 	: 	8.5 	7.4 	6.4 	5.9 	6.6 	7.3 b	7.7 	8.2 	8.9 	8.8 	11.2 	9.8 	9.5 b	8.5 	8.0 	7.7 	7.3 
A,Y15-24,THS_PER,F,AT	: 	: 	: 	: 	: 	: 	29 	26 	26 	26 	28 	28 	28 	28 	23 	25 	20 	25 	26 	23 	27 	24 	27 
A,Y15-24,THS_PER,F,BA	: 	: 	: 	: 	: 	: 	: 	: 	: 	: 	: 	: 	: 	: 	: 	: 	: 	: 	21 	17 	10 	10 	10 
A,Y15-24,THS_PER,F,BE	: 	: 	: 	: 	: 	: 	44 	43 	37 	35 	42 	41 	36 	31 	30 b	27 	23 	26 	29 	28 	29 	29 	34 
A,Y15-24,THS_PER,F,BG	: 	: 	: 	: 	: 	: 	19 	26 b	26 b	28 	26 	21 	17 	12 	10 	8 	6 bu	8 u	6 u	5 u	6 u	5 bu	5 
A,Y15-24,THS_PER,F,CH	: 	: 	: 	: 	: 	: 	: 	27 b	24 	24 	27 	26 	26 	26 	24 	22 	21 	22 	23 	19 	21 	24 	26 
A,Y15-24,THS_PER,F,CY	: 	: 	: 	: 	: 	: 	3 	4 	4 	5 	8 	8 	6 	6 	5 	3 	2 	2 	2 	3 	2 	2 	2 
A,Y15-24,THS_PER,F,CZ	: 	: 	: 	: 	: 	: 	28 	29 	26 b	29 	28 	24 	21 	15 	11 	9 	7 	9 	9 	9 	11 	13 	14 
A,Y15-24,THS_PER,F,DE	: 	: 	: 	: 	: 	: 	233 	198 b	177 b	157 	152 	146 	130 	124 	118 	103 	97 	141 b	125 	110 	108 	125 	139 
A,Y15-24,THS_PER,F,DK	: 	: 	: 	: 	: 	: 	25 	28 	31 	31 	27 	26 	23 	24 b	26 b	20 	21 	22 	23 	23 	26 b	35 	33 
A,Y15-24,THS_PER,F,EA20	: 	: 	: 	: 	: 	: 	1598 	1615 	1608 	1717 	1758 	1656 	1524 	1434 	1277 	1150 	1084 	1181 	1140 	1016 	1013 	1036 	1069 
A,Y15-24,THS_PER,F,EA21	: 	: 	: 	: 	: 	: 	1616 	1641 	1634 	1745 	1783 	1677 	1542 	1446 	1287 	1158 	1089 	1188 	1146 	1021 	1019 	1042 	1075 
A,Y15-24,THS_PER,F,EE	: 	: 	: 	: 	: 	: 	7 	9 	6 	5 	6 	3 	3 	3 	3 	3 	3 	5 	4 	5 	5 	6 	6 
A,Y15-24,THS_PER,F,EL	: 	: 	: 	: 	: 	: 	57 	66 	81 	98 	93 	86 	74 	65 	64 	52 	47 	41 	40 	43 	36 	28 	24 
A,Y15-24,THS_PER,F,ES	: 	: 	: 	: 	: 	: 	367 	377 	401 	439 	436 	394 	347 	306 	259 	229 	241 	254 	252 d	226 d	220 d	216 d	215 d
A,Y15-24,THS_PER,F,EU27_2020	: 	: 	: 	: 	: 	: 	2002 	2060 	2060 	2178 	2203 	2048 	1852 	1711 	1527 	1360 	1289 	1399 	1370 	1238 	1234 	1292 	1340 
A,Y15-24,THS_PER,F,FI	: 	: 	: 	: 	: 	: 	30 	30 	29 	30 	28 	29 	31 	31 	31 	28 	25 	28 	26 	22 	26 	30 	37 
A,Y15-24,THS_PER,F,FR	302 	333 	348 	370 	326 	302 	373 	379 	362 	361 	382 	345 	354 	366 	320 	308 	285 	305 	273 d	245 d	248 d	284 d	303 d
A,Y15-24,THS_PER,F,HR	: 	: 	: 	: 	: 	: 	20 	26 	23 	26 	30 	30 	28 	22 	18 	17 	10 	12 	14 	12 	10 	9 u	8 u
A,Y15-24,THS_PER,F,HU	: 	: 	: 	: 	: 	: 	31 	32 	31 	36 	37 	30 	24 	19 	17 	14 b	14 	17 	20 	12 	16 	20 	18 
A,Y15-24,THS_PER,F,IE	: 	: 	: 	: 	: 	: 	31 	33 	31 	32 	30 	25 	20 	19 	17 	17 	15 	21 	23 b	17 	19 	18 	21 
A,Y15-24,THS_PER,F,IS	: 	: 	: 	: 	: 	: 	2 	2 	2 	2 	1 	1 	1 	1 	1 	1 	1 	1 b	2 	1 	1 	2 	2 
A,Y15-24,THS_PER,F,IT	: 	: 	: 	: 	: 	: 	197 	199 	214 	263 	282 	297 	264 	255 	232 	213 b	191 	169 	184 	155 	153 	121 	116 
A,Y15-24,THS_PER,F,LT	: 	: 	: 	: 	: 	: 	13 	18 	15 	12 	11 	10 	9 	7 	6 	5 	5 	8 	7 	5 	5 	8 	5 
A,Y15-24,THS_PER,F,LU	: 	: 	: 	: 	: 	: 	1 	1 u	1 	1 	1 u	1 	2 b	2 	1 	1 	2 	2 	2 	2 	3 u	2 u	: u
A,Y15-24,THS_PER,F,LV	: 	: 	: 	: 	: 	: 	16 	19 	14 	13 	10 	7 	5 	4 	5 	3 	3 u	4 	4 	3 u	3 	4 	4 
A,Y15-24,THS_PER,F,ME	: 	: 	: 	: 	: 	: 	: 	: 	3 	4 	4 	4 	4 	4 	4 	3 	3 	4 	: 	: 	: 	: 	: 
A,Y15-24,THS_PER,F,MK	: 	: 	: 	: 	: 	: 	24 	20 	20 	20 	20 	19 	15 	15 	15 	12 	12 	11 	9 b	8 	6 	7 	7 
A,Y15-24,THS_PER,F,MT	: 	: 	: 	: 	: 	: 	2 	2 	2 	2 	1 	1 	1 	1 	1 	1 	1 	1 u	1 u	1 u	: u	1 u	1 
A,Y15-24,THS_PER,F,NL	: 	: 	: 	: 	: 	: 	77 	85 	81 	98 	106 	105 	94 	88 	79 	64 	61 	82 	76 	69 	73 	76 	76 
A,Y15-24,THS_PER,F,NO	: 	: 	: 	: 	: 	: 	19 	19 	19 	19 	21 	18 	23 	23 	22 	20 	22 	25 	23 	18 	22 	24 	28 
A,Y15-24,THS_PER,F,PL	: 	: 	: 	: 	: 	: 	161 	185 b	190 	193 	183 	153 	115 	102 	83 	67 	55 b	56 	57 	52 	54 	55 	67 
A,Y15-24,THS_PER,F,PT	: 	: 	: 	: 	: 	: 	60 	61 	64 	76 	74 	65 	61 	49 	44 	35 	37 	36 	38 	32 	36 	39 	38 
A,Y15-24,THS_PER,F,RO	: 	: 	: 	: 	: 	: 	69 	74 	78 	74 	73 	69 	66 	53 	52 	44 	44 	42 	42 	47 	38 	49 	53 
A,Y15-24,THS_PER,F,RS	: 	: 	: 	: 	: 	: 	: 	49 	52 	53 	54 	42 	42 	35 	32 	27 	24 	21 	25 	21 	22 	19 	20 
A,Y15-24,THS_PER,F,SE	: 	: 	61 	62 	58 	64 	71 	72 	70 	70 	71 	69 	62 	52 	50 	49 	59 	64 	73 	74 	70 	78 	81 
A,Y15-24,THS_PER,F,SI	: 	: 	: 	: 	: 	: 	5 	5 	6 	6 	7 	6 	4 	4 	4 	3 u	3 u	4 	4 u	4 u	3 u	3 u	4 u
A,Y15-24,THS_PER,F,SK	: 	: 	: 	: 	: 	: 	31 	37 	33 b	32 	30 	28 	26 	24 	19 	13 	14 	14 	12 	11 	9 	10 	7 
A,Y15-24,THS_PER,F,TR	: 	: 	: 	: 	: 	: 	329 	312 	292 	263 	307 	328 b	387 	421 	465 	451 	566 	472 	497 b	461 	442 	430 	424 
A,Y15-24,THS_PER,M,AT	: 	: 	: 	: 	: 	: 	38 	32 	30 	32 	31 	34 	36 	40 	33 	29 	28 	34 	29 	26 	29 	29 	33 
A,Y15-24,THS_PER,M,BA	: 	: 	: 	: 	: 	: 	: 	: 	: 	: 	: 	: 	: 	: 	: 	: 	: 	: 	28 	22 	17 	16 	18 
A,Y15-24,THS_PER,M,BE	: 	: 	: 	: 	: 	: 	50 	53 	43 	49 	57 	52 	53 	45 	41 b	34 	35 	32 	43 	40 	40 	47 	49 
A,Y15-24,THS_PER,M,BG	: 	: 	: 	: 	: 	: 	35 	43 b	43 b	47 	45 	32 	27 	20 	17 	15 	10 b	12 	11 	8 	9 	9 b	10 
A,Y15-24,THS_PER,M,CH	: 	: 	: 	: 	: 	: 	: 	25 b	25 	28 	28 	28 	29 	28 	26 	26 	27 	27 	25 	21 	25 	25 	26 
A,Y15-24,THS_PER,M,CY	: 	: 	: 	: 	: 	: 	3 	3 	5 	6 	8 	8 	6 	4 	4 	4 	3 	4 	3 	3 	3 	2 	2 
A,Y15-24,THS_PER,M,CZ	: 	: 	: 	: 	: 	: 	42 	44 	41 b	44 	40 	32 	23 	20 	14 	11 	9 	12 	12 	10 	13 	14 	19 
A,Y15-24,THS_PER,M,DE	: 	: 	: 	: 	: 	: 	334 	270 b	235 b	215 	206 	197 	179 	183 	178 	167 	159 	191 b	168 	151 	156 	176 	183 
A,Y15-24,THS_PER,M,DK	: 	: 	: 	: 	: 	: 	35 	39 	41 	37 	34 	33 	28 	29 b	29 b	26 	23 	28 	23 	24 	27 b	37 	37 
A,Y15-24,THS_PER,M,EA20	: 	: 	: 	: 	: 	: 	2006 	1967 	1883 	2049 	2071 	1969 	1840 	1704 	1543 	1411 	1308 	1394 	1341 	1227 	1276 	1294 	1298 
A,Y15-24,THS_PER,M,EA21	: 	: 	: 	: 	: 	: 	2042 	2009 	1926 	2097 	2116 	2001 	1866 	1723 	1560 	1426 	1318 	1407 	1351 	1234 	1285 	1303 	1308 
A,Y15-24,THS_PER,M,EE	: 	: 	: 	: 	: 	: 	13 	13 	9 	8 	6 	6 	5 	5 	4 	4 	3 	5 	5 	5 	5 	5 	7 
A,Y15-24,THS_PER,M,EL	: 	: 	: 	: 	: 	: 	43 	55 	73 	89 	98 	81 	72 	65 	58 	52 	46 	42 	37 	34 	35 	29 	26 
A,Y15-24,THS_PER,M,ES	: 	: 	: 	: 	: 	: 	480 	481 	493 	517 	515 	457 	404 	350 	319 	289 	260 	294 	278 d	252 d	267 d	257 d	238 d
A,Y15-24,THS_PER,M,EU27_2020	: 	: 	: 	: 	: 	: 	2564 	2563 	2470 	2633 	2648 	2482 	2285 	2087 	1868 	1689 	1573 	1685 	1636 	1496 	1570 	1611 	1622 
A,Y15-24,THS_PER,M,FI	: 	: 	: 	: 	: 	: 	40 	39 	36 	34 	39 	38 	41 	35 	34 	27 	32 	36 	28 	23 	27 	31 	36 
A,Y15-24,THS_PER,M,FR	291 	317 	321 	337 	302 	304 	396 	366 	341 	377 	372 	373 	390 	373 	348 	335 	315 	304 	312 d	326 d	326 d	350 d	375 d
A,Y15-24,THS_PER,M,HR	: 	: 	: 	: 	: 	: 	25 	33 	35 	37 	43 	41 	37 	29 	25 	16 	13 	15 	14 	12 	13 	12 	13 
A,Y15-24,THS_PER,M,HU	: 	: 	: 	: 	: 	: 	47 	46 	44 	49 	47 	38 	35 	26 	19 	19 b	22 	21 	20 	19 	23 	27 	23 
A,Y15-24,THS_PER,M,IE	: 	: 	: 	: 	: 	: 	63 	60 	57 	56 	45 	39 	34 	30 	23 	22 	22 	22 	24 b	18 	20 	21 	23 
A,Y15-24,THS_PER,M,IS	: 	: 	: 	: 	: 	: 	3 	3 	3 	2 	2 	2 	2 	1 	1 	1 	2 	2 b	2 	2 	2 	2 	2 
A,Y15-24,THS_PER,M,IT	: 	: 	: 	: 	: 	: 	240 	271 	259 	341 	366 	388 	355 	328 	294 	271 b	246 	239 	243 	201 	195 	172 	156 
A,Y15-24,THS_PER,M,LT	: 	: 	: 	: 	: 	: 	28 	28 	24 	20 	17 	15 	11 	11 	9 	7 	8 	12 	8 	7 	9 	9 	9 
A,Y15-24,THS_PER,M,LU	: 	: 	: 	: 	: 	: 	2 	1 	1 	2 	2 	2 	2 b	2 	2 	2 	2 	3 	2 	2 	2 u	4 u	: u
A,Y15-24,THS_PER,M,LV	: 	: 	: 	: 	: 	: 	27 	24 	18 	16 	11 	10 	8 	9 	7 	4 	5 	5 	5 	7 	5 	5 	6 
A,Y15-24,THS_PER,M,ME	: 	: 	: 	: 	: 	: 	: 	: 	4 	6 	6 	6 	6 	6 	5 	6 	5 	5 	: 	: 	: 	: 	: 
A,Y15-24,THS_PER,M,MK	: 	: 	: 	: 	: 	: 	38 	37 	36 	35 	32 	31 	29 	27 	26 	25 	17 	16 	13 b	12 	11 	11 	12 
A,Y15-24,THS_PER,M,MT	: 	: 	: 	: 	: 	: 	3 	2 	2 	2 	2 	2 	2 	2 	2 	2 	2 	2 	2 	2 	2 u	2 	1 
A,Y15-24,THS_PER,M,NL	: 	: 	: 	: 	: 	: 	108 	110 	98 	109 	123 	113 	107 	107 	91 	83 	81 	94 	80 	65 	76 	81 	83 
A,Y15-24,THS_PER,M,NO	: 	: 	: 	: 	: 	: 	22 	26 	22 	23 	25 	20 	26 	27 	26 	23 	23 	26 	26 	23 	25 	28 	35 
A,Y15-24,THS_PER,M,PL	: 	: 	: 	: 	: 	: 	202 	227 b	227 	222 	225 	195 	171 	143 	114 	85 	70 b	69 	76 	68 	75 	67 	69 
A,Y15-24,THS_PER,M,PT	: 	: 	: 	: 	: 	: 	64 	66 	68 	82 	76 	67 	57 	53 	44 	41 	31 	38 	39 	34 	43 	42 	36 
A,Y15-24,THS_PER,M,RO	: 	: 	: 	: 	: 	: 	114 	114 	116 	106 	106 	104 	94 	82 	76 	67 	68 	73 	71 	71 	66 	75 	77 
A,Y15-24,THS_PER,M,RS	: 	: 	: 	: 	: 	: 	: 	77 	81 	81 	68 	68 	58 	47 	41 	39 	35 	31 	34 	31 	32 	31 	29 
A,Y15-24,THS_PER,M,SE	: 	: 	61 	59 	55 	61 	81 	83 	76 	79 	80 	79 	67 	64 	58 	56 	63 	77 	81 	70 	80 	88 	88 
A,Y15-24,THS_PER,M,SI	: 	: 	: 	: 	: 	: 	8 	8 	7 	9 	8 	7 	7 	6 	4 	3 u	3 u	4 	5 u	4 u	5 u	5 	5 u
A,Y15-24,THS_PER,M,SK	: 	: 	: 	: 	: 	: 	43 	51 	48 b	49 	48 	39 	34 	26 	23 	17 	15 	18 	18 	17 	19 	17 	14 
A,Y15-24,THS_PER,M,TR	: 	: 	: 	: 	: 	: 	652 	540 	450 	415 	453 	525 b	525 	557 	588 	589 	738 	674 	631 b	562 	499 	469 	418 
A,Y15-24,THS_PER,T,AT	: 	: 	: 	: 	: 	: 	67 	59 	56 	58 	60 	63 	64 	68 	57 	54 	47 	59 	55 	49 	56 	53 	60 
A,Y15-24,THS_PER,T,BA	: 	: 	: 	: 	: 	: 	: 	: 	: 	: 	: 	: 	: 	: 	: 	: 	: 	: 	49 	38 	28 	26 	28 
A,Y15-24,THS_PER,T,BE	: 	: 	: 	: 	: 	: 	94 	96 	80 	84 	98 	94 	89 	76 	71 b	61 	58 	58 	72 	68 	69 	76 	83 
A,Y15-24,THS_PER,T,BG	: 	: 	: 	: 	: 	: 	54 	68 b	69 b	75 	70 	52 	44 	32 	27 	23 	15 b	20 	17 	13 	15 	14 b	15 
A,Y15-24,THS_PER,T,CH	: 	: 	: 	: 	: 	: 	: 	52 b	49 	52 	55 	54 	55 	54 	50 	48 	47 	49 	48 	40 	47 	48 	52 
A,Y15-24,THS_PER,T,CY	: 	: 	: 	: 	: 	: 	6 	7 	9 	11 	16 	15 	12 	10 	9 	8 	5 	5 	6 	6 	5 	4 	4 
A,Y15-24,THS_PER,T,CZ	: 	: 	: 	: 	: 	: 	71 	73 	67 b	73 	69 	56 	44 	35 	25 	20 	16 	21 	22 	18 	24 	27 	33 
A,Y15-24,THS_PER,T,DE	: 	: 	: 	: 	: 	: 	567 	467 b	412 b	372 	357 	343 	309 	306 	296 	270 	255 	332 b	292 	261 	264 	301 	322 
A,Y15-24,THS_PER,T,DK	: 	: 	: 	: 	: 	: 	60 	67 	71 	68 	61 	59 	51 	53 b	55 b	46 	44 	50 	46 	47 	53 b	72 	70 
A,Y15-24,THS_PER,T,EA20	: 	: 	: 	: 	: 	: 	3604 	3582 	3491 	3767 	3829 	3626 	3364 	3138 	2820 	2561 	2392 	2575 	2481 	2242 	2289 	2330 	2367 
A,Y15-24,THS_PER,T,EA21	: 	: 	: 	: 	: 	: 	3658 	3650 	3560 	3842 	3899 	3678 	3408 	3170 	2847 	2584 	2407 	2595 	2498 	2255 	2304 	2344 	2382 
A,Y15-24,THS_PER,T,EE	: 	: 	: 	: 	: 	: 	20 	22 	15 	14 	11 	8 	8 	8 	7 	7 	6 	9 	8 	10 	10 	12 	13 
A,Y15-24,THS_PER,T,EL	: 	: 	: 	: 	: 	: 	100 	122 	155 	186 	191 	167 	146 	130 	122 	104 	92 	83 	77 	77 	70 	57 	50 
A,Y15-24,THS_PER,T,ES	: 	: 	: 	: 	: 	: 	847 	858 	894 	956 	951 	851 	751 	656 	578 	517 	501 	548 	530 d	478 d	486 d	473 d	453 d
A,Y15-24,THS_PER,T,EU27_2020	: 	: 	: 	: 	: 	: 	4566 	4623 	4530 	4811 	4851 	4530 	4137 	3798 	3396 	3049 	2862 	3083 	3006 	2734 	2804 	2904 	2961 
A,Y15-24,THS_PER,T,FI	: 	: 	: 	: 	: 	: 	69 	69 	65 	64 	68 	67 	72 	66 	65 	55 	56 	64 	53 	45 	53 	61 	72 
A,Y15-24,THS_PER,T,FR	593 	650 	668 	707 	628 	606 	769 	744 	703 	738 	754 	717 	744 	739 	668 	643 	600 	609 	585 d	571 d	574 d	633 d	678 d
A,Y15-24,THS_PER,T,HR	: 	: 	: 	: 	: 	: 	45 	58 	58 	63 	72 	71 	65 	51 	42 	33 	23 	27 	28 	24 	23 	20 	21 
A,Y15-24,THS_PER,T,HU	: 	: 	: 	: 	: 	: 	79 	78 	74 	85 	84 	68 	59 	45 	36 	32 b	36 	38 	40 	30 	39 	47 	41 
A,Y15-24,THS_PER,T,IE	: 	: 	: 	: 	: 	: 	94 	92 	88 	88 	75 	64 	55 	49 	40 	39 	36 	43 	47 b	35 	38 	39 	43 
A,Y15-24,THS_PER,T,IS	: 	: 	: 	: 	: 	: 	5 	5 	4 	4 	3 	3 	3 	2 	3 	2 	3 	3 b	4 	3 	3 	3 	4 
A,Y15-24,THS_PER,T,IT	: 	: 	: 	: 	: 	: 	437 	470 	473 	603 	648 	686 	619 	584 	526 	484 b	437 	407 	427 	356 	347 	293 	272 
A,Y15-24,THS_PER,T,LT	: 	: 	: 	: 	: 	: 	41 	47 	39 	32 	27 	25 	20 	18 	15 	12 	13 	20 	14 	12 	14 	17 	14 
A,Y15-24,THS_PER,T,LU	: 	: 	: 	: 	: 	: 	3 	2 	2 	3 	2 	4 	4 b	4 	3 	3 	4 	5 	4 	4 	5 	6 	: u
A,Y15-24,THS_PER,T,LV	: 	: 	: 	: 	: 	: 	44 	42 	32 	29 	22 	17 	14 	13 	12 	8 	8 	9 	8 	10 	8 	9 	10 
A,Y15-24,THS_PER,T,ME	: 	: 	: 	: 	: 	: 	: 	: 	7 	10 	9 	9 	10 	10 	9 	8 	8 	9 	: 	: 	: 	: 	: 
A,Y15-24,THS_PER,T,MK	: 	: 	: 	: 	: 	: 	62 	57 	56 	55 	52 	50 	44 	41 	41 	37 	29 	27 	22 b	19 	17 	18 	19 
A,Y15-24,THS_PER,T,MT	: 	: 	: 	: 	: 	: 	4 	4 	4 	4 	4 	3 	3 	3 	3 	3 	3 	3 	3 	3 	3 	3 	3 
A,Y15-24,THS_PER,T,NL	: 	: 	: 	: 	: 	: 	186 	195 	180 	207 	229 	218 	201 	195 	169 	147 	143 	176 	156 	134 	149 	157 	160 
A,Y15-24,THS_PER,T,NO	: 	: 	: 	: 	: 	: 	42 	45 	41 	42 	46 	38 	48 	50 	48 	43 	45 	51 	49 	41 	47 	52 	63 
A,Y15-24,THS_PER,T,PL	: 	: 	: 	: 	: 	: 	363 	412 b	418 	415 	407 	348 	286 	244 	197 	151 	124 b	124 	133 	120 	129 	123 	136 
A,Y15-24,THS_PER,T,PT	: 	: 	: 	: 	: 	: 	124 	127 	132 	158 	149 	132 	118 	102 	89 	76 	68 	74 	77 	66 	79 	81 	74 
A,Y15-24,THS_PER,T,RO	: 	: 	: 	: 	: 	: 	183 	188 	194 	180 	180 	173 	160 	136 	128 	111 	112 	115 	114 	118 	104 	125 	130 
A,Y15-24,THS_PER,T,RS	: 	: 	: 	: 	: 	: 	: 	126 	133 	134 	121 	110 	100 	81 	73 	66 	59 	53 	59 	53 	54 	50 	50 
A,Y15-24,THS_PER,T,SE	: 	: 	123 	122 	114 	124 	153 	154 	145 	149 	152 	148 	128 	117 	108 	104 	122 	141 	154 	145 	151 	166 	170 
A,Y15-24,THS_PER,T,SI	: 	: 	: 	: 	: 	: 	13 	13 	13 	15 	15 	14 	11 	10 	8 	6 	5 	8 	9 	7 	7 	8 	9 
A,Y15-24,THS_PER,T,SK	: 	: 	: 	: 	: 	: 	75 	88 	81 b	80 	78 	67 	59 	49 	41 	30 	29 	32 	29 	28 	28 	27 	21 
A,Y15-24,THS_PER,T,TR	: 	: 	: 	: 	: 	: 	982 	852 	742 	678 	760 	853 b	912 	978 	1053 	1040 	1304 	1146 	1128 b	1023 	941 	899 	842 
A,Y15-29,PC_ACT,F,AT	: 	: 	: 	: 	: 	: 	9.1 	8.6 	8.0 	8.4 	9.0 	8.8 	8.1 	8.2 	7.3 	7.5 	6.7 	8.7 	9.0 	7.1 	8.2 	7.5 	8.6 
A,Y15-29,PC_ACT,F,BA	: 	: 	: 	: 	: 	: 	: 	: 	: 	: 	: 	: 	: 	: 	: 	: 	: 	: 	35.4 	33.6 	27.2 	25.6 	29.6 
A,Y15-29,PC_ACT,F,BE	: 	: 	: 	: 	: 	: 	15.1 	15.9 	13.5 	14.6 	15.8 	15.0 	14.1 	13.3 	12.8 b	10.8 	8.8 	10.5 	10.3 	9.9 	10.1 	10.0 	11.0 
A,Y15-29,PC_ACT,F,BG	: 	: 	: 	: 	: 	: 	12.7 	16.4 b	19.8 b	20.8 	22.6 	18.8 	15.3 	12.2 	11.0 	8.5 	7.7 b	10.0 	9.5 	6.9 	7.3 	7.1 b	7.0 
A,Y15-29,PC_ACT,F,CH	: 	: 	: 	: 	: 	: 	: 	8.0 b	7.3 	7.3 	7.7 	7.5 	7.2 	7.2 	6.8 	6.8 	6.4 	6.4 	7.2 	5.8 	6.2 	7.1 	7.9 
A,Y15-29,PC_ACT,F,CY	: 	: 	: 	: 	: 	: 	9.7 	11.4 	13.7 	19.5 	25.7 	24.6 	24.4 	22.8 	18.7 	13.3 	12.2 	10.8 	12.3 	13.9 	10.5 	8.3 	8.3 
A,Y15-29,PC_ACT,F,CZ	: 	: 	: 	: 	: 	: 	12.2 	13.5 	12.6 b	13.5 	12.6 	11.7 	10.1 	8.9 	5.9 	5.1 	4.1 	6.3 	6.4 	5.3 	6.2 	6.6 	7.1 
A,Y15-29,PC_ACT,F,DE	: 	: 	: 	: 	: 	: 	8.4 	7.5 b	6.6 b	7.1 	7.0 	6.6 	6.1 	5.7 	5.3 	4.7 	4.4 	5.9 b	5.4 	4.5 	4.6 	5.1 	5.7 
A,Y15-29,PC_ACT,F,DK	: 	: 	: 	: 	: 	: 	9.9 	12.1 	13.7 	13.4 	12.8 	11.9 	10.7 	10.9 b	11.2 b	9.3 	9.7 	10.8 	9.5 	8.6 	10.4 b	12.3 	11.6 
A,Y15-29,PC_ACT,F,EA20	: 	: 	: 	: 	: 	: 	15.9 	17.0 	17.5 	19.5 	20.5 	19.7 	18.3 	17.3 	15.6 	14.1 	13.0 	14.7 	13.8 	11.8 	11.6 	11.5 	11.6 
A,Y15-29,PC_ACT,F,EA21	: 	: 	: 	: 	: 	: 	15.9 	17.0 	17.6 	19.5 	20.6 	19.7 	18.3 	17.2 	15.5 	14.0 	12.9 	14.6 	13.8 	11.8 	11.5 	11.4 	11.6 
A,Y15-29,PC_ACT,F,EE	: 	: 	: 	: 	: 	: 	16.5 	22.3 	16.9 	14.7 	14.1 	9.7 	9.5 	8.6 	7.6 	7.5 	9.1 	13.9 	10.3 	10.0 	12.0 	14.4 	13.4 
A,Y15-29,PC_ACT,F,EL	: 	: 	: 	: 	: 	: 	24.3 	30.0 	40.2 	48.5 	52.8 	48.7 	45.8 	44.4 	42.1 	38.0 	33.2 	34.6 	32.9 	29.2 	24.9 	19.5 	17.3 
A,Y15-29,PC_ACT,F,ES	: 	: 	: 	: 	: 	: 	26.6 	30.0 	33.0 	38.3 	41.1 	39.1 	36.1 	33.8 	29.4 	26.2 	25.4 	29.9 	27.6 d	23.2 d	21.5 d	20.5 d	19.0 d
A,Y15-29,PC_ACT,F,EU27_2020	: 	: 	: 	: 	: 	: 	15.6 	17.0 	17.6 	19.3 	20.1 	18.9 	17.3 	16.1 	14.4 	13.0 	12.1 	13.7 	13.1 	11.4 	11.2 	11.2 	11.5 
A,Y15-29,PC_ACT,F,FI	: 	: 	: 	: 	: 	: 	14.4 	14.3 	14.0 	13.7 	13.7 	14.3 	15.8 	14.5 	14.6 	12.7 	11.5 	14.3 	12.3 	11.1 	12.1 	14.2 	16.4 
A,Y15-29,PC_ACT,F,FR	14.8 	16.0 	16.1 	16.4 	15.2 	14.0 	16.8 	17.3 	17.8 	17.8 	19.1 	18.0 	18.1 	18.0 	16.4 	15.9 	14.3 	15.3 	14.3 d	12.7 d	13.2 d	14.1 d	14.9 d
A,Y15-29,PC_ACT,F,HR	: 	: 	: 	: 	: 	: 	20.4 	24.4 	28.0 	30.8 	32.4 	32.6 	31.3 	25.2 	22.5 	21.2 	16.4 	19.0 	18.9 	18.5 	15.0 	11.0 	12.1 
A,Y15-29,PC_ACT,F,HU	: 	: 	: 	: 	: 	: 	15.1 	16.4 	16.1 	17.3 	16.6 	13.9 	11.3 	8.7 	8.0 	6.8 b	6.6 	8.7 	8.5 	6.2 	7.8 	8.5 	8.6 
A,Y15-29,PC_ACT,F,IE	: 	: 	: 	: 	: 	: 	13.8 	16.9 	18.8 	18.8 	18.0 	16.8 	13.5 	11.5 	10.2 	9.7 	8.1 	11.7 	10.5 b	8.0 	7.8 	8.3 	8.8 
A,Y15-29,PC_ACT,F,IS	: 	: 	: 	: 	: 	: 	11.1 	12.0 	10.0 	10.2 	7.7 	6.9 	6.1 	5.5 	6.0 	4.6 	5.9 	8.8 b	10.3 	6.4 	6.5 	6.6 	6.9 
A,Y15-29,PC_ACT,F,IT	: 	: 	: 	: 	: 	: 	20.5 	21.9 	22.9 	27.2 	31.6 	33.4 	31.4 	30.6 	28.6 	26.6 b	23.8 	24.0 	23.5 	19.6 	18.3 	15.8 	15.5 
A,Y15-29,PC_ACT,F,LT	: 	: 	: 	: 	: 	: 	15.5 	22.0 	19.5 	16.9 	16.2 	13.6 	13.1 	9.0 	7.1 	6.2 	6.8 	11.2 	10.3 	8.0 	8.4 	12.0 	9.4 
A,Y15-29,PC_ACT,F,LU	: 	: 	: 	: 	: 	: 	11.1 	7.7 	11.2 	11.9 	9.5 	10.3 	12.3 b	10.9 	7.8 	10.2 	9.5 	11.6 	10.2 	9.8 	11.2 u	11.2 u	: u
A,Y15-29,PC_ACT,F,LV	: 	: 	: 	: 	: 	: 	23.0 	26.5 	22.5 	21.5 	16.3 	14.9 	11.6 	11.7 	11.4 	9.9 	8.2 	12.8 	9.5 	8.3 	7.7 	11.7 	10.2 
A,Y15-29,PC_ACT,F,ME	: 	: 	: 	: 	: 	: 	: 	: 	32.8 	31.0 	27.4 	28.7 	27.2 	27.4 	27.3 	24.1 	21.9 	31.8 	: 	: 	: 	: 	: 
A,Y15-29,PC_ACT,F,MK	: 	: 	: 	: 	: 	: 	48.0 	46.9 	47.8 	45.4 	45.6 	47.8 	39.7 	39.7 	41.7 	37.5 	33.0 	31.8 	27.8 b	24.9 	23.6 	22.6 	21.7 
A,Y15-29,PC_ACT,F,MT	: 	: 	: 	: 	: 	: 	8.9 	8.1 	8.8 	10.3 	7.4 	6.9 	8.0 	7.0 	6.5 	4.2 	6.1 	7.0 	5.1 	5.4 	5.0 u	5.1 	6.8 
A,Y15-29,PC_ACT,F,NL	: 	: 	: 	: 	: 	: 	9.1 	9.9 	9.2 	11.0 	12.0 	12.0 	10.6 	9.7 	8.7 	6.7 	6.5 	8.7 	7.2 	6.3 	6.6 	7.0 	7.1 
A,Y15-29,PC_ACT,F,NO	: 	: 	: 	: 	: 	: 	6.8 	7.0 	7.0 	6.5 	7.2 	6.6 	7.9 	7.9 	7.5 	7.1 	7.2 	8.5 	8.7 	6.4 	7.7 	7.9 	9.0 
A,Y15-29,PC_ACT,F,PL	: 	: 	: 	: 	: 	: 	15.4 	18.1 b	19.8 	21.2 	21.3 	17.8 	14.0 	12.0 	9.6 	8.1 	7.0 b	7.3 	7.3 	6.9 	7.4 	7.2 	7.9 
A,Y15-29,PC_ACT,F,PT	: 	: 	: 	: 	: 	: 	17.7 	20.1 	23.8 	29.4 	30.6 	26.6 	23.7 	21.4 	17.6 	14.1 	13.8 	15.8 	17.4 	13.8 	14.1 	14.3 	13.8 
A,Y15-29,PC_ACT,F,RO	: 	: 	: 	: 	: 	: 	14.3 	18.0 	18.5 	17.9 	18.7 	18.4 	16.7 	15.0 	12.6 	11.2 	11.5 	13.0 	12.4 	13.7 	12.4 	13.4 	15.3 
A,Y15-29,PC_ACT,F,RS	: 	: 	: 	: 	: 	: 	: 	: 	: 	: 	: 	40.8 	39.1 	34.4 	30.6 	28.0 	23.7 	23.4 	20.6 	18.3 	18.8 	16.9 	18.8 
A,Y15-29,PC_ACT,F,SE	: 	: 	: 	: 	: 	: 	17.8 	18.2 	16.8 	16.8 	16.9 	15.9 	14.8 	12.8 	12.5 	12.1 	14.2 	16.4 	17.3 	16.5 	16.1 	17.0 	18.3 
A,Y15-29,PC_ACT,F,SI	: 	: 	: 	: 	: 	: 	12.2 	13.5 	15.9 	19.0 	21.3 	22.3 	17.9 	16.1 	13.6 	9.9 	9.0 	11.0 	11.4 	9.8 	7.1 u	9.2 	10.6 
A,Y15-29,PC_ACT,F,SK	: 	: 	: 	: 	: 	: 	19.2 	21.4 	22.7 b	25.1 	23.2 	20.5 	18.7 	18.0 	14.7 	11.4 	9.8 	13.8 	14.2 	11.5 	10.3 	10.7 	10.2 
A,Y15-29,PC_ACT,F,TR	: 	: 	: 	: 	: 	: 	20.2 	18.5 	16.9 	16.3 	17.8 	18.5 b	20.1 	21.5 	22.7 	22.7 	26.5 	25.4 	25.2 b	22.5 	20.8 	20.2 	19.2 
A,Y15-29,PC_ACT,M,AT	: 	: 	: 	: 	: 	: 	10.2 	8.8 	8.1 	8.8 	9.3 	10.1 	10.2 	11.3 	10.0 	8.4 	7.8 	10.2 	8.7 	7.8 	8.2 	8.9 	10.3 
A,Y15-29,PC_ACT,M,BA	: 	: 	: 	: 	: 	: 	: 	: 	: 	: 	: 	: 	: 	: 	: 	: 	: 	: 	27.5 	24.2 	20.6 	18.4 	19.5 
A,Y15-29,PC_ACT,M,BE	: 	: 	: 	: 	: 	: 	15.3 	16.5 	13.9 	15.0 	17.5 	18.0 	17.5 	15.4 	14.3 b	11.2 	11.0 	11.4 	13.9 	12.7 	12.9 	14.5 	14.5 
A,Y15-29,PC_ACT,M,BG	: 	: 	: 	: 	: 	: 	14.5 	19.7 b	21.5 b	23.7 	23.9 	19.5 	16.5 	15.0 	12.0 	11.0 	9.4 b	11.1 	11.0 	8.6 	8.5 	8.2 b	8.3 
A,Y15-29,PC_ACT,M,CH	: 	: 	: 	: 	: 	: 	: 	7.2 b	6.8 	7.3 	8.0 	7.7 	7.4 	7.7 	7.2 	6.8 	6.8 	7.3 	6.8 	6.1 	6.3 	6.6 	7.5 
A,Y15-29,PC_ACT,M,CY	: 	: 	: 	: 	: 	: 	9.8 	12.5 	15.9 	21.3 	29.4 	27.8 	24.6 	20.7 	18.8 	16.2 	12.1 	15.0 	15.5 	13.2 	12.9 	11.4 	10.1 
A,Y15-29,PC_ACT,M,CZ	: 	: 	: 	: 	: 	: 	11.3 	12.6 	11.3 b	12.8 	12.1 	10.0 	8.2 	6.3 	4.5 	3.9 	3.3 	4.5 	4.5 	3.5 	4.5 	5.3 	5.9 
A,Y15-29,PC_ACT,M,DE	: 	: 	: 	: 	: 	: 	11.1 	9.7 b	8.1 b	8.4 	8.4 	8.1 	7.7 	7.3 	7.0 	6.5 	5.9 	7.4 b	6.5 	5.5 	5.3 	6.1 	6.8 
A,Y15-29,PC_ACT,M,DK	: 	: 	: 	: 	: 	: 	13.1 	15.8 	15.2 	14.8 	13.4 	13.1 	11.2 	11.3 b	11.4 b	10.4 	9.8 	11.2 	9.5 	8.6 	9.9 b	11.8 	12.1 
A,Y15-29,PC_ACT,M,EA20	: 	: 	: 	: 	: 	: 	17.3 	18.2 	18.0 	20.2 	21.2 	20.4 	19.1 	17.5 	15.8 	14.5 	13.4 	14.9 	14.0 	12.0 	11.8 	11.9 	12.1 
A,Y15-29,PC_ACT,M,EA21	: 	: 	: 	: 	: 	: 	17.2 	18.2 	18.0 	20.3 	21.3 	20.4 	19.1 	17.4 	15.8 	14.4 	13.4 	14.9 	14.0 	11.9 	11.8 	11.9 	12.1 
A,Y15-29,PC_ACT,M,EE	: 	: 	: 	: 	: 	: 	24.1 	26.1 	18.1 	15.7 	13.3 	12.9 	9.4 	11.6 	8.6 	7.6 	6.5 	11.6 	11.4 	11.9 	11.3 	14.1 	16.3 
A,Y15-29,PC_ACT,M,EL	: 	: 	: 	: 	: 	: 	14.9 	20.3 	30.8 	40.5 	45.9 	41.9 	37.4 	34.3 	30.8 	28.6 	26.8 	29.3 	24.8 	20.3 	19.3 	18.8 	15.8 
A,Y15-29,PC_ACT,M,ES	: 	: 	: 	: 	: 	: 	30.2 	33.3 	36.0 	42.1 	43.7 	40.2 	37.3 	32.9 	29.5 	26.2 	24.1 	28.5 	26.9 d	21.6 d	21.3 d	20.0 d	18.3 d
A,Y15-29,PC_ACT,M,EU27_2020	: 	: 	: 	: 	: 	: 	16.8 	18.0 	17.7 	19.6 	20.4 	19.3 	17.9 	16.2 	14.6 	13.2 	12.3 	13.8 	13.1 	11.3 	11.3 	11.6 	11.8 
A,Y15-29,PC_ACT,M,FI	: 	: 	: 	: 	: 	: 	17.8 	17.3 	16.1 	15.5 	16.9 	17.5 	19.0 	16.9 	15.8 	13.5 	13.4 	15.8 	14.0 	11.3 	13.3 	15.6 	17.6 
A,Y15-29,PC_ACT,M,FR	14.2 	15.4 	15.6 	15.7 	14.5 	13.9 	18.0 	17.6 	17.1 	18.7 	19.2 	19.7 	19.7 	18.9 	17.4 	16.9 	16.2 	16.0 	14.9 d	14.5 d	14.0 d	14.8 d	15.8 d
A,Y15-29,PC_ACT,M,HR	: 	: 	: 	: 	: 	: 	15.0 	23.7 	28.0 	32.6 	35.3 	32.2 	28.6 	23.8 	21.2 	14.6 	10.9 	14.2 	14.4 	9.7 	11.4 	12.6 	13.1 
A,Y15-29,PC_ACT,M,HU	: 	: 	: 	: 	: 	: 	18.1 	19.7 	17.9 	20.2 	17.7 	13.3 	12.1 	8.9 	6.3 	6.1 b	7.4 	8.3 	8.0 	7.2 	8.2 	9.8 	9.5 
A,Y15-29,PC_ACT,M,IE	: 	: 	: 	: 	: 	: 	25.9 	28.5 	30.7 	29.7 	24.7 	22.3 	19.4 	16.2 	12.7 	11.4 	10.9 	12.6 	11.8 b	8.7 	9.3 	8.9 	9.4 
A,Y15-29,PC_ACT,M,IS	: 	: 	: 	: 	: 	: 	16.4 	15.2 	14.3 	12.6 	11.1 	10.9 	8.0 	5.0 	6.2 	5.5 	9.2 	9.2 b	10.0 	7.6 	8.1 	6.6 	7.3 
A,Y15-29,PC_ACT,M,IT	: 	: 	: 	: 	: 	: 	17.1 	19.6 	19.3 	24.8 	29.0 	30.8 	28.9 	26.9 	25.4 	23.5 b	21.3 	21.4 	21.4 	16.8 	15.6 	13.9 	13.6 
A,Y15-29,PC_ACT,M,LT	: 	: 	: 	: 	: 	: 	26.3 	31.7 	26.2 	21.9 	17.8 	15.6 	12.3 	11.5 	9.7 	8.6 	10.3 	15.1 	9.7 	8.5 	11.1 	11.1 	12.2 
A,Y15-29,PC_ACT,M,LU	: 	: 	: 	: 	: 	: 	10.5 	8.7 	8.5 	10.0 	12.3 	14.7 	11.4 b	10.4 	10.9 	10.1 	11.9 	14.9 	9.5 	8.3 	9.7 u	14.7 	: u
A,Y15-29,PC_ACT,M,LV	: 	: 	: 	: 	: 	: 	29.6 	30.2 	23.8 	20.4 	16.6 	14.0 	14.0 	14.8 	11.7 	11.3 	10.2 	13.5 	12.7 	13.5 	11.1 	10.7 	11.9 
A,Y15-29,PC_ACT,M,ME	: 	: 	: 	: 	: 	: 	: 	: 	32.0 	35.0 	33.9 	30.4 	30.9 	29.9 	25.9 	27.4 	22.5 	29.8 	: 	: 	: 	: 	: 
A,Y15-29,PC_ACT,M,MK	: 	: 	: 	: 	: 	: 	44.6 	45.2 	46.5 	48.1 	45.5 	43.3 	44.4 	41.2 	37.6 	36.8 	28.7 	28.0 	27.4 b	25.6 	25.9 	23.9 	23.8 
A,Y15-29,PC_ACT,M,MT	: 	: 	: 	: 	: 	: 	11.2 	11.5 	10.5 	9.4 	10.8 	10.5 	9.0 	7.7 	8.0 	6.9 	7.5 	8.5 	8.5 	7.8 	7.4 	6.6 	5.6 
A,Y15-29,PC_ACT,M,NL	: 	: 	: 	: 	: 	: 	9.9 	10.6 	9.8 	10.8 	12.6 	11.6 	10.7 	10.3 	8.4 	7.6 	7.6 	9.0 	7.4 	6.3 	6.8 	7.0 	7.1 
A,Y15-29,PC_ACT,M,NO	: 	: 	: 	: 	: 	: 	8.2 	10.0 	8.6 	8.4 	9.8 	8.3 	9.8 	10.9 	8.8 	8.2 	8.1 	9.9 	9.8 	8.1 	8.5 	9.2 	10.6 
A,Y15-29,PC_ACT,M,PL	: 	: 	: 	: 	: 	: 	14.1 	16.7 b	16.5 	16.9 	17.8 	16.1 	14.8 	11.9 	9.4 	7.4 	6.1 b	6.9 	7.3 	6.6 	6.2 	6.3 	6.9 
A,Y15-29,PC_ACT,M,PT	: 	: 	: 	: 	: 	: 	17.6 	20.1 	21.9 	27.8 	28.8 	25.1 	22.3 	20.9 	16.4 	14.2 	11.7 	15.9 	14.1 	13.3 	14.2 	14.1 	13.0 
A,Y15-29,PC_ACT,M,RO	: 	: 	: 	: 	: 	: 	17.5 	18.7 	19.2 	19.3 	19.4 	19.0 	17.5 	15.8 	15.0 	12.9 	12.9 	13.9 	13.6 	14.4 	13.3 	14.5 	15.4 
A,Y15-29,PC_ACT,M,RS	: 	: 	: 	: 	: 	: 	: 	: 	: 	: 	: 	37.4 	33.9 	28.9 	26.1 	24.2 	22.2 	20.4 	19.1 	16.4 	18.3 	16.8 	17.7 
A,Y15-29,PC_ACT,M,SE	: 	: 	: 	: 	: 	: 	19.2 	18.9 	17.0 	18.3 	17.9 	17.7 	15.4 	14.6 	13.5 	12.9 	13.7 	17.6 	17.7 	14.2 	15.8 	17.5 	18.1 
A,Y15-29,PC_ACT,M,SI	: 	: 	: 	: 	: 	: 	11.2 	13.9 	14.0 	15.7 	17.2 	16.2 	14.8 	13.5 	8.4 	8.1 	6.3 	8.7 	8.3 	6.9 	7.8 	7.0 	7.2 
A,Y15-29,PC_ACT,M,SK	: 	: 	: 	: 	: 	: 	19.0 	24.5 	23.3 b	23.1 	24.8 	21.5 	16.6 	13.6 	12.2 	10.6 	9.4 	11.2 	11.9 	11.3 	12.6 	11.5 	11.5 
A,Y15-29,PC_ACT,M,TR	: 	: 	: 	: 	: 	: 	19.0 	15.8 	12.9 	12.0 	12.7 	14.1 b	13.9 	14.9 	15.1 	15.2 	19.4 	19.7 	17.1 b	14.9 	12.8 	11.5 	10.8 
A,Y15-29,PC_ACT,T,AT	: 	: 	: 	: 	: 	: 	9.6 	8.7 	8.1 	8.6 	9.2 	9.5 	9.2 	9.8 	8.7 	8.0 	7.3 	9.5 	8.9 	7.5 	8.2 	8.2 	9.5 
A,Y15-29,PC_ACT,T,BA	: 	: 	: 	: 	: 	: 	: 	: 	: 	: 	: 	: 	: 	: 	: 	: 	: 	: 	30.6 	27.8 	23.1 	21.1 	23.4 
A,Y15-29,PC_ACT,T,BE	: 	: 	: 	: 	: 	: 	15.2 	16.2 	13.7 	14.8 	16.7 	16.6 	15.9 	14.5 	13.6 b	11.0 	10.0 	11.0 	12.2 	11.4 	11.6 	12.4 	12.9 
A,Y15-29,PC_ACT,T,BG	: 	: 	: 	: 	: 	: 	13.8 	18.3 b	20.7 b	22.4 	23.3 	19.2 	16.0 	13.9 	11.6 	9.9 	8.7 b	10.7 	10.4 	7.9 	8.0 	7.7 b	7.7 
A,Y15-29,PC_ACT,T,CH	: 	: 	: 	: 	: 	: 	: 	7.5 b	7.1 	7.3 	7.8 	7.6 	7.3 	7.5 	7.0 	6.8 	6.6 	6.9 	7.0 	6.0 	6.3 	6.8 	7.7 
A,Y15-29,PC_ACT,T,CY	: 	: 	: 	: 	: 	: 	9.8 	11.9 	14.8 	20.4 	27.5 	26.2 	24.5 	21.8 	18.8 	14.7 	12.1 	13.1 	14.0 	13.5 	11.8 	10.0 	9.3 
A,Y15-29,PC_ACT,T,CZ	: 	: 	: 	: 	: 	: 	11.6 	13.0 	11.8 b	13.1 	12.3 	10.7 	9.0 	7.4 	5.1 	4.4 	3.7 	5.3 	5.2 	4.2 	5.2 	5.9 	6.4 
A,Y15-29,PC_ACT,T,DE	: 	: 	: 	: 	: 	: 	9.8 	8.7 b	7.4 b	7.8 	7.8 	7.4 	6.9 	6.5 	6.2 	5.7 	5.2 	6.7 b	6.0 	5.0 	5.0 	5.6 	6.3 
A,Y15-29,PC_ACT,T,DK	: 	: 	: 	: 	: 	: 	11.6 	14.0 	14.5 	14.2 	13.1 	12.5 	10.9 	11.1 b	11.3 b	9.9 	9.7 	11.0 	9.5 	8.6 	10.1 b	12.0 	11.9 
A,Y15-29,PC_ACT,T,EA20	: 	: 	: 	: 	: 	: 	16.7 	17.6 	17.8 	19.9 	20.9 	20.1 	18.7 	17.4 	15.7 	14.3 	13.2 	14.8 	13.9 	11.9 	11.7 	11.7 	11.9 
A,Y15-29,PC_ACT,T,EA21	: 	: 	: 	: 	: 	: 	16.6 	17.7 	17.8 	19.9 	21.0 	20.1 	18.7 	17.3 	15.7 	14.2 	13.2 	14.7 	13.9 	11.9 	11.7 	11.7 	11.8 
A,Y15-29,PC_ACT,T,EE	: 	: 	: 	: 	: 	: 	20.9 	24.4 	17.6 	15.2 	13.7 	11.5 	9.5 	10.3 	8.2 	7.5 	7.6 	12.7 	10.9 	10.9 	11.6 	14.3 	14.9 
A,Y15-29,PC_ACT,T,EL	: 	: 	: 	: 	: 	: 	19.1 	24.7 	35.1 	44.2 	49.1 	45.1 	41.3 	38.8 	36.1 	33.0 	29.8 	31.7 	28.4 	24.3 	21.8 	19.1 	16.5 
A,Y15-29,PC_ACT,T,ES	: 	: 	: 	: 	: 	: 	28.5 	31.7 	34.6 	40.3 	42.4 	39.7 	36.7 	33.3 	29.4 	26.2 	24.7 	29.2 	27.2 d	22.3 d	21.4 d	20.2 d	18.6 d
A,Y15-29,PC_ACT,T,EU27_2020	: 	: 	: 	: 	: 	: 	16.3 	17.5 	17.6 	19.5 	20.2 	19.2 	17.7 	16.2 	14.5 	13.1 	12.2 	13.8 	13.1 	11.4 	11.2 	11.4 	11.7 
A,Y15-29,PC_ACT,T,FI	: 	: 	: 	: 	: 	: 	16.1 	15.9 	15.1 	14.6 	15.4 	16.0 	17.4 	15.8 	15.2 	13.1 	12.5 	15.1 	13.2 	11.2 	12.7 	14.9 	17.0 
A,Y15-29,PC_ACT,T,FR	14.5 	15.7 	15.8 	16.0 	14.8 	13.9 	17.4 	17.5 	17.4 	18.3 	19.2 	18.9 	18.9 	18.5 	17.0 	16.4 	15.3 	15.7 	14.6 d	13.7 d	13.6 d	14.4 d	15.4 d
A,Y15-29,PC_ACT,T,HR	: 	: 	: 	: 	: 	: 	17.4 	24.0 	28.0 	31.8 	34.0 	32.4 	29.8 	24.4 	21.8 	17.5 	13.4 	16.2 	16.3 	13.5 	13.0 	11.9 	12.7 
A,Y15-29,PC_ACT,T,HU	: 	: 	: 	: 	: 	: 	16.8 	18.2 	17.1 	18.9 	17.3 	13.5 	11.8 	8.8 	7.0 	6.4 b	7.1 	8.4 	8.2 	6.7 	8.0 	9.2 	9.1 
A,Y15-29,PC_ACT,T,IE	: 	: 	: 	: 	: 	: 	20.1 	23.0 	25.0 	24.4 	21.4 	19.6 	16.6 	13.9 	11.5 	10.6 	9.6 	12.2 	11.2 b	8.3 	8.6 	8.6 	9.1 
A,Y15-29,PC_ACT,T,IS	: 	: 	: 	: 	: 	: 	13.8 	13.7 	12.2 	11.4 	9.4 	8.9 	7.1 	5.2 	6.1 	5.1 	7.6 	9.0 b	10.2 	7.0 	7.3 	6.6 	7.1 
A,Y15-29,PC_ACT,T,IT	: 	: 	: 	: 	: 	: 	18.5 	20.6 	20.9 	25.8 	30.1 	31.9 	30.0 	28.5 	26.7 	24.8 b	22.4 	22.5 	22.3 	18.0 	16.7 	14.7 	14.4 
A,Y15-29,PC_ACT,T,LT	: 	: 	: 	: 	: 	: 	21.3 	27.2 	23.2 	19.6 	17.1 	14.7 	12.7 	10.4 	8.6 	7.5 	8.7 	13.4 	10.0 	8.3 	9.8 	11.5 	11.0 
A,Y15-29,PC_ACT,T,LU	: 	: 	: 	: 	: 	: 	10.8 	8.2 	9.8 	10.9 	11.0 	12.6 	11.9 b	10.6 	9.4 	10.1 	10.8 	13.3 	9.9 	9.0 	10.4 	13.0 	11.9 
A,Y15-29,PC_ACT,T,LV	: 	: 	: 	: 	: 	: 	26.7 	28.5 	23.2 	20.9 	16.5 	14.4 	12.9 	13.4 	11.6 	10.6 	9.3 	13.2 	11.2 	11.1 	9.5 	11.2 	11.1 
A,Y15-29,PC_ACT,T,ME	: 	: 	: 	: 	: 	: 	: 	: 	32.4 	33.2 	31.0 	29.7 	29.2 	28.8 	26.5 	26.0 	22.3 	30.7 	: 	: 	: 	: 	: 
A,Y15-29,PC_ACT,T,MK	: 	: 	: 	: 	: 	: 	45.9 	45.8 	47.0 	47.0 	45.5 	45.1 	42.5 	40.6 	39.2 	37.0 	30.5 	29.6 	27.6 b	25.3 	25.0 	23.4 	23.0 
A,Y15-29,PC_ACT,T,MT	: 	: 	: 	: 	: 	: 	10.2 	10.0 	9.8 	9.8 	9.2 	8.8 	8.6 	7.4 	7.3 	5.6 	6.9 	7.8 	7.0 	6.7 	6.4 	6.0 	6.1 
A,Y15-29,PC_ACT,T,NL	: 	: 	: 	: 	: 	: 	9.5 	10.2 	9.5 	10.9 	12.3 	11.8 	10.6 	10.0 	8.5 	7.1 	7.1 	8.9 	7.3 	6.3 	6.7 	7.0 	7.1 
A,Y15-29,PC_ACT,T,NO	: 	: 	: 	: 	: 	: 	7.5 	8.5 	7.8 	7.5 	8.5 	7.4 	8.9 	9.4 	8.1 	7.7 	7.6 	9.2 	9.3 	7.3 	8.1 	8.6 	9.8 
A,Y15-29,PC_ACT,T,PL	: 	: 	: 	: 	: 	: 	14.7 	17.3 b	17.9 	18.8 	19.3 	16.9 	14.5 	12.0 	9.5 	7.7 	6.5 b	7.1 	7.3 	6.7 	6.7 	6.7 	7.3 
A,Y15-29,PC_ACT,T,PT	: 	: 	: 	: 	: 	: 	17.6 	20.1 	22.8 	28.5 	29.7 	25.8 	23.0 	21.2 	17.0 	14.2 	12.7 	15.9 	15.6 	13.5 	14.2 	14.2 	13.4 
A,Y15-29,PC_ACT,T,RO	: 	: 	: 	: 	: 	: 	16.2 	18.4 	18.9 	18.8 	19.1 	18.8 	17.2 	15.5 	14.0 	12.2 	12.3 	13.6 	13.1 	14.1 	13.0 	14.1 	15.4 
A,Y15-29,PC_ACT,T,RS	: 	: 	: 	: 	: 	: 	: 	: 	: 	: 	: 	38.8 	36.0 	31.2 	28.0 	25.8 	22.9 	21.6 	19.7 	17.2 	18.5 	16.8 	18.2 
A,Y15-29,PC_ACT,T,SE	: 	: 	: 	: 	: 	: 	18.5 	18.6 	16.9 	17.6 	17.4 	16.8 	15.1 	13.7 	13.0 	12.5 	14.0 	17.0 	17.5 	15.3 	16.0 	17.3 	18.2 
A,Y15-29,PC_ACT,T,SI	: 	: 	: 	: 	: 	: 	11.6 	13.7 	14.8 	17.2 	19.0 	18.9 	16.2 	14.7 	10.8 	8.9 	7.5 	9.7 	9.6 	8.2 	7.5 	8.0 	8.7 
A,Y15-29,PC_ACT,T,SK	: 	: 	: 	: 	: 	: 	19.1 	23.2 	23.1 b	23.9 	24.1 	21.1 	17.5 	15.5 	13.3 	10.9 	9.6 	12.3 	12.9 	11.4 	11.6 	11.2 	11.0 
A,Y15-29,PC_ACT,T,TR	: 	: 	: 	: 	: 	: 	19.4 	16.7 	14.2 	13.4 	14.3 	15.5 b	16.0 	17.2 	17.7 	17.8 	22.0 	21.7 	20.0 b	17.6 	15.7 	14.7 	13.8 
A,Y15-29,PC_POP,F,AT	: 	: 	: 	: 	: 	: 	5.9 	5.5 	5.2 	5.6 	6.0 	5.7 	5.3 	5.4 	4.8 	4.8 	4.3 	5.5 	5.8 	4.7 	5.5 	4.9 	5.6 
A,Y15-29,PC_POP,F,BA	: 	: 	: 	: 	: 	: 	: 	: 	: 	: 	: 	: 	: 	: 	: 	: 	: 	: 	13.2 	11.9 	9.0 	8.7 	10.2 
A,Y15-29,PC_POP,F,BE	: 	: 	: 	: 	: 	: 	7.4 	7.7 	6.4 	6.8 	7.3 	7.1 	6.5 	6.1 	5.8 b	5.0 	4.2 	4.8 	4.9 	4.8 	4.9 	4.8 	5.3 
A,Y15-29,PC_POP,F,BG	: 	: 	: 	: 	: 	: 	4.8 	6.8 b	8.1 b	8.6 	9.4 	7.7 	6.2 	4.6 	4.4 	3.2 	3.0 b	3.7 	3.3 	2.5 	2.6 	2.4 b	2.3 
A,Y15-29,PC_POP,F,CH	: 	: 	: 	: 	: 	: 	: 	5.8 b	5.4 	5.3 	5.7 	5.6 	5.5 	5.5 	5.1 	5.2 	4.8 	4.7 	5.4 	4.3 	4.6 	5.2 	5.9 
A,Y15-29,PC_POP,F,CY	: 	: 	: 	: 	: 	: 	5.5 	6.6 	7.8 	10.9 	14.7 	14.7 	14.5 	13.3 	11.0 	7.8 	7.0 	6.1 	7.4 	8.6 	6.3 	4.8 	4.9 
A,Y15-29,PC_POP,F,CZ	: 	: 	: 	: 	: 	: 	5.0 	5.5 	5.1 b	5.6 	5.4 	5.0 	4.4 	3.9 	2.6 	2.2 	1.8 	2.5 	2.5 	2.0 	2.5 	2.5 	2.8 
A,Y15-29,PC_POP,F,DE	: 	: 	: 	: 	: 	: 	4.9 	4.4 b	3.9 b	4.2 	4.1 	3.9 	3.6 	3.4 	3.1 	2.8 	2.6 	3.6 b	3.3 	2.8 	2.9 	3.3 	3.6 
A,Y15-29,PC_POP,F,DK	: 	: 	: 	: 	: 	: 	7.1 	8.3 	9.3 	8.8 	8.2 	7.6 	6.9 	7.2 b	7.4 b	6.1 	6.5 	7.2 	6.3 	6.0 	7.4 b	9.2 	8.7 
A,Y15-29,PC_POP,F,EA20	: 	: 	: 	: 	: 	: 	8.6 	9.1 	9.3 	10.3 	10.8 	10.3 	9.5 	9.0 	8.1 	7.3 	6.7 	7.4 	7.2 	6.3 	6.3 	6.2 	6.3 
A,Y15-29,PC_POP,F,EA21	: 	: 	: 	: 	: 	: 	8.5 	9.0 	9.3 	10.3 	10.8 	10.2 	9.5 	8.9 	8.1 	7.3 	6.7 	7.3 	7.2 	6.3 	6.2 	6.1 	6.2 
A,Y15-29,PC_POP,F,EE	: 	: 	: 	: 	: 	: 	7.8 	11.1 	8.9 	7.5 	7.4 	5.2 	5.1 	4.7 	4.4 	4.3 	5.1 	7.7 	5.8 	6.3 	7.2 	8.7 	7.8 
A,Y15-29,PC_POP,F,EL	: 	: 	: 	: 	: 	: 	11.4 	14.1 	18.7 	22.8 	24.2 	22.5 	20.4 	18.9 	17.9 	15.7 	13.7 	13.4 	12.5 	11.8 	10.4 	8.0 	7.0 
A,Y15-29,PC_POP,F,ES	: 	: 	: 	: 	: 	: 	15.7 	17.5 	18.9 	21.5 	22.5 	20.8 	18.7 	16.9 	14.7 	12.8 	12.3 	13.8 	13.3 d	11.1 d	10.4 d	9.9 d	9.3 d
A,Y15-29,PC_POP,F,EU27_2020	: 	: 	: 	: 	: 	: 	8.0 	8.7 	9.0 	9.9 	10.3 	9.6 	8.8 	8.2 	7.4 	6.6 	6.2 	6.8 	6.7 	5.9 	5.9 	5.9 	6.0 
A,Y15-29,PC_POP,F,FI	: 	: 	: 	: 	: 	: 	8.6 	8.3 	8.2 	8.2 	8.3 	8.5 	9.5 	8.7 	8.9 	7.8 	7.1 	8.6 	7.6 	7.1 	7.8 	9.0 	10.2 
A,Y15-29,PC_POP,F,FR	7.5 	8.1 	8.1 	8.3 	7.8 	7.2 	8.9 	9.1 	9.2 	9.1 	9.8 	9.1 	9.1 	9.2 	8.2 	8.1 	7.2 	7.5 	7.5 d	6.8 d	7.1 d	7.6 d	8.1 d
A,Y15-29,PC_POP,F,HR	: 	: 	: 	: 	: 	: 	9.5 	11.6 	12.5 	13.4 	13.8 	15.0 	14.4 	12.3 	10.8 	9.6 	7.5 	8.3 	8.5 	8.6 	6.6 	5.0 	5.3 
A,Y15-29,PC_POP,F,HU	: 	: 	: 	: 	: 	: 	6.1 	6.6 	6.3 	7.2 	7.0 	6.1 	5.1 	4.0 	3.7 	3.2 b	3.1 	4.1 	4.1 	2.9 	3.7 	4.1 	4.0 
A,Y15-29,PC_POP,F,IE	: 	: 	: 	: 	: 	: 	9.1 	10.5 	11.5 	11.3 	10.7 	9.7 	7.7 	6.8 	5.8 	5.5 	4.6 	6.2 	6.3 b	5.0 	4.9 	5.3 	5.5 
A,Y15-29,PC_POP,F,IS	: 	: 	: 	: 	: 	: 	8.3 	8.9 	7.5 	7.9 	6.3 	5.5 	5.1 	4.6 	5.0 	3.8 	5.0 	7.0 b	8.0 	5.1 	5.2 	5.6 	5.9 
A,Y15-29,PC_POP,F,IT	: 	: 	: 	: 	: 	: 	7.8 	8.1 	8.4 	10.3 	11.6 	12.3 	11.2 	11.1 	10.4 	9.6 b	8.6 	7.8 	8.1 	7.1 	6.5 	5.5 	5.2 
A,Y15-29,PC_POP,F,LT	: 	: 	: 	: 	: 	: 	6.9 	9.6 	8.0 	7.4 	7.4 	6.4 	6.4 	4.4 	3.5 	3.2 	3.5 	5.7 	5.3 	4.2 	4.3 	5.9 	4.7 
A,Y15-29,PC_POP,F,LU	: 	: 	: 	: 	: 	: 	5.5 	3.4 	5.1 	5.5 	4.2 	4.9 	6.6 b	5.6 	3.9 	5.4 	5.2 	6.2 	5.7 	5.5 	6.2 u	6.3 u	: u
A,Y15-29,PC_POP,F,LV	: 	: 	: 	: 	: 	: 	11.3 	13.8 	11.2 	11.5 	8.6 	7.9 	6.5 	6.6 	6.4 	5.4 	4.4 	6.6 	4.6 	4.1 	3.7 	5.6 	4.9 
A,Y15-29,PC_POP,F,ME	: 	: 	: 	: 	: 	: 	: 	: 	12.0 	12.4 	10.5 	11.9 	12.0 	12.4 	12.5 	10.3 	9.7 	12.8 	: 	: 	: 	: 	: 
A,Y15-29,PC_POP,F,MK	: 	: 	: 	: 	: 	: 	18.9 	18.3 	18.9 	18.6 	18.9 	19.5 	15.7 	15.1 	16.5 	14.8 	13.8 	12.8 	10.8 b	9.4 	8.5 	8.8 	8.4 
A,Y15-29,PC_POP,F,MT	: 	: 	: 	: 	: 	: 	5.0 	4.6 	5.1 	6.1 	4.6 	4.4 	5.0 	4.4 	4.3 	2.9 	4.2 	4.7 	3.4 	3.8 	3.5 u	3.7 	4.7 
A,Y15-29,PC_POP,F,NL	: 	: 	: 	: 	: 	: 	7.2 	7.7 	7.2 	8.7 	9.4 	9.2 	8.3 	7.5 	6.8 	5.2 	5.1 	6.9 	6.1 	5.3 	5.6 	5.9 	6.1 
A,Y15-29,PC_POP,F,NO	: 	: 	: 	: 	: 	: 	4.7 	4.6 	4.6 	4.3 	4.9 	4.3 	5.2 	5.2 	4.9 	4.7 	4.8 	5.8 	6.1 	4.6 	5.7 	5.8 	6.7 
A,Y15-29,PC_POP,F,PL	: 	: 	: 	: 	: 	: 	6.9 	8.3 b	8.9 	9.7 	9.7 	8.3 	6.4 	5.6 	4.5 	3.9 	3.4 b	3.3 	3.4 	3.2 	3.5 	3.4 	3.7 
A,Y15-29,PC_POP,F,PT	: 	: 	: 	: 	: 	: 	9.4 	10.3 	12.6 	15.6 	15.7 	13.7 	12.0 	10.6 	9.0 	7.1 	7.1 	7.6 	8.0 	6.7 	7.4 	7.5 	7.3 
A,Y15-29,PC_POP,F,RO	: 	: 	: 	: 	: 	: 	4.7 	6.5 	6.8 	6.6 	6.9 	6.9 	6.5 	5.5 	4.9 	4.1 	4.2 	4.8 	4.3 	4.8 	4.0 	4.6 	5.1 
A,Y15-29,PC_POP,F,RS	: 	: 	: 	: 	: 	: 	: 	: 	: 	: 	: 	16.0 	15.6 	14.0 	12.5 	11.5 	9.2 	8.5 	8.7 	7.7 	8.0 	7.3 	7.9 
A,Y15-29,PC_POP,F,SE	: 	: 	: 	: 	: 	: 	10.7 	11.0 	10.4 	10.5 	10.9 	10.4 	9.8 	8.4 	8.3 	8.0 	9.4 	10.5 	11.3 	11.0 	10.9 	11.2 	12.0 
A,Y15-29,PC_POP,F,SI	: 	: 	: 	: 	: 	: 	6.5 	7.3 	8.4 	9.7 	10.7 	10.8 	9.0 	7.9 	7.3 	5.2 	4.6 	5.3 	5.3 	4.8 	3.4 u	4.6 	5.1 
A,Y15-29,PC_POP,F,SK	: 	: 	: 	: 	: 	: 	8.4 	9.6 	9.7 b	11.2 	10.3 	9.0 	8.6 	8.4 	6.8 	5.2 	4.2 	5.8 	5.9 	4.9 	4.3 	4.5 	4.1 
A,Y15-29,PC_POP,F,TR	: 	: 	: 	: 	: 	: 	5.7 	5.5 	5.1 	4.9 	5.6 	6.1 b	6.9 	7.7 	8.4 	8.4 	10.2 	8.6 	9.2 b	8.7 	8.4 	8.3 	8.0 
A,Y15-29,PC_POP,M,AT	: 	: 	: 	: 	: 	: 	7.4 	6.4 	5.9 	6.4 	6.8 	7.2 	7.3 	8.1 	7.1 	6.1 	5.6 	7.3 	6.3 	5.7 	6.0 	6.4 	7.4 
A,Y15-29,PC_POP,M,BA	: 	: 	: 	: 	: 	: 	: 	: 	: 	: 	: 	: 	: 	: 	: 	: 	: 	: 	14.9 	12.6 	10.8 	9.8 	10.3 
A,Y15-29,PC_POP,M,BE	: 	: 	: 	: 	: 	: 	8.3 	9.0 	7.4 	8.0 	9.3 	9.4 	9.1 	7.9 	7.3 b	5.7 	5.8 	5.7 	7.2 	6.6 	6.7 	7.6 	7.8 
A,Y15-29,PC_POP,M,BG	: 	: 	: 	: 	: 	: 	7.3 	10.4 b	11.0 b	12.6 	12.6 	10.1 	8.5 	7.5 	6.4 	5.6 	4.8 b	5.3 	4.9 	3.9 	3.8 	3.5 b	3.4 
A,Y15-29,PC_POP,M,CH	: 	: 	: 	: 	: 	: 	: 	5.5 b	5.3 	5.7 	6.1 	5.9 	5.7 	6.0 	5.6 	5.3 	5.2 	5.6 	5.3 	4.7 	4.9 	5.1 	5.7 
A,Y15-29,PC_POP,M,CY	: 	: 	: 	: 	: 	: 	6.0 	7.6 	9.8 	13.4 	18.3 	17.2 	14.5 	12.1 	10.8 	9.6 	7.7 	9.6 	10.1 	8.6 	8.5 	7.3 	6.4 
A,Y15-29,PC_POP,M,CZ	: 	: 	: 	: 	: 	: 	6.4 	7.2 	6.4 b	7.3 	7.0 	5.9 	4.8 	3.7 	2.7 	2.3 	1.9 	2.6 	2.5 	1.9 	2.4 	2.7 	3.0 
A,Y15-29,PC_POP,M,DE	: 	: 	: 	: 	: 	: 	7.1 	6.2 b	5.3 b	5.4 	5.4 	5.2 	4.8 	4.6 	4.5 	4.2 	3.9 	4.9 b	4.3 	3.7 	3.7 	4.2 	4.7 
A,Y15-29,PC_POP,M,DK	: 	: 	: 	: 	: 	: 	9.7 	11.1 	10.7 	10.1 	8.8 	8.6 	7.4 	7.5 b	7.7 b	7.1 	6.7 	7.7 	6.6 	6.0 	7.1 b	8.9 	9.3 
A,Y15-29,PC_POP,M,EA20	: 	: 	: 	: 	: 	: 	10.6 	10.9 	10.7 	12.0 	12.5 	11.9 	11.0 	10.1 	9.1 	8.4 	7.8 	8.4 	8.1 	7.1 	7.0 	7.1 	7.2 
A,Y15-29,PC_POP,M,EA21	: 	: 	: 	: 	: 	: 	10.5 	10.9 	10.7 	12.0 	12.5 	11.8 	11.0 	10.0 	9.1 	8.3 	7.7 	8.3 	8.0 	7.0 	7.0 	7.1 	7.1 
A,Y15-29,PC_POP,M,EE	: 	: 	: 	: 	: 	: 	14.6 	15.6 	11.0 	9.7 	8.2 	8.0 	6.1 	7.6 	5.7 	5.1 	4.2 	7.4 	6.9 	7.3 	6.8 	8.2 	9.6 
A,Y15-29,PC_POP,M,EL	: 	: 	: 	: 	: 	: 	8.5 	11.4 	17.0 	22.0 	24.8 	21.9 	18.9 	17.2 	15.0 	13.7 	12.7 	12.8 	11.1 	9.5 	9.2 	9.0 	7.3 
A,Y15-29,PC_POP,M,ES	: 	: 	: 	: 	: 	: 	19.7 	20.9 	22.0 	25.0 	25.5 	22.7 	20.4 	17.5 	15.7 	13.9 	12.7 	14.2 	13.7 d	11.2 d	11.1 d	10.5 d	9.6 d
A,Y15-29,PC_POP,M,EU27_2020	: 	: 	: 	: 	: 	: 	10.0 	10.6 	10.4 	11.5 	11.8 	11.2 	10.3 	9.4 	8.4 	7.7 	7.2 	7.8 	7.5 	6.7 	6.7 	6.8 	6.9 
A,Y15-29,PC_POP,M,FI	: 	: 	: 	: 	: 	: 	11.2 	10.9 	10.3 	9.8 	10.8 	11.1 	12.0 	10.7 	10.1 	8.7 	8.8 	10.3 	9.2 	7.3 	8.6 	10.1 	11.4 
A,Y15-29,PC_POP,M,FR	8.3 	9.0 	9.1 	9.3 	8.6 	8.3 	10.8 	10.5 	10.0 	10.8 	11.2 	11.2 	11.3 	10.7 	9.9 	9.7 	9.0 	8.7 	8.4 d	8.6 d	8.3 d	8.8 d	9.5 d
A,Y15-29,PC_POP,M,HR	: 	: 	: 	: 	: 	: 	8.7 	13.2 	15.4 	17.4 	18.6 	17.8 	15.8 	13.5 	12.0 	8.0 	6.0 	7.9 	8.0 	5.5 	6.2 	6.9 	7.2 
A,Y15-29,PC_POP,M,HU	: 	: 	: 	: 	: 	: 	8.9 	9.5 	8.5 	9.7 	8.9 	7.0 	6.6 	5.0 	3.5 	3.5 b	4.3 	4.6 	4.4 	4.0 	4.6 	5.4 	5.1 
A,Y15-29,PC_POP,M,IE	: 	: 	: 	: 	: 	: 	18.8 	19.4 	20.2 	19.1 	15.6 	13.8 	12.0 	10.3 	7.7 	7.0 	6.7 	7.2 	7.3 b	5.6 	6.1 	5.8 	6.1 
A,Y15-29,PC_POP,M,IS	: 	: 	: 	: 	: 	: 	12.6 	11.8 	11.0 	9.8 	8.8 	8.8 	6.6 	4.3 	5.3 	4.7 	7.6 	7.3 b	7.9 	6.2 	6.6 	5.6 	6.3 
A,Y15-29,PC_POP,M,IT	: 	: 	: 	: 	: 	: 	8.5 	9.5 	9.1 	11.9 	13.2 	14.1 	13.2 	12.5 	11.7 	10.7 b	9.7 	9.3 	9.7 	7.7 	7.3 	6.4 	5.9 
A,Y15-29,PC_POP,M,LT	: 	: 	: 	: 	: 	: 	13.3 	15.5 	12.8 	11.0 	9.5 	8.8 	6.8 	6.6 	5.6 	5.0 	6.0 	8.8 	5.5 	4.7 	6.1 	6.4 	6.7 
A,Y15-29,PC_POP,M,LU	: 	: 	: 	: 	: 	: 	5.7 	4.4 	4.2 	5.0 	6.1 	7.6 	6.5 b	5.5 	5.8 	5.5 	7.0 	8.2 	5.4 	4.4 	5.8 u	8.6 	: u
A,Y15-29,PC_POP,M,LV	: 	: 	: 	: 	: 	: 	17.9 	17.9 	14.0 	12.4 	10.2 	9.0 	9.0 	9.4 	7.5 	7.0 	6.2 	7.8 	7.0 	7.5 	6.0 	5.7 	6.5 
A,Y15-29,PC_POP,M,ME	: 	: 	: 	: 	: 	: 	: 	: 	13.8 	15.8 	15.3 	14.9 	15.3 	15.9 	13.3 	14.8 	12.8 	14.8 	: 	: 	: 	: 	: 
A,Y15-29,PC_POP,M,MK	: 	: 	: 	: 	: 	: 	26.2 	26.3 	26.2 	27.4 	25.7 	24.9 	25.8 	23.6 	22.3 	21.4 	16.3 	15.3 	14.9 b	13.8 	13.7 	12.8 	13.0 
A,Y15-29,PC_POP,M,MT	: 	: 	: 	: 	: 	: 	7.7 	7.8 	7.3 	6.4 	7.6 	7.2 	6.2 	5.4 	5.8 	4.9 	5.5 	6.2 	6.2 	5.9 	5.7 	5.1 	4.2 
A,Y15-29,PC_POP,M,NL	: 	: 	: 	: 	: 	: 	8.0 	8.3 	7.6 	8.4 	9.9 	9.0 	8.3 	7.9 	6.5 	5.9 	6.0 	7.0 	6.0 	5.4 	5.9 	6.1 	6.2 
A,Y15-29,PC_POP,M,NO	: 	: 	: 	: 	: 	: 	5.6 	6.6 	5.7 	5.6 	6.6 	5.4 	6.5 	7.1 	5.7 	5.4 	5.4 	6.7 	6.8 	5.9 	6.3 	6.7 	7.9 
A,Y15-29,PC_POP,M,PL	: 	: 	: 	: 	: 	: 	7.9 	9.5 b	9.4 	9.7 	10.2 	9.3 	8.5 	7.1 	5.6 	4.4 	3.6 b	3.9 	4.2 	3.8 	3.5 	3.5 	3.8 
A,Y15-29,PC_POP,M,PT	: 	: 	: 	: 	: 	: 	10.2 	11.3 	12.5 	15.3 	15.1 	12.9 	11.2 	10.6 	8.5 	7.5 	6.2 	7.9 	7.2 	6.9 	7.8 	7.8 	7.3 
A,Y15-29,PC_POP,M,RO	: 	: 	: 	: 	: 	: 	8.1 	9.3 	9.4 	9.6 	9.7 	9.7 	9.4 	8.2 	7.8 	6.7 	6.7 	7.2 	7.0 	7.2 	6.5 	7.1 	7.4 
A,Y15-29,PC_POP,M,RS	: 	: 	: 	: 	: 	: 	: 	: 	: 	: 	: 	19.9 	17.9 	15.4 	14.1 	13.3 	11.7 	10.6 	10.9 	9.3 	10.2 	9.4 	9.8 
A,Y15-29,PC_POP,M,SE	: 	: 	: 	: 	: 	: 	12.1 	12.0 	11.0 	11.7 	11.8 	11.9 	10.3 	9.8 	9.1 	8.5 	9.2 	11.6 	11.7 	9.7 	10.8 	11.9 	12.3 
A,Y15-29,PC_POP,M,SI	: 	: 	: 	: 	: 	: 	6.8 	8.4 	8.2 	8.8 	9.6 	9.1 	8.6 	7.6 	5.0 	4.9 	3.6 	4.6 	4.5 	3.8 	4.5 	4.0 	4.0 
A,Y15-29,PC_POP,M,SK	: 	: 	: 	: 	: 	: 	10.8 	13.8 	13.2 b	13.2 	14.3 	12.5 	9.8 	8.2 	7.3 	6.3 	5.5 	6.4 	6.5 	6.1 	6.8 	6.1 	5.9 
A,Y15-29,PC_POP,M,TR	: 	: 	: 	: 	: 	: 	12.3 	10.2 	8.4 	7.7 	8.2 	9.4 b	9.3 	10.0 	10.2 	10.3 	13.1 	12.4 	11.3 b	10.1 	8.8 	8.1 	7.6 
A,Y15-29,PC_POP,T,AT	: 	: 	: 	: 	: 	: 	6.7 	5.9 	5.6 	6.0 	6.4 	6.5 	6.3 	6.8 	5.9 	5.4 	5.0 	6.4 	6.1 	5.2 	5.8 	5.7 	6.5 
A,Y15-29,PC_POP,T,BA	: 	: 	: 	: 	: 	: 	: 	: 	: 	: 	: 	: 	: 	: 	: 	: 	: 	: 	14.1 	12.3 	9.9 	9.2 	10.2 
A,Y15-29,PC_POP,T,BE	: 	: 	: 	: 	: 	: 	7.9 	8.4 	6.9 	7.4 	8.3 	8.3 	7.8 	7.0 	6.6 b	5.4 	5.0 	5.2 	6.1 	5.7 	5.8 	6.2 	6.5 
A,Y15-29,PC_POP,T,BG	: 	: 	: 	: 	: 	: 	6.1 	8.7 b	9.6 b	10.7 	11.0 	8.9 	7.4 	6.1 	5.4 	4.4 	4.0 b	4.5 	4.1 	3.2 	3.2 	3.0 b	2.9 
A,Y15-29,PC_POP,T,CH	: 	: 	: 	: 	: 	: 	: 	5.7 b	5.4 	5.5 	5.9 	5.8 	5.6 	5.8 	5.4 	5.2 	5.0 	5.2 	5.3 	4.5 	4.8 	5.2 	5.8 
A,Y15-29,PC_POP,T,CY	: 	: 	: 	: 	: 	: 	5.7 	7.1 	8.8 	12.1 	16.4 	15.9 	14.5 	12.7 	10.9 	8.7 	7.4 	7.9 	8.8 	8.6 	7.4 	6.1 	5.6 
A,Y15-29,PC_POP,T,CZ	: 	: 	: 	: 	: 	: 	5.8 	6.3 	5.7 b	6.5 	6.2 	5.5 	4.6 	3.8 	2.6 	2.3 	1.9 	2.5 	2.5 	2.0 	2.4 	2.6 	2.9 
A,Y15-29,PC_POP,T,DE	: 	: 	: 	: 	: 	: 	6.0 	5.3 b	4.6 b	4.8 	4.8 	4.6 	4.2 	4.0 	3.8 	3.5 	3.3 	4.2 b	3.8 	3.3 	3.3 	3.7 	4.2 
A,Y15-29,PC_POP,T,DK	: 	: 	: 	: 	: 	: 	8.4 	9.7 	10.0 	9.4 	8.5 	8.1 	7.2 	7.3 b	7.5 b	6.6 	6.6 	7.5 	6.4 	6.0 	7.2 b	9.0 	9.0 
A,Y15-29,PC_POP,T,EA20	: 	: 	: 	: 	: 	: 	9.6 	10.0 	10.0 	11.2 	11.7 	11.1 	10.3 	9.6 	8.6 	7.9 	7.3 	7.9 	7.7 	6.7 	6.7 	6.7 	6.8 
A,Y15-29,PC_POP,T,EA21	: 	: 	: 	: 	: 	: 	9.5 	10.0 	10.0 	11.2 	11.7 	11.0 	10.2 	9.5 	8.6 	7.8 	7.2 	7.9 	7.6 	6.7 	6.6 	6.6 	6.7 
A,Y15-29,PC_POP,T,EE	: 	: 	: 	: 	: 	: 	11.3 	13.4 	10.0 	8.6 	7.8 	6.6 	5.6 	6.1 	5.1 	4.7 	4.7 	7.5 	6.4 	6.8 	7.0 	8.5 	8.7 
A,Y15-29,PC_POP,T,EL	: 	: 	: 	: 	: 	: 	9.9 	12.7 	17.8 	22.4 	24.5 	22.2 	19.7 	18.0 	16.4 	14.7 	13.2 	13.1 	11.8 	10.6 	9.8 	8.5 	7.1 
A,Y15-29,PC_POP,T,ES	: 	: 	: 	: 	: 	: 	17.8 	19.2 	20.5 	23.3 	24.0 	21.7 	19.5 	17.2 	15.2 	13.4 	12.5 	14.0 	13.5 d	11.2 d	10.8 d	10.2 d	9.4 d
A,Y15-29,PC_POP,T,EU27_2020	: 	: 	: 	: 	: 	: 	9.0 	9.7 	9.7 	10.7 	11.1 	10.4 	9.6 	8.8 	7.9 	7.2 	6.7 	7.3 	7.1 	6.3 	6.3 	6.4 	6.5 
A,Y15-29,PC_POP,T,FI	: 	: 	: 	: 	: 	: 	9.9 	9.6 	9.3 	9.0 	9.5 	9.8 	10.8 	9.7 	9.5 	8.3 	8.0 	9.5 	8.4 	7.2 	8.2 	9.5 	10.8 
A,Y15-29,PC_POP,T,FR	7.9 	8.6 	8.6 	8.8 	8.2 	7.7 	9.8 	9.8 	9.6 	10.0 	10.5 	10.2 	10.2 	10.0 	9.1 	8.9 	8.1 	8.1 	8.0 d	7.7 d	7.7 d	8.2 d	8.8 d
A,Y15-29,PC_POP,T,HR	: 	: 	: 	: 	: 	: 	9.1 	12.4 	14.0 	15.4 	16.2 	16.4 	15.1 	12.9 	11.4 	8.8 	6.7 	8.1 	8.2 	7.0 	6.4 	6.0 	6.3 
A,Y15-29,PC_POP,T,HU	: 	: 	: 	: 	: 	: 	7.5 	8.1 	7.4 	8.5 	7.9 	6.6 	5.9 	4.5 	3.6 	3.3 b	3.7 	4.4 	4.3 	3.5 	4.1 	4.8 	4.6 
A,Y15-29,PC_POP,T,IE	: 	: 	: 	: 	: 	: 	14.0 	14.9 	15.8 	15.2 	13.1 	11.7 	9.8 	8.6 	6.7 	6.2 	5.7 	6.7 	6.8 b	5.3 	5.5 	5.6 	5.8 
A,Y15-29,PC_POP,T,IS	: 	: 	: 	: 	: 	: 	10.5 	10.4 	9.3 	8.9 	7.6 	7.2 	5.9 	4.5 	5.1 	4.3 	6.3 	7.2 b	8.0 	5.7 	6.0 	5.6 	6.1 
A,Y15-29,PC_POP,T,IT	: 	: 	: 	: 	: 	: 	8.1 	8.8 	8.7 	11.1 	12.4 	13.2 	12.2 	11.8 	11.1 	10.1 b	9.1 	8.6 	8.9 	7.4 	7.0 	5.9 	5.6 
A,Y15-29,PC_POP,T,LT	: 	: 	: 	: 	: 	: 	10.1 	12.6 	10.5 	9.3 	8.5 	7.6 	6.6 	5.5 	4.6 	4.1 	4.8 	7.4 	5.4 	4.5 	5.2 	6.2 	5.8 
A,Y15-29,PC_POP,T,LU	: 	: 	: 	: 	: 	: 	5.6 	3.9 	4.6 	5.2 	5.2 	6.2 	6.5 b	5.5 	4.9 	5.4 	6.1 	7.2 	5.5 	4.9 	6.0 	7.5 	6.5 
A,Y15-29,PC_POP,T,LV	: 	: 	: 	: 	: 	: 	14.7 	15.9 	12.6 	12.0 	9.4 	8.4 	7.8 	8.0 	7.0 	6.2 	5.3 	7.2 	5.8 	5.9 	4.9 	5.7 	5.7 
A,Y15-29,PC_POP,T,ME	: 	: 	: 	: 	: 	: 	: 	: 	12.9 	14.2 	13.0 	13.5 	13.7 	14.2 	12.9 	12.6 	11.4 	13.8 	: 	: 	: 	: 	: 
A,Y15-29,PC_POP,T,MK	: 	: 	: 	: 	: 	: 	22.6 	22.4 	22.7 	23.1 	22.4 	22.3 	20.9 	19.5 	19.5 	18.2 	15.1 	14.1 	12.9 b	11.7 	11.2 	10.8 	10.8 
A,Y15-29,PC_POP,T,MT	: 	: 	: 	: 	: 	: 	6.4 	6.2 	6.2 	6.3 	6.1 	5.8 	5.6 	4.9 	5.1 	4.0 	4.9 	5.5 	4.9 	4.9 	4.7 	4.5 	4.4 
A,Y15-29,PC_POP,T,NL	: 	: 	: 	: 	: 	: 	7.6 	8.0 	7.4 	8.6 	9.6 	9.1 	8.3 	7.7 	6.6 	5.6 	5.6 	7.0 	6.1 	5.3 	5.7 	6.0 	6.1 
A,Y15-29,PC_POP,T,NO	: 	: 	: 	: 	: 	: 	5.1 	5.7 	5.1 	5.0 	5.7 	4.8 	5.9 	6.2 	5.3 	5.1 	5.1 	6.2 	6.5 	5.3 	6.0 	6.3 	7.3 
A,Y15-29,PC_POP,T,PL	: 	: 	: 	: 	: 	: 	7.4 	8.9 b	9.2 	9.7 	10.0 	8.8 	7.4 	6.4 	5.1 	4.1 	3.5 b	3.6 	3.8 	3.5 	3.5 	3.5 	3.7 
A,Y15-29,PC_POP,T,PT	: 	: 	: 	: 	: 	: 	9.8 	10.8 	12.5 	15.4 	15.4 	13.3 	11.6 	10.6 	8.7 	7.3 	6.6 	7.8 	7.6 	6.8 	7.6 	7.6 	7.3 
A,Y15-29,PC_POP,T,RO	: 	: 	: 	: 	: 	: 	6.5 	7.9 	8.1 	8.1 	8.3 	8.3 	8.0 	6.9 	6.4 	5.4 	5.5 	6.0 	5.7 	6.0 	5.3 	5.9 	6.3 
A,Y15-29,PC_POP,T,RS	: 	: 	: 	: 	: 	: 	: 	: 	: 	: 	: 	18.0 	16.8 	14.7 	13.3 	12.4 	10.5 	9.6 	9.8 	8.5 	9.1 	8.4 	8.9 
A,Y15-29,PC_POP,T,SE	: 	: 	: 	: 	: 	: 	11.5 	11.5 	10.7 	11.1 	11.3 	11.1 	10.0 	9.1 	8.7 	8.3 	9.3 	11.1 	11.5 	10.3 	10.9 	11.6 	12.2 
A,Y15-29,PC_POP,T,SI	: 	: 	: 	: 	: 	: 	6.7 	7.8 	8.2 	9.2 	10.1 	9.9 	8.8 	7.8 	6.1 	5.0 	4.1 	5.0 	4.9 	4.3 	3.9 	4.3 	4.5 
A,Y15-29,PC_POP,T,SK	: 	: 	: 	: 	: 	: 	9.7 	11.7 	11.5 b	12.3 	12.4 	10.8 	9.2 	8.3 	7.1 	5.8 	4.9 	6.1 	6.2 	5.5 	5.6 	5.3 	5.0 
A,Y15-29,PC_POP,T,TR	: 	: 	: 	: 	: 	: 	9.0 	7.8 	6.7 	6.3 	6.9 	7.7 b	8.1 	8.8 	9.3 	9.4 	11.7 	10.5 	10.2 b	9.4 	8.6 	8.2 	7.8 
A,Y15-29,THS_PER,F,AT	: 	: 	: 	: 	: 	: 	45 	42 	40 	42 	46 	44 	40 	41 	36 	37 	32 	41 	42 	34 	40 	36 	41 
A,Y15-29,THS_PER,F,BA	: 	: 	: 	: 	: 	: 	: 	: 	: 	: 	: 	: 	: 	: 	: 	: 	: 	: 	40 	35 	26 	25 	29 
A,Y15-29,THS_PER,F,BE	: 	: 	: 	: 	: 	: 	73 	77 	64 	68 	74 	72 	66 	62 	58 b	50 	42 	48 	49 	48 	50 	49 	55 
A,Y15-29,THS_PER,F,BG	: 	: 	: 	: 	: 	: 	32 	46 b	53 b	55 	57 	46 	36 	26 	24 	17 	13 b	16 	14 	10 	11 	10 b	10 
A,Y15-29,THS_PER,F,CH	: 	: 	: 	: 	: 	: 	: 	41 b	38 	37 	40 	40 	39 	39 	36 	36 	33 	33 	37 	30 	32 	36 	41 
A,Y15-29,THS_PER,F,CY	: 	: 	: 	: 	: 	: 	5 	6 	7 	10 	14 	14 	13 	11 	10 	7 	5 	4 	5 	6 	4 	3 	3 
A,Y15-29,THS_PER,F,CZ	: 	: 	: 	: 	: 	: 	51 	54 	48 b	52 	49 	44 	38 	32 	21 	18 	14 	19 	19 	15 	21 	21 	22 
A,Y15-29,THS_PER,F,DE	: 	: 	: 	: 	: 	: 	341 	291 b	258 b	276 	270 	255 	233 	219 	203 	178 	164 	220 b	199 	172 	181 	206 	230 
A,Y15-29,THS_PER,F,DK	: 	: 	: 	: 	: 	: 	34 	40 	46 	44 	42 	39 	36 	38 b	40 b	34 	35 	39 	34 	33 	41 b	50 	48 
A,Y15-29,THS_PER,F,EA20	: 	: 	: 	: 	: 	: 	2556 	2647 	2685 	2942 	3056 	2881 	2643 	2490 	2236 	2006 	1832 	2007 	1943 	1717 	1712 	1709 	1748 
A,Y15-29,THS_PER,F,EA21	: 	: 	: 	: 	: 	: 	2588 	2693 	2738 	2997 	3114 	2927 	2679 	2516 	2260 	2023 	1846 	2023 	1957 	1728 	1723 	1719 	1758 
A,Y15-29,THS_PER,F,EE	: 	: 	: 	: 	: 	: 	11 	15 	12 	10 	9 	6 	6 	5 	5 	5 	5 	8 	6 	6 	7 	9 	8 
A,Y15-29,THS_PER,F,EL	: 	: 	: 	: 	: 	: 	113 	136 	175 	206 	213 	194 	171 	154 	145 	125 	108 	105 	98 	92 	82 	65 	56 
A,Y15-29,THS_PER,F,ES	: 	: 	: 	: 	: 	: 	649 	699 	731 	805 	815 	734 	648 	583 	507 	446 	433 	493 	475 d	404 d	390 d	381 d	364 d
A,Y15-29,THS_PER,F,EU27_2020	: 	: 	: 	: 	: 	: 	3218 	3385 	3442 	3725 	3827 	3554 	3204 	2969 	2646 	2353 	2167 	2371 	2300 	2053 	2062 	2080 	2139 
A,Y15-29,THS_PER,F,FI	: 	: 	: 	: 	: 	: 	42 	40 	40 	40 	40 	41 	45 	42 	42 	37 	33 	39 	36 	33 	36 	41 	48 
A,Y15-29,THS_PER,F,FR	434 	466 	472 	485 	457 	419 	518 	526 	530 	519 	559 	518 	521 	524 	469 	459 	411 	428 	419 d	386 d	409 d	439 d	472 d
A,Y15-29,THS_PER,F,HR	: 	: 	: 	: 	: 	: 	38 	45 	48 	51 	52 	55 	51 	42 	36 	31 	23 	25 	25 	25 	20 	15 	16 
A,Y15-29,THS_PER,F,HU	: 	: 	: 	: 	: 	: 	57 	60 	56 	62 	60 	51 	42 	33 	30 	25 b	24 	31 	30 	22 	27 	30 	29 
A,Y15-29,THS_PER,F,IE	: 	: 	: 	: 	: 	: 	48 	52 	54 	52 	48 	42 	33 	30 	25 	24 	21 	28 	29 b	24 	24 	26 	28 
A,Y15-29,THS_PER,F,IS	: 	: 	: 	: 	: 	: 	3 	3 	2 	2 	2 	2 	2 	1 	2 	1 	2 	2 b	3 	2 	2 	2 	2 
A,Y15-29,THS_PER,F,IT	: 	: 	: 	: 	: 	: 	362 	373 	385 	469 	526 	551 	497 	492 	456 	416 b	371 	335 	345 	301 	277 	233 	221 
A,Y15-29,THS_PER,F,LT	: 	: 	: 	: 	: 	: 	23 	31 	23 	21 	21 	18 	17 	11 	8 	7 	8 	12 	11 	8 	8 	11 	9 
A,Y15-29,THS_PER,F,LU	: 	: 	: 	: 	: 	: 	2 	2 	2 	3 	2 	2 	3 b	3 	2 	3 	3 	4 	3 	3 	4 u	4 u	: u
A,Y15-29,THS_PER,F,LV	: 	: 	: 	: 	: 	: 	26 	30 	23 	22 	16 	14 	11 	10 	10 	8 	6 	9 	6 	5 	5 	7 	6 
A,Y15-29,THS_PER,F,ME	: 	: 	: 	: 	: 	: 	: 	: 	8 	8 	7 	8 	8 	8 	8 	7 	6 	8 	: 	: 	: 	: 	: 
A,Y15-29,THS_PER,F,MK	: 	: 	: 	: 	: 	: 	45 	43 	44 	42 	42 	43 	34 	32 	34 	30 	27 	25 	17 b	15 	13 	13 	13 
A,Y15-29,THS_PER,F,MT	: 	: 	: 	: 	: 	: 	2 	2 	2 	3 	2 	2 	2 	2 	2 	1 	2 	2 	1 	2 	2 u	2 	2 
A,Y15-29,THS_PER,F,NL	: 	: 	: 	: 	: 	: 	106 	114 	107 	130 	143 	140 	126 	117 	106 	82 	81 	111 	97 	85 	92 	97 	100 
A,Y15-29,THS_PER,F,NO	: 	: 	: 	: 	: 	: 	21 	21 	22 	21 	24 	21 	26 	26 	24 	24 	24 	29 	30 	23 	28 	29 	34 
A,Y15-29,THS_PER,F,PL	: 	: 	: 	: 	: 	: 	285 	321 b	338 	356 	343 	279 	209 	180 	139 	115 	99 b	94 	95 	88 	96 	93 	100 
A,Y15-29,THS_PER,F,PT	: 	: 	: 	: 	: 	: 	88 	94 	112 	135 	133 	113 	98 	87 	72 	57 	57 	61 	64 	54 	59 	60 	61 
A,Y15-29,THS_PER,F,RO	: 	: 	: 	: 	: 	: 	109 	120 	125 	120 	123 	121 	112 	94 	81 	66 	64 	71 	63 	70 	58 	67 	75 
A,Y15-29,THS_PER,F,RS	: 	: 	: 	: 	: 	: 	: 	: 	: 	: 	: 	97 	92 	80 	70 	63 	50 	45 	45 	40 	40 	36 	39 
A,Y15-29,THS_PER,F,SE	: 	: 	: 	: 	: 	: 	94 	97 	92 	94 	97 	93 	88 	76 	75 	73 	86 	94 	101 	97 	97 	99 	107 
A,Y15-29,THS_PER,F,SI	: 	: 	: 	: 	: 	: 	12 	13 	15 	17 	18 	18 	15 	12 	11 	8 	7 	8 	7 	7 	5 u	7 	7 
A,Y15-29,THS_PER,F,SK	: 	: 	: 	: 	: 	: 	53 	58 	57 b	64 	57 	48 	45 	43 	34 	25 	19 	26 	26 	21 	18 	18 	16 
A,Y15-29,THS_PER,F,TR	: 	: 	: 	: 	: 	: 	519 	493 	458 	439 	500 	546 b	620 	686 	743 	745 	898 	757 	821 b	782 	751 	738 	702 
A,Y15-29,THS_PER,M,AT	: 	: 	: 	: 	: 	: 	57 	49 	45 	49 	52 	55 	56 	65 	55 	47 	43 	54 	47 	42 	45 	48 	55 
A,Y15-29,THS_PER,M,BA	: 	: 	: 	: 	: 	: 	: 	: 	: 	: 	: 	: 	: 	: 	: 	: 	: 	: 	48 	39 	33 	30 	31 
A,Y15-29,THS_PER,M,BE	: 	: 	: 	: 	: 	: 	84 	91 	75 	82 	95 	96 	94 	81 	75 b	59 	59 	58 	74 	68 	70 	80 	83 
A,Y15-29,THS_PER,M,BG	: 	: 	: 	: 	: 	: 	53 	75 b	77 b	85 	82 	63 	52 	45 	37 	31 	22 b	24 	21 	17 	16 	15 b	15 
A,Y15-29,THS_PER,M,CH	: 	: 	: 	: 	: 	: 	: 	41 b	40 	42 	46 	45 	43 	46 	43 	40 	39 	41 	39 	35 	37 	38 	43 
A,Y15-29,THS_PER,M,CY	: 	: 	: 	: 	: 	: 	5 	6 	8 	11 	16 	15 	12 	10 	9 	8 	6 	7 	7 	6 	6 	5 	5 
A,Y15-29,THS_PER,M,CZ	: 	: 	: 	: 	: 	: 	70 	76 	64 b	72 	67 	54 	43 	33 	23 	19 	16 	21 	20 	15 	19 	22 	26 
A,Y15-29,THS_PER,M,DE	: 	: 	: 	: 	: 	: 	515 	425 b	359 b	370 	370 	353 	333 	330 	315 	291 	264 	323 b	281 	248 	247 	286 	323 
A,Y15-29,THS_PER,M,DK	: 	: 	: 	: 	: 	: 	48 	56 	54 	52 	46 	47 	41 	42 b	43 b	40 	38 	44 	37 	34 	40 b	51 	53 
A,Y15-29,THS_PER,M,EA20	: 	: 	: 	: 	: 	: 	3228 	3258 	3142 	3497 	3594 	3398 	3149 	2901 	2617 	2386 	2208 	2371 	2266 	2009 	2023 	2069 	2115 
A,Y15-29,THS_PER,M,EA21	: 	: 	: 	: 	: 	: 	3281 	3333 	3219 	3581 	3676 	3461 	3200 	2946 	2654 	2417 	2230 	2395 	2288 	2026 	2040 	2085 	2131 
A,Y15-29,THS_PER,M,EE	: 	: 	: 	: 	: 	: 	21 	22 	15 	13 	10 	10 	7 	9 	7 	6 	4 	8 	7 	7 	7 	9 	10 
A,Y15-29,THS_PER,M,EL	: 	: 	: 	: 	: 	: 	87 	111 	162 	204 	221 	190 	163 	146 	123 	111 	103 	105 	93 	79 	77 	76 	60 
A,Y15-29,THS_PER,M,ES	: 	: 	: 	: 	: 	: 	850 	868 	877 	965 	947 	821 	732 	621 	556 	499 	467 	529 	513 d	430 d	439 d	428 d	402 d
A,Y15-29,THS_PER,M,EU27_2020	: 	: 	: 	: 	: 	: 	4117 	4235 	4075 	4461 	4545 	4253 	3910 	3544 	3158 	2839 	2627 	2844 	2725 	2418 	2435 	2519 	2587 
A,Y15-29,THS_PER,M,FI	: 	: 	: 	: 	: 	: 	55 	54 	51 	49 	53 	55 	58 	52 	50 	42 	42 	50 	43 	34 	41 	49 	55 
A,Y15-29,THS_PER,M,FR	475 	515 	522 	533 	494 	475 	621 	601 	569 	613 	630 	635 	639 	608 	561 	547 	514 	495 	475 d	492 d	480 d	516 d	566 d
A,Y15-29,THS_PER,M,HR	: 	: 	: 	: 	: 	: 	36 	54 	62 	69 	72 	67 	57 	47 	40 	26 	19 	25 	25 	17 	20 	22 	24 
A,Y15-29,THS_PER,M,HU	: 	: 	: 	: 	: 	: 	85 	89 	77 	88 	80 	62 	57 	43 	30 	29 b	35 	37 	35 	31 	36 	41 	39 
A,Y15-29,THS_PER,M,IE	: 	: 	: 	: 	: 	: 	97 	95 	94 	86 	68 	60 	52 	45 	34 	32 	31 	34 	35 b	27 	30 	30 	33 
A,Y15-29,THS_PER,M,IS	: 	: 	: 	: 	: 	: 	4 	4 	4 	3 	3 	3 	2 	1 	2 	2 	3 	3 b	3 	2 	3 	2 	2 
A,Y15-29,THS_PER,M,IT	: 	: 	: 	: 	: 	: 	404 	449 	429 	563 	623 	657 	613 	577 	539 	492 b	443 	424 	438 	350 	332 	290 	270 
A,Y15-29,THS_PER,M,LT	: 	: 	: 	: 	: 	: 	46 	52 	39 	34 	28 	26 	19 	18 	14 	12 	14 	20 	12 	10 	13 	14 	14 
A,Y15-29,THS_PER,M,LU	: 	: 	: 	: 	: 	: 	3 	2 	2 	2 	3 	4 	3 b	3 	3 	3 	4 	5 	3 	3 	4 u	5 	: u
A,Y15-29,THS_PER,M,LV	: 	: 	: 	: 	: 	: 	43 	40 	30 	25 	20 	16 	16 	16 	12 	11 	9 	11 	10 	10 	8 	8 	9 
A,Y15-29,THS_PER,M,ME	: 	: 	: 	: 	: 	: 	: 	: 	9 	11 	11 	10 	10 	11 	9 	10 	9 	10 	: 	: 	: 	: 	: 
A,Y15-29,THS_PER,M,MK	: 	: 	: 	: 	: 	: 	65 	65 	65 	66 	61 	59 	59 	53 	49 	46 	34 	31 	25 b	23 	23 	21 	21 
A,Y15-29,THS_PER,M,MT	: 	: 	: 	: 	: 	: 	3 	3 	3 	3 	3 	3 	3 	3 	3 	2 	3 	3 	3 	3 	3 	3 	2 
A,Y15-29,THS_PER,M,NL	: 	: 	: 	: 	: 	: 	121 	125 	115 	129 	153 	140 	130 	126 	104 	96 	99 	116 	99 	90 	99 	102 	105 
A,Y15-29,THS_PER,M,NO	: 	: 	: 	: 	: 	: 	26 	32 	28 	28 	33 	28 	34 	37 	30 	28 	28 	35 	35 	30 	33 	35 	42 
A,Y15-29,THS_PER,M,PL	: 	: 	: 	: 	: 	: 	328 	387 b	375 	375 	381 	333 	294 	239 	183 	138 	110 b	120 	124 	108 	100 	97 	106 
A,Y15-29,THS_PER,M,PT	: 	: 	: 	: 	: 	: 	97 	105 	112 	134 	130 	109 	94 	89 	71 	63 	51 	66 	63 	58 	66 	66 	63 
A,Y15-29,THS_PER,M,RO	: 	: 	: 	: 	: 	: 	195 	183 	183 	184 	185 	184 	176 	150 	137 	114 	109 	115 	108 	111 	97 	111 	116 
A,Y15-29,THS_PER,M,RS	: 	: 	: 	: 	: 	: 	: 	: 	: 	: 	: 	126 	111 	93 	83 	77 	67 	59 	59 	50 	54 	50 	51 
A,Y15-29,THS_PER,M,SE	: 	: 	: 	: 	: 	: 	111 	111 	103 	110 	111 	112 	97 	93 	88 	83 	90 	113 	113 	93 	103 	112 	117 
A,Y15-29,THS_PER,M,SI	: 	: 	: 	: 	: 	: 	14 	17 	16 	16 	18 	16 	15 	13 	8 	8 	6 	8 	7 	6 	7 	7 	7 
A,Y15-29,THS_PER,M,SK	: 	: 	: 	: 	: 	: 	70 	88 	80 b	79 	83 	71 	54 	44 	38 	32 	27 	30 	30 	27 	29 	26 	25 
A,Y15-29,THS_PER,M,TR	: 	: 	: 	: 	: 	: 	1080 	889 	741 	678 	730 	838 b	831 	899 	921 	927 	1172 	1117 	1035 b	936 	820 	747 	693 
A,Y15-29,THS_PER,T,AT	: 	: 	: 	: 	: 	: 	102 	91 	85 	91 	97 	99 	97 	106 	92 	83 	75 	96 	89 	77 	86 	84 	96 
A,Y15-29,THS_PER,T,BA	: 	: 	: 	: 	: 	: 	: 	: 	: 	: 	: 	: 	: 	: 	: 	: 	: 	: 	87 	74 	59 	55 	60 
A,Y15-29,THS_PER,T,BE	: 	: 	: 	: 	: 	: 	157 	168 	139 	150 	168 	167 	159 	142 	133 b	109 	101 	107 	123 	117 	120 	130 	138 
A,Y15-29,THS_PER,T,BG	: 	: 	: 	: 	: 	: 	84 	121 b	130 b	139 	139 	109 	87 	70 	60 	47 	36 b	39 	35 	27 	27 	26 b	25 
A,Y15-29,THS_PER,T,CH	: 	: 	: 	: 	: 	: 	: 	82 b	77 	80 	86 	85 	82 	85 	79 	76 	73 	74 	76 	64 	69 	75 	84 
A,Y15-29,THS_PER,T,CY	: 	: 	: 	: 	: 	: 	10 	12 	16 	22 	29 	28 	24 	21 	18 	15 	11 	11 	13 	13 	11 	9 	8 
A,Y15-29,THS_PER,T,CZ	: 	: 	: 	: 	: 	: 	121 	130 	112 b	123 	116 	99 	81 	65 	44 	37 	30 	41 	39 	30 	40 	43 	48 
A,Y15-29,THS_PER,T,DE	: 	: 	: 	: 	: 	: 	856 	717 b	616 b	646 	640 	608 	566 	550 	519 	470 	428 	544 b	480 	420 	427 	492 	553 
A,Y15-29,THS_PER,T,DK	: 	: 	: 	: 	: 	: 	81 	96 	100 	96 	88 	86 	77 	80 b	83 b	74 	74 	83 	71 	67 	81 b	101 	101 
A,Y15-29,THS_PER,T,EA20	: 	: 	: 	: 	: 	: 	5784 	5905 	5827 	6439 	6651 	6279 	5792 	5392 	4854 	4393 	4040 	4379 	4210 	3726 	3736 	3778 	3864 
A,Y15-29,THS_PER,T,EA21	: 	: 	: 	: 	: 	: 	5868 	6026 	5957 	6578 	6790 	6388 	5879 	5462 	4914 	4440 	4076 	4418 	4245 	3754 	3763 	3803 	3889 
A,Y15-29,THS_PER,T,EE	: 	: 	: 	: 	: 	: 	31 	36 	26 	22 	19 	16 	13 	14 	11 	10 	10 	15 	13 	13 	14 	18 	18 
A,Y15-29,THS_PER,T,EL	: 	: 	: 	: 	: 	: 	199 	248 	336 	410 	434 	384 	334 	300 	267 	236 	212 	210 	191 	172 	159 	140 	116 
A,Y15-29,THS_PER,T,ES	: 	: 	: 	: 	: 	: 	1499 	1567 	1608 	1770 	1763 	1555 	1380 	1204 	1063 	945 	899 	1022 	988 d	834 d	829 d	808 d	766 d
A,Y15-29,THS_PER,T,EU27_2020	: 	: 	: 	: 	: 	: 	7335 	7620 	7518 	8186 	8372 	7807 	7114 	6513 	5804 	5192 	4795 	5216 	5025 	4471 	4497 	4599 	4726 
A,Y15-29,THS_PER,T,FI	: 	: 	: 	: 	: 	: 	97 	95 	91 	89 	93 	96 	104 	94 	92 	79 	76 	89 	79 	67 	77 	90 	103 
A,Y15-29,THS_PER,T,FR	909 	981 	994 	1018 	951 	895 	1139 	1127 	1098 	1132 	1189 	1153 	1160 	1131 	1030 	1006 	925 	923 	893 d	878 d	889 d	955 d	1038 d
A,Y15-29,THS_PER,T,HR	: 	: 	: 	: 	: 	: 	73 	99 	110 	120 	123 	121 	108 	89 	76 	57 	42 	50 	50 	42 	39 	37 	40 
A,Y15-29,THS_PER,T,HU	: 	: 	: 	: 	: 	: 	142 	149 	133 	150 	139 	113 	100 	76 	60 	54 b	58 	68 	65 	52 	63 	72 	68 
A,Y15-29,THS_PER,T,IE	: 	: 	: 	: 	: 	: 	145 	148 	148 	137 	116 	103 	86 	75 	59 	56 	51 	62 	64 b	51 	54 	56 	60 
A,Y15-29,THS_PER,T,IS	: 	: 	: 	: 	: 	: 	7 	7 	6 	5 	5 	4 	4 	3 	3 	3 	4 	5 b	5 	4 	4 	4 	5 
A,Y15-29,THS_PER,T,IT	: 	: 	: 	: 	: 	: 	766 	822 	814 	1032 	1148 	1208 	1110 	1070 	995 	909 b	814 	759 	783 	650 	608 	523 	491 
A,Y15-29,THS_PER,T,LT	: 	: 	: 	: 	: 	: 	69 	83 	63 	55 	49 	43 	36 	29 	22 	19 	21 	32 	23 	18 	21 	25 	23 
A,Y15-29,THS_PER,T,LU	: 	: 	: 	: 	: 	: 	5 	4 	4 	5 	5 	6 	7 b	6 	5 	6 	7 	9 	6 	6 	7 	9 	8 
A,Y15-29,THS_PER,T,LV	: 	: 	: 	: 	: 	: 	69 	70 	53 	48 	36 	30 	27 	26 	22 	18 	15 	20 	16 	16 	13 	15 	15 
A,Y15-29,THS_PER,T,ME	: 	: 	: 	: 	: 	: 	: 	: 	17 	19 	18 	18 	18 	19 	17 	17 	15 	18 	: 	: 	: 	: 	: 
A,Y15-29,THS_PER,T,MK	: 	: 	: 	: 	: 	: 	110 	108 	109 	108 	103 	102 	93 	85 	83 	76 	61 	56 	42 b	38 	36 	34 	34 
A,Y15-29,THS_PER,T,MT	: 	: 	: 	: 	: 	: 	6 	5 	5 	5 	5 	5 	5 	4 	5 	4 	5 	5 	5 	5 	5 	5 	5 
A,Y15-29,THS_PER,T,NL	: 	: 	: 	: 	: 	: 	226 	239 	221 	259 	296 	280 	256 	243 	210 	178 	181 	226 	196 	175 	191 	200 	205 
A,Y15-29,THS_PER,T,NO	: 	: 	: 	: 	: 	: 	47 	53 	49 	49 	57 	49 	60 	63 	54 	52 	52 	63 	65 	53 	61 	64 	76 
A,Y15-29,THS_PER,T,PL	: 	: 	: 	: 	: 	: 	614 	708 b	712 	731 	724 	611 	504 	419 	321 	252 	209 b	214 	219 	197 	196 	190 	206 
A,Y15-29,THS_PER,T,PT	: 	: 	: 	: 	: 	: 	185 	199 	225 	269 	263 	222 	192 	176 	144 	120 	108 	127 	127 	113 	125 	126 	125 
A,Y15-29,THS_PER,T,RO	: 	: 	: 	: 	: 	: 	304 	303 	308 	304 	308 	306 	288 	244 	218 	180 	173 	186 	172 	181 	154 	178 	191 
A,Y15-29,THS_PER,T,RS	: 	: 	: 	: 	: 	: 	: 	: 	: 	: 	: 	223 	202 	173 	153 	140 	116 	104 	104 	90 	95 	86 	90 
A,Y15-29,THS_PER,T,SE	: 	: 	: 	: 	: 	: 	205 	209 	195 	204 	207 	204 	185 	169 	163 	156 	175 	207 	214 	190 	200 	212 	224 
A,Y15-29,THS_PER,T,SI	: 	: 	: 	: 	: 	: 	26 	30 	31 	33 	36 	34 	29 	25 	19 	16 	13 	15 	15 	13 	12 	13 	14 
A,Y15-29,THS_PER,T,SK	: 	: 	: 	: 	: 	: 	123 	147 	137 b	143 	140 	119 	99 	86 	71 	56 	46 	57 	56 	47 	47 	44 	41 
A,Y15-29,THS_PER,T,TR	: 	: 	: 	: 	: 	: 	1599 	1383 	1198 	1117 	1229 	1384 b	1451 	1585 	1664 	1673 	2070 	1874 	1856 b	1718 	1571 	1485 	1395 
A,Y15-74,PC_ACT,F,AT	: 	: 	: 	: 	: 	: 	5.3 	4.9 	4.8 	5.0 	5.5 	5.6 	5.6 	5.8 	5.3 	4.9 	4.6 	5.9 	6.1 	4.5 	4.9 	4.7 	5.3 
A,Y15-74,PC_ACT,F,BA	: 	: 	: 	: 	: 	: 	: 	: 	: 	: 	: 	: 	: 	: 	: 	: 	: 	: 	22.0 	19.8 	16.7 	16.6 	16.5 
A,Y15-74,PC_ACT,F,BE	: 	: 	: 	: 	: 	: 	8.2 	8.6 	7.3 	7.5 	8.3 	8.1 	7.9 	7.6 	7.1 b	5.6 	5.0 	5.5 	5.9 	5.3 	5.1 	5.3 	5.6 
A,Y15-74,PC_ACT,F,BG	: 	: 	: 	: 	: 	: 	7.7 	10.6 b	11.1 b	11.8 	12.8 	11.3 	9.3 	7.9 	6.9 	5.6 	4.8 b	5.6 	4.9 	3.9 	4.2 	3.9 b	3.4 
A,Y15-74,PC_ACT,F,CH	: 	: 	: 	: 	: 	: 	: 	5.2 b	4.8 	4.7 	4.9 	5.0 	4.9 	5.0 	5.1 	5.1 	4.7 	5.0 	5.3 	4.4 	4.3 	4.6 	4.9 
A,Y15-74,PC_ACT,F,CY	: 	: 	: 	: 	: 	: 	5.5 	6.4 	7.7 	11.1 	15.2 	15.1 	14.8 	13.4 	11.3 	8.8 	7.7 	7.5 	7.3 	6.8 	5.8 	5.1 	4.8 
A,Y15-74,PC_ACT,F,CZ	: 	: 	: 	: 	: 	: 	7.7 	8.5 	7.9 b	8.2 	8.3 	7.4 	6.1 	4.7 	3.6 	2.8 	2.4 	3.0 	3.4 	2.8 	3.1 	3.0 	3.1 
A,Y15-74,PC_ACT,F,DE	: 	: 	: 	: 	: 	: 	6.9 	6.1 b	5.3 b	4.9 	4.6 	4.4 	4.0 	3.5 	3.1 	2.7 	2.6 	3.2 b	3.2 	2.9 	2.8 	3.2 	3.5 
A,Y15-74,PC_ACT,F,DK	: 	: 	: 	: 	: 	: 	5.7 	6.8 	7.6 	7.8 	7.7 	7.1 	6.5 	6.4 b	6.1 b	5.3 	5.3 	6.0 	5.2 	4.5 	5.3 b	6.5 	6.4 
A,Y15-74,PC_ACT,F,EA20	: 	: 	: 	: 	: 	: 	9.8 	10.4 	10.5 	11.7 	12.3 	11.9 	11.2 	10.5 	9.5 	8.6 	8.0 	8.3 	8.2 	7.2 	7.0 	6.7 	6.6 
A,Y15-74,PC_ACT,F,EA21	: 	: 	: 	: 	: 	: 	9.8 	10.4 	10.6 	11.7 	12.3 	11.9 	11.1 	10.4 	9.5 	8.6 	7.9 	8.3 	8.1 	7.2 	6.9 	6.6 	6.6 
A,Y15-74,PC_ACT,F,EE	: 	: 	: 	: 	: 	: 	10.2 	13.9 	11.5 	8.9 	8.0 	6.7 	6.2 	6.1 	5.1 	5.2 	4.8 	6.6 	5.6 	5.1 	6.7 	7.5 	6.6 
A,Y15-74,PC_ACT,F,EL	: 	: 	: 	: 	: 	: 	13.5 	16.7 	21.8 	28.6 	31.7 	30.4 	29.0 	28.5 	26.4 	24.7 	22.4 	21.5 	18.9 	16.4 	14.3 	12.8 	11.2 
A,Y15-74,PC_ACT,F,ES	: 	: 	: 	: 	: 	: 	18.1 	20.2 	21.8 	25.1 	26.7 	25.4 	23.6 	21.4 	19.0 	17.0 	16.0 	17.4 	16.8 d	14.9 d	13.9 d	12.7 d	11.9 d
A,Y15-74,PC_ACT,F,EU27_2020	: 	: 	: 	: 	: 	: 	9.5 	10.2 	10.3 	11.2 	11.7 	11.2 	10.3 	9.5 	8.6 	7.7 	7.2 	7.6 	7.4 	6.5 	6.4 	6.2 	6.2 
A,Y15-74,PC_ACT,F,FI	: 	: 	: 	: 	: 	: 	7.4 	7.7 	7.2 	7.1 	7.5 	7.8 	8.6 	8.4 	8.3 	7.2 	6.2 	7.4 	7.1 	6.4 	6.5 	7.6 	9.1 
A,Y15-74,PC_ACT,F,FR	9.3 	9.7 	9.6 	9.5 	8.4 	7.8 	9.2 	9.5 	9.5 	9.7 	10.2 	10.0 	9.9 	9.9 	9.4 	9.1 	8.4 	8.0 	7.8 d	7.2 d	7.3 d	7.3 d	7.6 d
A,Y15-74,PC_ACT,F,HR	: 	: 	: 	: 	: 	: 	10.5 	12.5 	13.6 	16.0 	16.8 	18.3 	17.0 	13.7 	11.8 	9.3 	7.1 	7.5 	8.0 	7.9 	6.7 	5.0 	4.3 
A,Y15-74,PC_ACT,F,HU	: 	: 	: 	: 	: 	: 	9.0 	9.9 	10.2 	9.9 	9.5 	7.5 	6.6 	4.8 	4.3 	3.7 b	3.3 	4.1 	4.2 	3.5 	4.2 	4.4 	4.3 
A,Y15-74,PC_ACT,F,IE	: 	: 	: 	: 	: 	: 	9.5 	11.4 	12.5 	12.8 	12.4 	10.9 	8.9 	7.6 	6.3 	5.7 	4.7 	5.9 	6.1 b	4.6 	4.2 	4.3 	4.6 
A,Y15-74,PC_ACT,F,IS	: 	: 	: 	: 	: 	: 	5.7 	6.7 	6.2 	5.7 	5.1 	4.8 	4.1 	3.0 	2.7 	2.5 	3.1 	5.3 b	6.4 	3.4 	3.1 	3.3 	4.4 
A,Y15-74,PC_ACT,F,IT	: 	: 	: 	: 	: 	: 	9.3 	9.7 	9.7 	12.0 	13.2 	13.9 	12.7 	12.8 	12.4 	11.7 b	11.1 	10.4 	10.6 	9.4 	8.8 	7.3 	6.8 
A,Y15-74,PC_ACT,F,LT	: 	: 	: 	: 	: 	: 	10.5 	14.5 	12.9 	11.6 	10.5 	9.2 	8.2 	6.7 	5.7 	5.4 	5.5 	7.7 	6.6 	5.5 	6.4 	6.5 	5.8 
A,Y15-74,PC_ACT,F,LU	: 	: 	: 	: 	: 	: 	6.1 	5.1 	6.3 	5.9 	6.4 	5.8 	7.4 b	6.6 	5.5 	5.9 	5.5 	7.0 	5.6 	4.7 	5.4 	6.3 	6.8 
A,Y15-74,PC_ACT,F,LV	: 	: 	: 	: 	: 	: 	14.2 	16.5 	13.8 	14.0 	11.2 	9.9 	8.7 	8.5 	7.7 	6.5 	5.4 	7.1 	6.6 	5.6 	5.4 	5.8 	6.1 
A,Y15-74,PC_ACT,F,ME	: 	: 	: 	: 	: 	: 	: 	: 	20.1 	20.3 	18.8 	18.2 	17.3 	17.1 	17.0 	15.1 	15.7 	18.4 	: 	: 	: 	: 	: 
A,Y15-74,PC_ACT,F,MK	: 	: 	: 	: 	: 	: 	32.8 	32.3 	30.8 	30.3 	29.0 	28.6 	25.1 	22.8 	21.8 	19.9 	18.4 	15.9 	13.7 b	12.5 	11.4 	11.0 	10.6 
A,Y15-74,PC_ACT,F,MT	: 	: 	: 	: 	: 	: 	7.6 	7.1 	7.1 	7.2 	6.1 	5.1 	5.4 	5.2 	4.3 	3.7 	4.7 	5.1 	3.6 	3.1 	3.2 	3.0 	3.0 
A,Y15-74,PC_ACT,F,NL	: 	: 	: 	: 	: 	: 	6.1 	6.7 	6.6 	7.4 	8.4 	8.8 	8.4 	7.6 	6.4 	5.1 	4.5 	5.1 	4.5 	3.8 	3.8 	3.8 	4.0 
A,Y15-74,PC_ACT,F,NO	: 	: 	: 	: 	: 	: 	3.0 	3.3 	3.4 	3.1 	3.7 	3.6 	4.3 	4.2 	4.0 	3.8 	3.6 	4.5 	4.2 	3.1 	3.5 	3.8 	4.1 
A,Y15-74,PC_ACT,F,PL	: 	: 	: 	: 	: 	: 	9.0 	10.3 b	10.7 	11.2 	11.4 	9.8 	7.8 	6.3 	5.0 	3.9 	3.6 b	3.3 	3.4 	2.9 	2.9 	3.1 	3.4 
A,Y15-74,PC_ACT,F,PT	: 	: 	: 	: 	: 	: 	11.0 	12.9 	13.9 	16.4 	17.3 	14.8 	13.1 	11.4 	9.6 	7.6 	7.2 	7.2 	7.0 	6.6 	6.9 	6.9 	6.5 
A,Y15-74,PC_ACT,F,RO	: 	: 	: 	: 	: 	: 	7.3 	8.3 	8.5 	8.1 	8.3 	7.9 	7.4 	6.2 	5.1 	4.5 	4.3 	5.7 	5.1 	5.1 	5.1 	5.1 	6.0 
A,Y15-74,PC_ACT,F,RS	: 	: 	: 	: 	: 	: 	: 	22.7 	26.3 	27.6 	26.5 	21.9 	20.2 	17.4 	15.5 	14.8 	12.1 	10.3 	12.2 	10.1 	9.9 	8.9 	9.1 
A,Y15-74,PC_ACT,F,SE	: 	: 	7.9 	7.4 	6.6 	6.7 	8.2 	8.7 	7.9 	7.9 	8.0 	7.8 	7.4 	6.7 	6.5 	6.4 	7.1 	8.5 	9.2 	7.9 	7.9 	8.5 	8.8 
A,Y15-74,PC_ACT,F,SI	: 	: 	: 	: 	: 	: 	5.8 	7.0 	8.2 	9.4 	10.9 	10.6 	10.1 	8.6 	7.5 	5.7 	5.0 	5.7 	5.3 	4.3 	3.7 	4.0 	4.3 
A,Y15-74,PC_ACT,F,SK	: 	: 	: 	: 	: 	: 	13.0 	14.8 	13.8 b	14.7 	14.7 	13.7 	13.0 	10.9 	8.5 	7.1 	6.0 	7.1 	7.0 	6.4 	5.9 	5.9 	5.8 
A,Y15-74,PC_ACT,F,TR	: 	: 	: 	: 	: 	: 	12.7 	11.4 	10.1 	9.4 	10.6 	11.9 b	12.6 	13.7 	13.9 	13.8 	16.5 	14.9 	14.7 b	13.5 	12.7 	11.8 	11.4 
A,Y15-74,PC_ACT,M,AT	: 	: 	: 	: 	: 	: 	6.0 	5.5 	5.0 	5.4 	5.9 	6.4 	6.7 	7.0 	6.5 	5.5 	5.1 	6.1 	6.3 	4.9 	5.3 	5.6 	6.0 
A,Y15-74,PC_ACT,M,BA	: 	: 	: 	: 	: 	: 	: 	: 	: 	: 	: 	: 	: 	: 	: 	: 	: 	: 	14.4 	12.6 	10.9 	10.1 	9.4 
A,Y15-74,PC_ACT,M,BE	: 	: 	: 	: 	: 	: 	7.8 	8.2 	7.2 	7.8 	8.8 	9.1 	9.3 	8.2 	7.2 b	6.4 	5.9 	6.0 	6.6 	5.8 	6.0 	6.1 	6.7 
A,Y15-74,PC_ACT,M,BG	: 	: 	: 	: 	: 	: 	8.1 	12.0 b	13.3 b	14.6 	14.9 	13.3 	10.8 	9.2 	7.4 	6.7 	5.5 b	6.4 	5.4 	4.3 	4.4 	4.4 b	3.7 
A,Y15-74,PC_ACT,M,CH	: 	: 	: 	: 	: 	: 	: 	4.5 b	4.1 	4.3 	4.6 	4.7 	4.7 	4.9 	4.6 	4.4 	4.1 	4.7 	4.9 	3.9 	3.9 	4.2 	4.9 
A,Y15-74,PC_ACT,M,CY	: 	: 	: 	: 	: 	: 	5.3 	6.2 	8.1 	12.6 	16.6 	17.1 	15.1 	12.7 	10.9 	8.1 	6.7 	7.7 	7.0 	5.8 	5.7 	4.5 	4.0 
A,Y15-74,PC_ACT,M,CZ	: 	: 	: 	: 	: 	: 	5.9 	6.4 	5.8 b	6.0 	5.9 	5.1 	4.2 	3.4 	2.3 	1.8 	1.7 	2.2 	2.3 	1.8 	2.2 	2.3 	2.5 
A,Y15-74,PC_ACT,M,DE	: 	: 	: 	: 	: 	: 	7.7 	7.0 b	5.7 b	5.3 	5.2 	5.0 	4.7 	4.2 	3.9 	3.6 	3.3 	4.0 b	3.9 	3.4 	3.3 	3.7 	4.2 
A,Y15-74,PC_ACT,M,DK	: 	: 	: 	: 	: 	: 	7.1 	8.6 	7.9 	7.8 	7.1 	6.7 	6.1 	5.6 b	5.6 b	4.9 	4.8 	5.3 	5.0 	4.4 	5.0 b	5.9 	6.4 
A,Y15-74,PC_ACT,M,EA20	: 	: 	: 	: 	: 	: 	9.5 	10.1 	10.1 	11.4 	12.1 	11.6 	10.8 	9.8 	8.8 	7.9 	7.3 	7.7 	7.4 	6.4 	6.3 	6.2 	6.2 
A,Y15-74,PC_ACT,M,EA21	: 	: 	: 	: 	: 	: 	9.5 	10.2 	10.2 	11.5 	12.1 	11.6 	10.8 	9.8 	8.8 	7.9 	7.2 	7.6 	7.4 	6.4 	6.2 	6.1 	6.2 
A,Y15-74,PC_ACT,M,EE	: 	: 	: 	: 	: 	: 	16.7 	19.2 	13.1 	10.9 	9.1 	7.9 	6.5 	7.6 	6.3 	5.6 	4.1 	7.1 	6.8 	6.1 	6.2 	7.6 	8.3 
A,Y15-74,PC_ACT,M,EL	: 	: 	: 	: 	: 	: 	7.1 	10.2 	15.3 	21.9 	24.8 	23.7 	21.8 	20.2 	18.2 	15.8 	14.4 	14.6 	11.4 	9.3 	8.5 	8.0 	7.0 
A,Y15-74,PC_ACT,M,ES	: 	: 	: 	: 	: 	: 	17.7 	19.6 	21.1 	24.6 	25.6 	23.6 	20.8 	18.1 	15.7 	13.7 	12.5 	13.9 	13.2 d	11.4 d	10.7 d	10.2 d	9.3 d
A,Y15-74,PC_ACT,M,EU27_2020	: 	: 	: 	: 	: 	: 	9.2 	10.0 	9.9 	11.0 	11.5 	10.9 	10.1 	9.0 	8.0 	7.1 	6.5 	7.0 	6.8 	5.9 	5.8 	5.8 	5.8 
A,Y15-74,PC_ACT,M,FI	: 	: 	: 	: 	: 	: 	9.2 	9.4 	8.7 	8.6 	9.1 	9.6 	10.2 	9.4 	9.1 	7.7 	7.3 	8.1 	8.2 	7.1 	7.9 	9.2 	10.2 
A,Y15-74,PC_ACT,M,FR	7.8 	8.2 	8.2 	8.3 	7.6 	7.1 	9.0 	9.1 	8.9 	9.8 	10.4 	10.6 	10.8 	10.3 	9.5 	9.0 	8.5 	8.1 	8.0 d	7.5 d	7.5 d	7.6 d	7.8 d
A,Y15-74,PC_ACT,M,HR	: 	: 	: 	: 	: 	: 	7.8 	11.0 	13.5 	16.2 	17.7 	16.3 	15.5 	12.4 	10.5 	7.5 	6.1 	7.3 	7.1 	5.9 	5.7 	5.0 	5.4 
A,Y15-74,PC_ACT,M,HU	: 	: 	: 	: 	: 	: 	10.3 	11.6 	11.1 	11.3 	10.2 	7.6 	6.6 	5.1 	3.8 	3.4 b	3.3 	4.1 	3.9 	3.7 	4.1 	4.6 	4.6 
A,Y15-74,PC_ACT,M,IE	: 	: 	: 	: 	: 	: 	15.1 	17.1 	17.8 	17.8 	14.9 	12.7 	10.8 	9.1 	7.1 	5.8 	5.2 	5.8 	6.3 b	4.4 	4.4 	4.3 	4.7 
A,Y15-74,PC_ACT,M,IS	: 	: 	: 	: 	: 	: 	8.6 	8.3 	7.8 	6.3 	5.6 	5.0 	3.9 	2.9 	2.8 	2.8 	3.8 	5.6 b	5.8 	4.2 	3.9 	3.8 	4.5 
A,Y15-74,PC_ACT,M,IT	: 	: 	: 	: 	: 	: 	6.9 	7.7 	7.7 	10.1 	11.7 	12.1 	11.5 	11.0 	10.4 	9.7 b	9.1 	8.6 	8.7 	7.1 	6.8 	5.9 	5.7 
A,Y15-74,PC_ACT,M,LT	: 	: 	: 	: 	: 	: 	17.1 	21.2 	17.9 	15.2 	13.1 	12.2 	10.1 	9.1 	8.6 	6.9 	7.1 	9.3 	7.6 	6.5 	7.3 	7.8 	7.9 
A,Y15-74,PC_ACT,M,LU	: 	: 	: 	: 	: 	: 	4.4 	3.8 	3.8 	4.5 	5.4 	5.9 	6.1 b	6.0 	5.6 	5.3 	5.7 	6.6 	4.9 	4.5 	5.0 	6.6 	6.2 
A,Y15-74,PC_ACT,M,LV	: 	: 	: 	: 	: 	: 	21.1 	23.0 	18.8 	16.2 	12.7 	11.9 	11.1 	11.0 	9.8 	8.4 	7.2 	9.1 	8.5 	8.1 	7.6 	8.0 	7.7 
A,Y15-74,PC_ACT,M,ME	: 	: 	: 	: 	: 	: 	: 	: 	19.3 	19.8 	20.0 	17.8 	17.8 	18.3 	15.4 	15.3 	14.7 	17.5 	: 	: 	: 	: 	: 
A,Y15-74,PC_ACT,M,MK	: 	: 	: 	: 	: 	: 	31.8 	31.9 	31.8 	31.5 	29.0 	27.7 	26.8 	24.4 	22.8 	21.3 	16.5 	16.7 	16.7 b	15.7 	14.3 	13.3 	12.2 
A,Y15-74,PC_ACT,M,MT	: 	: 	: 	: 	: 	: 	6.5 	6.7 	6.0 	5.6 	6.1 	6.1 	5.4 	4.4 	3.8 	4.1 	3.7 	4.7 	3.9 	3.7 	3.7 	3.3 	3.1 
A,Y15-74,PC_ACT,M,NL	: 	: 	: 	: 	: 	: 	4.8 	5.5 	5.6 	6.4 	8.1 	8.0 	7.4 	6.5 	5.4 	4.7 	4.3 	4.6 	4.0 	3.3 	3.4 	3.5 	3.8 
A,Y15-74,PC_ACT,M,NO	: 	: 	: 	: 	: 	: 	3.8 	4.5 	3.7 	3.8 	4.1 	3.9 	5.0 	5.5 	4.8 	4.2 	4.1 	4.9 	4.6 	3.4 	3.7 	4.2 	4.9 
A,Y15-74,PC_ACT,M,PL	: 	: 	: 	: 	: 	: 	8.1 	9.7 b	9.4 	9.7 	10.0 	8.7 	7.5 	6.2 	5.0 	3.9 	3.0 b	3.1 	3.4 	2.8 	2.8 	2.7 	2.9 
A,Y15-74,PC_ACT,M,PT	: 	: 	: 	: 	: 	: 	11.4 	12.4 	13.2 	16.7 	17.2 	14.4 	12.8 	11.6 	8.8 	6.9 	6.0 	6.9 	6.5 	5.8 	6.2 	6.1 	5.6 
A,Y15-74,PC_ACT,M,RO	: 	: 	: 	: 	: 	: 	9.2 	9.5 	9.5 	9.2 	9.5 	9.1 	9.1 	7.9 	6.8 	5.8 	5.3 	6.3 	6.0 	6.0 	5.9 	5.7 	6.2 
A,Y15-74,PC_ACT,M,RS	: 	: 	: 	: 	: 	: 	: 	19.9 	24.0 	24.9 	22.5 	19.7 	18.1 	15.8 	13.9 	12.9 	10.8 	9.4 	10.3 	9.1 	9.1 	8.4 	8.4 
A,Y15-74,PC_ACT,M,SE	: 	: 	7.9 	7.0 	5.9 	6.0 	8.7 	8.7 	7.9 	8.3 	8.3 	8.2 	7.6 	7.4 	7.0 	6.5 	6.7 	8.5 	8.6 	7.1 	7.5 	8.3 	8.9 
A,Y15-74,PC_ACT,M,SI	: 	: 	: 	: 	: 	: 	5.9 	7.4 	8.2 	8.4 	9.5 	9.0 	8.1 	7.5 	5.8 	4.6 	4.0 	4.4 	4.3 	3.8 	3.6 	3.5 	3.6 
A,Y15-74,PC_ACT,M,SK	: 	: 	: 	: 	: 	: 	11.2 	13.9 	13.3 b	13.2 	13.7 	12.5 	10.1 	8.6 	7.7 	6.0 	5.5 	6.2 	6.7 	5.9 	5.8 	4.8 	5.1 
A,Y15-74,PC_ACT,M,TR	: 	: 	: 	: 	: 	: 	12.6 	10.4 	8.3 	7.7 	8.0 	9.1 b	9.2 	9.6 	9.4 	9.6 	12.4 	12.4 	10.7 b	9.0 	7.7 	7.1 	6.9 
A,Y15-74,PC_ACT,T,AT	: 	: 	: 	: 	: 	: 	5.7 	5.2 	4.9 	5.2 	5.7 	6.0 	6.1 	6.5 	5.9 	5.2 	4.8 	6.0 	6.2 	4.8 	5.1 	5.2 	5.7 
A,Y15-74,PC_ACT,T,BA	: 	: 	: 	: 	: 	: 	: 	: 	: 	: 	: 	: 	: 	: 	: 	: 	: 	: 	17.4 	15.4 	13.2 	12.6 	12.2 
A,Y15-74,PC_ACT,T,BE	: 	: 	: 	: 	: 	: 	8.0 	8.4 	7.2 	7.6 	8.6 	8.7 	8.7 	7.9 	7.2 b	6.0 	5.5 	5.8 	6.3 	5.6 	5.5 	5.7 	6.2 
A,Y15-74,PC_ACT,T,BG	: 	: 	: 	: 	: 	: 	7.9 	11.3 b	12.3 b	13.3 	13.9 	12.4 	10.1 	8.6 	7.2 	6.2 	5.2 b	6.1 	5.2 	4.2 	4.3 	4.2 b	3.5 
A,Y15-74,PC_ACT,T,CH	: 	: 	: 	: 	: 	: 	: 	4.8 b	4.4 	4.5 	4.8 	4.9 	4.8 	5.0 	4.8 	4.7 	4.4 	4.8 	5.1 	4.1 	4.1 	4.4 	4.9 
A,Y15-74,PC_ACT,T,CY	: 	: 	: 	: 	: 	: 	5.4 	6.3 	7.9 	11.9 	15.9 	16.1 	15.0 	13.0 	11.1 	8.4 	7.2 	7.6 	7.2 	6.3 	5.8 	4.8 	4.4 
A,Y15-74,PC_ACT,T,CZ	: 	: 	: 	: 	: 	: 	6.7 	7.3 	6.7 b	7.0 	7.0 	6.1 	5.1 	4.0 	2.9 	2.2 	2.0 	2.6 	2.8 	2.2 	2.6 	2.6 	2.8 
A,Y15-74,PC_ACT,T,DE	: 	: 	: 	: 	: 	: 	7.3 	6.6 b	5.5 b	5.1 	4.9 	4.7 	4.4 	3.9 	3.5 	3.2 	2.9 	3.6 b	3.6 	3.1 	3.1 	3.5 	3.8 
A,Y15-74,PC_ACT,T,DK	: 	: 	: 	: 	: 	: 	6.4 	7.7 	7.8 	7.8 	7.4 	6.9 	6.3 	6.0 b	5.8 b	5.1 	5.0 	5.6 	5.1 	4.5 	5.1 b	6.2 	6.4 
A,Y15-74,PC_ACT,T,EA20	: 	: 	: 	: 	: 	: 	9.7 	10.3 	10.3 	11.5 	12.2 	11.7 	11.0 	10.1 	9.1 	8.2 	7.6 	8.0 	7.8 	6.8 	6.6 	6.4 	6.4 
A,Y15-74,PC_ACT,T,EA21	: 	: 	: 	: 	: 	: 	9.6 	10.3 	10.3 	11.6 	12.2 	11.8 	11.0 	10.1 	9.1 	8.2 	7.6 	7.9 	7.7 	6.7 	6.5 	6.4 	6.4 
A,Y15-74,PC_ACT,T,EE	: 	: 	: 	: 	: 	: 	13.5 	16.6 	12.3 	9.9 	8.6 	7.3 	6.4 	6.8 	5.8 	5.4 	4.5 	6.9 	6.2 	5.6 	6.4 	7.6 	7.5 
A,Y15-74,PC_ACT,T,EL	: 	: 	: 	: 	: 	: 	9.8 	12.9 	18.1 	24.8 	27.8 	26.6 	25.0 	23.9 	21.8 	19.7 	17.9 	17.6 	14.7 	12.5 	11.1 	10.1 	8.9 
A,Y15-74,PC_ACT,T,ES	: 	: 	: 	: 	: 	: 	17.9 	19.9 	21.4 	24.8 	26.1 	24.5 	22.1 	19.6 	17.2 	15.3 	14.1 	15.5 	14.9 d	13.0 d	12.2 d	11.4 d	10.5 d
A,Y15-74,PC_ACT,T,EU27_2020	: 	: 	: 	: 	: 	: 	9.3 	10.1 	10.1 	11.1 	11.6 	11.0 	10.2 	9.3 	8.3 	7.4 	6.8 	7.2 	7.1 	6.2 	6.1 	6.0 	6.0 
A,Y15-74,PC_ACT,T,FI	: 	: 	: 	: 	: 	: 	8.3 	8.6 	8.0 	7.9 	8.3 	8.7 	9.4 	8.9 	8.7 	7.5 	6.8 	7.7 	7.7 	6.8 	7.2 	8.4 	9.7 
A,Y15-74,PC_ACT,T,FR	8.5 	8.9 	8.9 	8.9 	8.0 	7.4 	9.1 	9.3 	9.2 	9.8 	10.3 	10.3 	10.4 	10.1 	9.4 	9.1 	8.5 	8.1 	7.9 d	7.3 d	7.4 d	7.4 d	7.7 d
A,Y15-74,PC_ACT,T,HR	: 	: 	: 	: 	: 	: 	9.1 	11.7 	13.6 	16.1 	17.3 	17.3 	16.2 	13.0 	11.1 	8.3 	6.6 	7.4 	7.5 	6.8 	6.1 	5.0 	4.9 
A,Y15-74,PC_ACT,T,HU	: 	: 	: 	: 	: 	: 	9.7 	10.8 	10.7 	10.7 	9.8 	7.5 	6.6 	5.0 	4.0 	3.6 b	3.3 	4.1 	4.0 	3.6 	4.1 	4.5 	4.4 
A,Y15-74,PC_ACT,T,IE	: 	: 	: 	: 	: 	: 	12.6 	14.6 	15.4 	15.5 	13.8 	11.9 	9.9 	8.4 	6.7 	5.8 	5.0 	5.9 	6.2 b	4.5 	4.3 	4.3 	4.7 
A,Y15-74,PC_ACT,T,IS	: 	: 	: 	: 	: 	: 	7.2 	7.6 	7.0 	6.0 	5.4 	4.9 	4.0 	3.0 	2.7 	2.7 	3.5 	5.5 b	6.1 	3.8 	3.5 	3.6 	4.5 
A,Y15-74,PC_ACT,T,IT	: 	: 	: 	: 	: 	: 	7.9 	8.5 	8.5 	10.9 	12.4 	12.9 	12.0 	11.7 	11.3 	10.6 b	9.9 	9.3 	9.5 	8.1 	7.7 	6.5 	6.1 
A,Y15-74,PC_ACT,T,LT	: 	: 	: 	: 	: 	: 	13.8 	17.8 	15.4 	13.4 	11.8 	10.7 	9.1 	7.9 	7.1 	6.2 	6.3 	8.5 	7.1 	6.0 	6.9 	7.1 	6.9 
A,Y15-74,PC_ACT,T,LU	: 	: 	: 	: 	: 	: 	5.1 	4.4 	4.9 	5.1 	5.9 	5.9 	6.7 b	6.3 	5.5 	5.6 	5.6 	6.8 	5.3 	4.6 	5.2 	6.4 	6.5 
A,Y15-74,PC_ACT,T,LV	: 	: 	: 	: 	: 	: 	17.7 	19.7 	16.3 	15.1 	11.9 	10.9 	9.9 	9.7 	8.7 	7.4 	6.3 	8.1 	7.6 	6.9 	6.5 	6.9 	6.9 
A,Y15-74,PC_ACT,T,ME	: 	: 	: 	: 	: 	: 	: 	: 	19.7 	20.0 	19.5 	18.0 	17.6 	17.8 	16.1 	15.2 	15.2 	17.9 	: 	: 	: 	: 	: 
A,Y15-74,PC_ACT,T,MK	: 	: 	: 	: 	: 	: 	32.2 	32.0 	31.4 	31.0 	29.0 	28.0 	26.1 	23.7 	22.4 	20.8 	17.3 	16.4 	15.5 b	14.4 	13.1 	12.3 	11.5 
A,Y15-74,PC_ACT,T,MT	: 	: 	: 	: 	: 	: 	6.9 	6.9 	6.4 	6.2 	6.1 	5.7 	5.4 	4.7 	4.0 	4.0 	4.1 	4.9 	3.8 	3.5 	3.5 	3.2 	3.1 
A,Y15-74,PC_ACT,T,NL	: 	: 	: 	: 	: 	: 	5.4 	6.1 	6.0 	6.8 	8.2 	8.4 	7.9 	7.0 	5.9 	4.9 	4.4 	4.9 	4.2 	3.5 	3.6 	3.7 	3.9 
A,Y15-74,PC_ACT,T,NO	: 	: 	: 	: 	: 	: 	3.4 	4.0 	3.6 	3.5 	3.9 	3.8 	4.7 	4.9 	4.4 	4.0 	3.9 	4.7 	4.4 	3.2 	3.6 	4.0 	4.5 
A,Y15-74,PC_ACT,T,PL	: 	: 	: 	: 	: 	: 	8.5 	10.0 b	10.0 	10.4 	10.6 	9.2 	7.7 	6.3 	5.0 	3.9 	3.3 b	3.2 	3.4 	2.9 	2.8 	2.9 	3.1 
A,Y15-74,PC_ACT,T,PT	: 	: 	: 	: 	: 	: 	11.2 	12.6 	13.5 	16.6 	17.2 	14.6 	13.0 	11.5 	9.2 	7.2 	6.6 	7.1 	6.7 	6.2 	6.5 	6.5 	6.0 
A,Y15-74,PC_ACT,T,RO	: 	: 	: 	: 	: 	: 	8.4 	9.0 	9.1 	8.7 	9.0 	8.6 	8.4 	7.2 	6.1 	5.3 	4.9 	6.1 	5.6 	5.6 	5.6 	5.4 	6.1 
A,Y15-74,PC_ACT,T,RS	: 	: 	: 	: 	: 	: 	: 	21.1 	25.0 	26.0 	24.2 	20.7 	19.0 	16.5 	14.6 	13.8 	11.4 	9.8 	11.2 	9.6 	9.5 	8.6 	8.7 
A,Y15-74,PC_ACT,T,SE	: 	: 	7.9 	7.2 	6.3 	6.3 	8.5 	8.7 	7.9 	8.1 	8.1 	8.0 	7.5 	7.1 	6.8 	6.5 	6.9 	8.5 	8.9 	7.5 	7.7 	8.4 	8.8 
A,Y15-74,PC_ACT,T,SI	: 	: 	: 	: 	: 	: 	5.9 	7.3 	8.2 	8.9 	10.1 	9.7 	9.0 	8.0 	6.6 	5.1 	4.4 	5.0 	4.8 	4.0 	3.7 	3.7 	3.9 
A,Y15-74,PC_ACT,T,SK	: 	: 	: 	: 	: 	: 	12.0 	14.3 	13.5 b	13.9 	14.1 	13.1 	11.5 	9.6 	8.1 	6.5 	5.7 	6.7 	6.8 	6.1 	5.8 	5.3 	5.4 
A,Y15-74,PC_ACT,T,TR	: 	: 	: 	: 	: 	: 	12.6 	10.7 	8.8 	8.2 	8.8 	9.9 b	10.3 	10.9 	10.9 	10.9 	13.7 	13.2 	12.0 b	10.5 	9.4 	8.8 	8.4 
A,Y15-74,PC_POP,F,AT	: 	: 	: 	: 	: 	: 	3.2 	2.9 	2.9 	3.1 	3.4 	3.5 	3.5 	3.7 	3.3 	3.1 	2.9 	3.7 	3.9 	2.9 	3.1 	3.1 	3.5 
A,Y15-74,PC_POP,F,BA	: 	: 	: 	: 	: 	: 	: 	: 	: 	: 	: 	: 	: 	: 	: 	: 	: 	: 	8.8 	7.8 	6.7 	6.9 	7.0 
A,Y15-74,PC_POP,F,BE	: 	: 	: 	: 	: 	: 	4.4 	4.7 	3.9 	4.1 	4.5 	4.5 	4.4 	4.2 	3.9 b	3.1 	2.8 	3.1 	3.3 	3.0 	2.9 	3.0 	3.3 
A,Y15-74,PC_POP,F,BG	: 	: 	: 	: 	: 	: 	4.1 	5.7 b	5.9 b	6.4 	7.0 	6.2 	5.1 	4.3 	3.9 	3.1 	2.7 b	3.2 	2.7 	2.3 	2.5 	2.3 b	1.9 
A,Y15-74,PC_POP,F,CH	: 	: 	: 	: 	: 	: 	: 	3.5 b	3.3 	3.2 	3.4 	3.5 	3.4 	3.5 	3.6 	3.6 	3.4 	3.6 	3.7 	3.1 	3.1 	3.3 	3.5 
A,Y15-74,PC_POP,F,CY	: 	: 	: 	: 	: 	: 	3.3 	4.0 	4.7 	6.8 	9.3 	9.5 	9.2 	8.2 	7.0 	5.5 	4.9 	4.7 	4.7 	4.5 	3.9 	3.4 	3.2 
A,Y15-74,PC_POP,F,CZ	: 	: 	: 	: 	: 	: 	4.2 	4.6 	4.3 b	4.5 	4.7 	4.2 	3.5 	2.7 	2.1 	1.7 	1.4 	1.7 	2.0 	1.6 	1.8 	1.9 	2.0 
A,Y15-74,PC_POP,F,DE	: 	: 	: 	: 	: 	: 	4.1 	3.6 b	3.2 b	3.0 	2.9 	2.7 	2.5 	2.2 	2.0 	1.8 	1.7 	2.1 b	2.1 	1.9 	1.9 	2.1 	2.3 
A,Y15-74,PC_POP,F,DK	: 	: 	: 	: 	: 	: 	3.8 	4.4 	5.0 	5.1 	4.9 	4.5 	4.1 	4.1 b	3.9 b	3.5 	3.5 	3.9 	3.4 	3.1 	3.6 b	4.6 	4.4 
A,Y15-74,PC_POP,F,EA20	: 	: 	: 	: 	: 	: 	5.5 	5.9 	6.0 	6.7 	7.1 	6.9 	6.5 	6.2 	5.6 	5.1 	4.8 	4.9 	4.8 	4.3 	4.2 	4.1 	4.1 
A,Y15-74,PC_POP,F,EA21	: 	: 	: 	: 	: 	: 	5.5 	5.9 	6.0 	6.7 	7.1 	6.9 	6.5 	6.1 	5.6 	5.1 	4.7 	4.8 	4.8 	4.3 	4.2 	4.0 	4.0 
A,Y15-74,PC_POP,F,EE	: 	: 	: 	: 	: 	: 	6.4 	8.8 	7.4 	5.8 	5.2 	4.3 	4.1 	4.1 	3.5 	3.6 	3.3 	4.6 	3.8 	3.6 	4.8 	5.5 	4.8 
A,Y15-74,PC_POP,F,EL	: 	: 	: 	: 	: 	: 	6.6 	8.3 	10.8 	14.4 	16.0 	15.4 	14.9 	14.8 	13.7 	12.7 	11.6 	10.5 	9.7 	8.6 	7.6 	6.8 	6.0 
A,Y15-74,PC_POP,F,ES	: 	: 	: 	: 	: 	: 	10.5 	11.9 	13.1 	15.2 	16.2 	15.3 	14.2 	12.9 	11.4 	10.2 	9.6 	10.2 	10.1 d	9.0 d	8.5 d	7.8 d	7.3 d
A,Y15-74,PC_POP,F,EU27_2020	: 	: 	: 	: 	: 	: 	5.2 	5.7 	5.8 	6.3 	6.7 	6.4 	5.9 	5.5 	5.0 	4.5 	4.2 	4.4 	4.3 	3.9 	3.8 	3.8 	3.8 
A,Y15-74,PC_POP,F,FI	: 	: 	: 	: 	: 	: 	4.7 	4.8 	4.5 	4.5 	4.7 	4.9 	5.4 	5.2 	5.2 	4.5 	3.9 	4.6 	4.6 	4.3 	4.3 	5.1 	6.1 
A,Y15-74,PC_POP,F,FR	5.3 	5.6 	5.6 	5.5 	5.0 	4.6 	5.5 	5.7 	5.7 	5.8 	6.1 	6.0 	5.9 	5.9 	5.6 	5.4 	5.0 	4.7 	4.7 d	4.3 d	4.4 d	4.5 d	4.7 d
A,Y15-74,PC_POP,F,HR	: 	: 	: 	: 	: 	: 	5.5 	6.5 	6.9 	8.1 	8.5 	9.7 	9.1 	7.2 	6.2 	4.9 	3.7 	3.9 	4.2 	4.3 	3.7 	2.8 	2.4 
A,Y15-74,PC_POP,F,HU	: 	: 	: 	: 	: 	: 	4.6 	5.2 	5.4 	5.3 	5.1 	4.1 	3.7 	2.8 	2.5 	2.2 b	1.9 	2.4 	2.5 	2.1 	2.6 	2.8 	2.7 
A,Y15-74,PC_POP,F,IE	: 	: 	: 	: 	: 	: 	5.7 	6.8 	7.4 	7.6 	7.4 	6.5 	5.3 	4.6 	3.8 	3.5 	2.9 	3.5 	3.9 b	3.0 	2.8 	2.9 	3.1 
A,Y15-74,PC_POP,F,IS	: 	: 	: 	: 	: 	: 	4.3 	5.2 	4.7 	4.4 	3.9 	3.8 	3.2 	2.4 	2.1 	2.0 	2.4 	4.0 b	4.8 	2.6 	2.4 	2.6 	3.5 
A,Y15-74,PC_POP,F,IT	: 	: 	: 	: 	: 	: 	4.1 	4.3 	4.3 	5.5 	6.1 	6.5 	5.9 	6.1 	6.0 	5.7 b	5.4 	4.8 	5.0 	4.5 	4.3 	3.6 	3.4 
A,Y15-74,PC_POP,F,LT	: 	: 	: 	: 	: 	: 	6.2 	8.7 	7.8 	7.1 	6.4 	5.8 	5.2 	4.3 	3.7 	3.6 	3.7 	5.2 	4.5 	3.8 	4.3 	4.4 	4.0 
A,Y15-74,PC_POP,F,LU	: 	: 	: 	: 	: 	: 	3.3 	2.7 	3.3 	3.3 	3.6 	3.3 	4.4 b	3.9 	3.3 	3.6 	3.4 	4.3 	3.6 	3.0 	3.5 	4.0 	4.4 
A,Y15-74,PC_POP,F,LV	: 	: 	: 	: 	: 	: 	8.7 	10.0 	8.3 	8.7 	6.9 	6.1 	5.5 	5.4 	5.0 	4.3 	3.6 	4.7 	4.2 	3.6 	3.5 	3.8 	4.1 
A,Y15-74,PC_POP,F,ME	: 	: 	: 	: 	: 	: 	: 	: 	9.0 	9.5 	8.8 	9.1 	8.9 	8.8 	8.7 	7.8 	8.4 	9.2 	: 	: 	: 	: 	: 
A,Y15-74,PC_POP,F,MK	: 	: 	: 	: 	: 	: 	14.8 	14.7 	14.3 	13.9 	13.8 	13.5 	11.7 	10.3 	10.0 	9.2 	8.9 	7.6 	6.4 b	5.8 	5.3 	5.2 	5.1 
A,Y15-74,PC_POP,F,MT	: 	: 	: 	: 	: 	: 	2.8 	2.7 	2.8 	3.1 	2.8 	2.4 	2.6 	2.6 	2.2 	2.0 	2.6 	2.9 	2.1 	2.0 	2.0 	2.0 	2.0 
A,Y15-74,PC_POP,F,NL	: 	: 	: 	: 	: 	: 	4.1 	4.5 	4.4 	5.0 	5.7 	5.9 	5.7 	5.1 	4.3 	3.5 	3.1 	3.5 	3.1 	2.7 	2.7 	2.8 	2.9 
A,Y15-74,PC_POP,F,NO	: 	: 	: 	: 	: 	: 	2.1 	2.3 	2.4 	2.2 	2.6 	2.5 	3.0 	2.9 	2.7 	2.6 	2.5 	3.1 	2.9 	2.1 	2.4 	2.7 	2.8 
A,Y15-74,PC_POP,F,PL	: 	: 	: 	: 	: 	: 	4.5 	5.3 b	5.5 	5.8 	5.9 	5.2 	4.2 	3.4 	2.7 	2.1 	1.9 b	1.8 	1.9 	1.6 	1.6 	1.8 	2.0 
A,Y15-74,PC_POP,F,PT	: 	: 	: 	: 	: 	: 	6.3 	7.5 	8.2 	9.7 	10.3 	8.9 	7.9 	6.9 	5.9 	4.7 	4.5 	4.4 	4.3 	4.2 	4.5 	4.4 	4.3 
A,Y15-74,PC_POP,F,RO	: 	: 	: 	: 	: 	: 	2.9 	3.5 	3.6 	3.5 	3.6 	3.5 	3.3 	2.7 	2.3 	2.0 	2.0 	2.6 	2.3 	2.4 	2.4 	2.4 	2.9 
A,Y15-74,PC_POP,F,RS	: 	: 	: 	: 	: 	: 	: 	10.4 	11.5 	12.2 	12.3 	10.4 	9.5 	8.6 	7.7 	7.5 	6.0 	5.0 	6.3 	5.3 	5.4 	4.9 	5.1 
A,Y15-74,PC_POP,F,SE	: 	: 	5.3 	5.0 	4.5 	4.6 	5.5 	5.8 	5.3 	5.3 	5.5 	5.4 	5.2 	4.7 	4.6 	4.5 	5.0 	6.0 	6.5 	5.7 	5.8 	6.2 	6.4 
A,Y15-74,PC_POP,F,SI	: 	: 	: 	: 	: 	: 	3.5 	4.2 	4.8 	5.5 	6.3 	6.2 	5.9 	5.1 	4.6 	3.5 	3.0 	3.4 	3.3 	2.7 	2.3 	2.4 	2.6 
A,Y15-74,PC_POP,F,SK	: 	: 	: 	: 	: 	: 	7.6 	8.7 	8.1 b	8.7 	8.7 	8.2 	7.9 	6.7 	5.3 	4.4 	3.7 	4.4 	4.2 	3.9 	3.7 	3.7 	3.6 
A,Y15-74,PC_POP,F,TR	: 	: 	: 	: 	: 	: 	3.4 	3.2 	3.0 	2.9 	3.3 	3.8 b	4.2 	4.7 	4.9 	5.0 	5.9 	4.8 	5.1 b	5.0 	4.8 	4.6 	4.4 
A,Y15-74,PC_POP,M,AT	: 	: 	: 	: 	: 	: 	4.3 	4.0 	3.6 	3.9 	4.3 	4.6 	4.8 	5.1 	4.7 	4.1 	3.7 	4.4 	4.6 	3.6 	3.9 	4.1 	4.4 
A,Y15-74,PC_POP,M,BA	: 	: 	: 	: 	: 	: 	: 	: 	: 	: 	: 	: 	: 	: 	: 	: 	: 	: 	9.1 	8.0 	6.9 	6.6 	6.2 
A,Y15-74,PC_POP,M,BE	: 	: 	: 	: 	: 	: 	5.1 	5.4 	4.7 	5.1 	5.7 	5.9 	6.0 	5.3 	4.6 b	4.1 	3.8 	3.8 	4.3 	3.8 	3.9 	4.0 	4.5 
A,Y15-74,PC_POP,M,BG	: 	: 	: 	: 	: 	: 	5.2 	7.7 b	8.4 b	9.3 	9.6 	8.7 	7.0 	5.9 	5.0 	4.5 	3.8 b	4.3 	3.6 	2.9 	3.0 	3.0 b	2.5 
A,Y15-74,PC_POP,M,CH	: 	: 	: 	: 	: 	: 	: 	3.6 b	3.3 	3.5 	3.7 	3.8 	3.8 	3.9 	3.7 	3.6 	3.3 	3.8 	3.9 	3.1 	3.1 	3.3 	3.9 
A,Y15-74,PC_POP,M,CY	: 	: 	: 	: 	: 	: 	4.0 	4.6 	6.1 	9.4 	12.3 	12.6 	10.9 	9.0 	7.8 	5.9 	5.0 	5.8 	5.3 	4.4 	4.4 	3.5 	3.1 
A,Y15-74,PC_POP,M,CZ	: 	: 	: 	: 	: 	: 	4.2 	4.6 	4.2 b	4.3 	4.3 	3.7 	3.1 	2.5 	1.7 	1.3 	1.3 	1.6 	1.7 	1.3 	1.6 	1.7 	1.8 
A,Y15-74,PC_POP,M,DE	: 	: 	: 	: 	: 	: 	5.4 	4.9 b	4.1 b	3.8 	3.7 	3.6 	3.4 	3.0 	2.8 	2.6 	2.4 	2.9 b	2.9 	2.5 	2.4 	2.7 	3.1 
A,Y15-74,PC_POP,M,DK	: 	: 	: 	: 	: 	: 	5.3 	6.3 	5.8 	5.6 	5.0 	4.8 	4.3 	4.0 b	4.0 b	3.6 	3.5 	3.9 	3.7 	3.3 	3.7 b	4.6 	5.0 
A,Y15-74,PC_POP,M,EA20	: 	: 	: 	: 	: 	: 	6.6 	7.0 	7.0 	7.9 	8.3 	8.0 	7.5 	6.8 	6.1 	5.5 	5.1 	5.2 	5.1 	4.5 	4.4 	4.3 	4.4 
A,Y15-74,PC_POP,M,EA21	: 	: 	: 	: 	: 	: 	6.6 	7.0 	7.0 	7.9 	8.4 	8.0 	7.5 	6.8 	6.1 	5.5 	5.0 	5.2 	5.1 	4.5 	4.4 	4.3 	4.4 
A,Y15-74,PC_POP,M,EE	: 	: 	: 	: 	: 	: 	12.0 	13.7 	9.4 	7.9 	6.6 	5.8 	4.8 	5.7 	4.8 	4.2 	3.1 	5.4 	5.1 	4.6 	4.7 	5.8 	6.4 
A,Y15-74,PC_POP,M,EL	: 	: 	: 	: 	: 	: 	5.0 	7.2 	10.6 	14.9 	16.9 	16.0 	14.7 	13.6 	12.3 	10.7 	9.8 	9.5 	7.5 	6.4 	5.8 	5.5 	4.8 
A,Y15-74,PC_POP,M,ES	: 	: 	: 	: 	: 	: 	13.0 	14.3 	15.3 	17.8 	18.4 	16.8 	14.7 	12.8 	11.0 	9.6 	8.7 	9.5 	9.1 d	7.9 d	7.4 d	7.1 d	6.4 d
A,Y15-74,PC_POP,M,EU27_2020	: 	: 	: 	: 	: 	: 	6.3 	6.8 	6.8 	7.5 	7.9 	7.5 	6.9 	6.2 	5.6 	5.0 	4.5 	4.8 	4.7 	4.1 	4.1 	4.1 	4.1 
A,Y15-74,PC_POP,M,FI	: 	: 	: 	: 	: 	: 	6.3 	6.4 	6.0 	5.9 	6.1 	6.5 	6.9 	6.3 	6.2 	5.3 	5.0 	5.5 	5.7 	5.0 	5.6 	6.5 	7.3 
A,Y15-74,PC_POP,M,FR	5.3 	5.5 	5.5 	5.6 	5.1 	4.8 	6.1 	6.1 	6.0 	6.6 	7.0 	7.0 	7.2 	6.8 	6.3 	6.0 	5.6 	5.3 	5.3 d	5.0 d	5.0 d	5.1 d	5.3 d
A,Y15-74,PC_POP,M,HR	: 	: 	: 	: 	: 	: 	5.0 	7.0 	8.7 	10.2 	11.0 	10.3 	9.9 	7.7 	6.6 	4.6 	3.8 	4.6 	4.5 	3.7 	3.6 	3.2 	3.5 
A,Y15-74,PC_POP,M,HU	: 	: 	: 	: 	: 	: 	6.3 	7.1 	6.8 	7.1 	6.5 	5.0 	4.4 	3.5 	2.6 	2.4 b	2.4 	2.9 	2.8 	2.7 	3.0 	3.3 	3.3 
A,Y15-74,PC_POP,M,IE	: 	: 	: 	: 	: 	: 	11.5 	12.6 	12.9 	12.9 	10.8 	9.2 	7.9 	6.6 	5.2 	4.2 	3.8 	4.1 	4.6 b	3.3 	3.3 	3.3 	3.6 
A,Y15-74,PC_POP,M,IS	: 	: 	: 	: 	: 	: 	7.2 	7.0 	6.5 	5.2 	4.7 	4.3 	3.4 	2.6 	2.4 	2.4 	3.3 	4.7 b	4.8 	3.5 	3.3 	3.3 	3.8 
A,Y15-74,PC_POP,M,IT	: 	: 	: 	: 	: 	: 	4.4 	5.0 	4.9 	6.5 	7.5 	7.8 	7.4 	7.2 	6.9 	6.4 b	6.0 	5.5 	5.6 	4.7 	4.5 	3.9 	3.8 
A,Y15-74,PC_POP,M,LT	: 	: 	: 	: 	: 	: 	11.2 	14.0 	12.1 	10.3 	9.0 	8.5 	7.1 	6.5 	6.1 	5.0 	5.2 	6.9 	5.6 	4.7 	5.4 	5.8 	5.8 
A,Y15-74,PC_POP,M,LU	: 	: 	: 	: 	: 	: 	3.0 	2.6 	2.6 	3.1 	3.8 	4.1 	4.3 b	4.1 	3.7 	3.6 	3.9 	4.5 	3.4 	3.1 	3.5 	4.6 	4.4 
A,Y15-74,PC_POP,M,LV	: 	: 	: 	: 	: 	: 	14.8 	15.7 	13.0 	11.4 	8.9 	8.4 	8.0 	7.9 	7.2 	6.2 	5.3 	6.7 	6.1 	5.9 	5.5 	5.8 	5.6 
A,Y15-74,PC_POP,M,ME	: 	: 	: 	: 	: 	: 	: 	: 	11.4 	11.8 	12.0 	11.2 	11.3 	11.9 	10.1 	10.3 	10.1 	11.2 	: 	: 	: 	: 	: 
A,Y15-74,PC_POP,M,MK	: 	: 	: 	: 	: 	: 	22.7 	22.8 	22.5 	22.2 	20.4 	19.7 	18.9 	17.3 	16.2 	15.2 	11.5 	11.5 	11.5 b	10.8 	9.5 	8.8 	8.1 
A,Y15-74,PC_POP,M,MT	: 	: 	: 	: 	: 	: 	4.6 	4.7 	4.2 	3.9 	4.4 	4.4 	3.9 	3.2 	2.8 	3.1 	2.8 	3.5 	3.0 	2.9 	2.9 	2.7 	2.5 
A,Y15-74,PC_POP,M,NL	: 	: 	: 	: 	: 	: 	3.8 	4.3 	4.3 	5.0 	6.3 	6.2 	5.7 	5.0 	4.2 	3.6 	3.4 	3.6 	3.1 	2.6 	2.7 	2.8 	3.0 
A,Y15-74,PC_POP,M,NO	: 	: 	: 	: 	: 	: 	2.9 	3.4 	2.8 	2.8 	3.0 	2.9 	3.7 	4.1 	3.4 	3.0 	3.0 	3.6 	3.5 	2.6 	2.8 	3.2 	3.7 
A,Y15-74,PC_POP,M,PL	: 	: 	: 	: 	: 	: 	5.2 	6.3 b	6.1 	6.4 	6.6 	5.8 	5.0 	4.2 	3.4 	2.7 	2.1 b	2.1 	2.4 	2.0 	2.0 	1.9 	2.0 
A,Y15-74,PC_POP,M,PT	: 	: 	: 	: 	: 	: 	7.9 	8.6 	9.1 	11.3 	11.5 	9.6 	8.6 	7.8 	6.0 	4.7 	4.1 	4.6 	4.4 	4.0 	4.4 	4.3 	4.0 
A,Y15-74,PC_POP,M,RO	: 	: 	: 	: 	: 	: 	5.3 	5.8 	5.7 	5.6 	5.8 	5.6 	5.7 	5.0 	4.3 	3.7 	3.4 	4.1 	4.0 	4.0 	3.9 	3.8 	4.1 
A,Y15-74,PC_POP,M,RS	: 	: 	: 	: 	: 	: 	: 	12.5 	14.9 	15.5 	14.3 	12.6 	11.5 	10.3 	9.1 	8.5 	7.0 	6.0 	6.9 	6.2 	6.1 	5.8 	5.8 
A,Y15-74,PC_POP,M,SE	: 	: 	5.8 	5.1 	4.4 	4.4 	6.4 	6.4 	5.8 	6.1 	6.1 	6.1 	5.7 	5.5 	5.3 	4.9 	5.1 	6.4 	6.6 	5.5 	5.8 	6.4 	6.9 
A,Y15-74,PC_POP,M,SI	: 	: 	: 	: 	: 	: 	4.1 	5.1 	5.5 	5.6 	6.3 	6.0 	5.4 	4.9 	3.9 	3.2 	2.7 	3.0 	2.9 	2.6 	2.5 	2.4 	2.4 
A,Y15-74,PC_POP,M,SK	: 	: 	: 	: 	: 	: 	7.9 	9.8 	9.4 b	9.4 	9.7 	8.9 	7.1 	6.1 	5.4 	4.2 	3.9 	4.4 	4.7 	4.2 	4.1 	3.4 	3.6 
A,Y15-74,PC_POP,M,TR	: 	: 	: 	: 	: 	: 	9.0 	7.5 	6.1 	5.5 	5.8 	6.7 b	6.8 	7.1 	7.0 	7.2 	9.2 	8.7 	7.8 b	6.6 	5.7 	5.3 	5.1 
A,Y15-74,PC_POP,T,AT	: 	: 	: 	: 	: 	: 	3.8 	3.4 	3.3 	3.5 	3.8 	4.0 	4.1 	4.4 	4.0 	3.6 	3.3 	4.1 	4.2 	3.3 	3.5 	3.6 	3.9 
A,Y15-74,PC_POP,T,BA	: 	: 	: 	: 	: 	: 	: 	: 	: 	: 	: 	: 	: 	: 	: 	: 	: 	: 	9.0 	7.9 	6.8 	6.7 	6.6 
A,Y15-74,PC_POP,T,BE	: 	: 	: 	: 	: 	: 	4.8 	5.1 	4.3 	4.6 	5.1 	5.2 	5.2 	4.7 	4.3 b	3.6 	3.3 	3.4 	3.8 	3.4 	3.4 	3.5 	3.9 
A,Y15-74,PC_POP,T,BG	: 	: 	: 	: 	: 	: 	4.6 	6.7 b	7.1 b	7.8 	8.3 	7.4 	6.1 	5.1 	4.4 	3.8 	3.3 b	3.7 	3.2 	2.6 	2.7 	2.6 b	2.2 
A,Y15-74,PC_POP,T,CH	: 	: 	: 	: 	: 	: 	: 	3.6 b	3.3 	3.3 	3.5 	3.6 	3.6 	3.7 	3.7 	3.6 	3.4 	3.7 	3.8 	3.1 	3.1 	3.3 	3.7 
A,Y15-74,PC_POP,T,CY	: 	: 	: 	: 	: 	: 	3.6 	4.3 	5.3 	8.0 	10.7 	11.0 	10.0 	8.6 	7.4 	5.7 	4.9 	5.2 	5.0 	4.5 	4.1 	3.4 	3.1 
A,Y15-74,PC_POP,T,CZ	: 	: 	: 	: 	: 	: 	4.2 	4.6 	4.2 b	4.4 	4.5 	3.9 	3.3 	2.6 	1.9 	1.5 	1.3 	1.7 	1.9 	1.5 	1.7 	1.8 	1.9 
A,Y15-74,PC_POP,T,DE	: 	: 	: 	: 	: 	: 	4.7 	4.3 b	3.6 b	3.4 	3.3 	3.2 	2.9 	2.6 	2.4 	2.2 	2.0 	2.5 b	2.5 	2.2 	2.2 	2.4 	2.7 
A,Y15-74,PC_POP,T,DK	: 	: 	: 	: 	: 	: 	4.5 	5.4 	5.4 	5.3 	5.0 	4.7 	4.2 	4.1 b	4.0 b	3.5 	3.5 	3.9 	3.6 	3.2 	3.7 b	4.6 	4.7 
A,Y15-74,PC_POP,T,EA20	: 	: 	: 	: 	: 	: 	6.1 	6.4 	6.5 	7.3 	7.7 	7.5 	7.0 	6.5 	5.9 	5.3 	4.9 	5.1 	5.0 	4.4 	4.3 	4.2 	4.2 
A,Y15-74,PC_POP,T,EA21	: 	: 	: 	: 	: 	: 	6.0 	6.5 	6.5 	7.3 	7.7 	7.5 	7.0 	6.4 	5.8 	5.3 	4.9 	5.0 	5.0 	4.4 	4.3 	4.2 	4.2 
A,Y15-74,PC_POP,T,EE	: 	: 	: 	: 	: 	: 	9.0 	11.1 	8.3 	6.8 	5.9 	5.0 	4.5 	4.9 	4.2 	3.9 	3.2 	5.0 	4.4 	4.1 	4.7 	5.6 	5.6 
A,Y15-74,PC_POP,T,EL	: 	: 	: 	: 	: 	: 	5.8 	7.8 	10.7 	14.6 	16.4 	15.7 	14.8 	14.2 	13.0 	11.7 	10.7 	10.0 	8.6 	7.5 	6.7 	6.2 	5.4 
A,Y15-74,PC_POP,T,ES	: 	: 	: 	: 	: 	: 	11.7 	13.1 	14.2 	16.5 	17.3 	16.0 	14.5 	12.8 	11.2 	9.9 	9.1 	9.9 	9.6 d	8.5 d	8.0 d	7.4 d	6.9 d
A,Y15-74,PC_POP,T,EU27_2020	: 	: 	: 	: 	: 	: 	5.8 	6.2 	6.3 	6.9 	7.3 	6.9 	6.4 	5.9 	5.3 	4.7 	4.4 	4.6 	4.5 	4.0 	4.0 	3.9 	4.0 
A,Y15-74,PC_POP,T,FI	: 	: 	: 	: 	: 	: 	5.5 	5.6 	5.2 	5.2 	5.4 	5.7 	6.1 	5.8 	5.7 	4.9 	4.5 	5.1 	5.2 	4.6 	5.0 	5.8 	6.7 
A,Y15-74,PC_POP,T,FR	5.3 	5.6 	5.6 	5.6 	5.0 	4.7 	5.8 	5.9 	5.8 	6.2 	6.6 	6.5 	6.6 	6.4 	5.9 	5.7 	5.3 	5.0 	5.0 d	4.6 d	4.7 d	4.8 d	5.0 d
A,Y15-74,PC_POP,T,HR	: 	: 	: 	: 	: 	: 	5.3 	6.7 	7.7 	9.2 	9.7 	10.0 	9.5 	7.4 	6.4 	4.7 	3.7 	4.2 	4.4 	4.0 	3.6 	3.0 	2.9 
A,Y15-74,PC_POP,T,HU	: 	: 	: 	: 	: 	: 	5.4 	6.1 	6.1 	6.2 	5.8 	4.5 	4.1 	3.1 	2.6 	2.3 b	2.1 	2.7 	2.6 	2.4 	2.8 	3.1 	3.0 
A,Y15-74,PC_POP,T,IE	: 	: 	: 	: 	: 	: 	8.6 	9.7 	10.2 	10.2 	9.1 	7.8 	6.6 	5.6 	4.5 	3.9 	3.3 	3.8 	4.3 b	3.1 	3.1 	3.1 	3.4 
A,Y15-74,PC_POP,T,IS	: 	: 	: 	: 	: 	: 	5.8 	6.1 	5.6 	4.8 	4.3 	4.0 	3.3 	2.5 	2.3 	2.2 	2.8 	4.3 b	4.8 	3.0 	2.8 	2.9 	3.6 
A,Y15-74,PC_POP,T,IT	: 	: 	: 	: 	: 	: 	4.3 	4.6 	4.6 	6.0 	6.8 	7.1 	6.7 	6.6 	6.4 	6.1 b	5.7 	5.2 	5.3 	4.6 	4.4 	3.8 	3.6 
A,Y15-74,PC_POP,T,LT	: 	: 	: 	: 	: 	: 	8.6 	11.1 	9.8 	8.6 	7.6 	7.1 	6.1 	5.3 	4.8 	4.3 	4.4 	6.0 	5.0 	4.2 	4.8 	5.1 	4.9 
A,Y15-74,PC_POP,T,LU	: 	: 	: 	: 	: 	: 	3.1 	2.7 	3.0 	3.2 	3.7 	3.7 	4.3 b	4.0 	3.5 	3.6 	3.7 	4.4 	3.5 	3.1 	3.5 	4.3 	4.4 
A,Y15-74,PC_POP,T,LV	: 	: 	: 	: 	: 	: 	11.6 	12.7 	10.5 	10.0 	7.9 	7.2 	6.7 	6.6 	6.0 	5.2 	4.4 	5.7 	5.1 	4.7 	4.5 	4.8 	4.8 
A,Y15-74,PC_POP,T,ME	: 	: 	: 	: 	: 	: 	: 	: 	10.2 	10.7 	10.4 	10.1 	10.1 	10.3 	9.4 	9.1 	9.3 	10.2 	: 	: 	: 	: 	: 
A,Y15-74,PC_POP,T,MK	: 	: 	: 	: 	: 	: 	18.8 	18.8 	18.4 	18.1 	17.1 	16.6 	15.3 	13.8 	13.1 	12.2 	10.2 	9.6 	9.0 b	8.3 	7.4 	7.0 	6.6 
A,Y15-74,PC_POP,T,MT	: 	: 	: 	: 	: 	: 	3.7 	3.7 	3.5 	3.5 	3.6 	3.4 	3.2 	2.9 	2.5 	2.5 	2.7 	3.2 	2.5 	2.4 	2.5 	2.3 	2.3 
A,Y15-74,PC_POP,T,NL	: 	: 	: 	: 	: 	: 	4.0 	4.4 	4.4 	5.0 	6.0 	6.1 	5.7 	5.1 	4.2 	3.6 	3.3 	3.6 	3.1 	2.6 	2.7 	2.8 	3.0 
A,Y15-74,PC_POP,T,NO	: 	: 	: 	: 	: 	: 	2.5 	2.9 	2.6 	2.5 	2.8 	2.7 	3.4 	3.5 	3.1 	2.8 	2.8 	3.4 	3.2 	2.4 	2.6 	2.9 	3.3 
A,Y15-74,PC_POP,T,PL	: 	: 	: 	: 	: 	: 	4.8 	5.8 b	5.8 	6.1 	6.3 	5.5 	4.6 	3.8 	3.0 	2.4 	2.0 b	1.9 	2.1 	1.8 	1.8 	1.8 	2.0 
A,Y15-74,PC_POP,T,PT	: 	: 	: 	: 	: 	: 	7.1 	8.0 	8.6 	10.5 	10.8 	9.2 	8.2 	7.3 	5.9 	4.7 	4.3 	4.5 	4.4 	4.1 	4.4 	4.4 	4.1 
A,Y15-74,PC_POP,T,RO	: 	: 	: 	: 	: 	: 	4.1 	4.6 	4.7 	4.5 	4.7 	4.5 	4.5 	3.8 	3.3 	2.9 	2.7 	3.4 	3.2 	3.2 	3.2 	3.1 	3.5 
A,Y15-74,PC_POP,T,RS	: 	: 	: 	: 	: 	: 	: 	11.4 	13.2 	13.8 	13.3 	11.5 	10.5 	9.4 	8.4 	8.0 	6.5 	5.5 	6.6 	5.7 	5.8 	5.4 	5.4 
A,Y15-74,PC_POP,T,SE	: 	: 	5.6 	5.1 	4.4 	4.5 	6.0 	6.1 	5.6 	5.7 	5.8 	5.8 	5.4 	5.1 	4.9 	4.7 	5.0 	6.2 	6.6 	5.6 	5.8 	6.3 	6.7 
A,Y15-74,PC_POP,T,SI	: 	: 	: 	: 	: 	: 	3.8 	4.6 	5.1 	5.6 	6.3 	6.1 	5.7 	5.0 	4.2 	3.3 	2.9 	3.2 	3.1 	2.6 	2.4 	2.4 	2.5 
A,Y15-74,PC_POP,T,SK	: 	: 	: 	: 	: 	: 	7.7 	9.2 	8.7 b	9.0 	9.2 	8.5 	7.5 	6.4 	5.4 	4.3 	3.8 	4.4 	4.5 	4.1 	3.9 	3.6 	3.6 
A,Y15-74,PC_POP,T,TR	: 	: 	: 	: 	: 	: 	6.1 	5.3 	4.5 	4.2 	4.6 	5.2 b	5.5 	5.9 	6.0 	6.1 	7.6 	6.8 	6.4 b	5.8 	5.3 	5.0 	4.7 
A,Y15-74,THS_PER,F,AT	: 	: 	: 	: 	: 	: 	104 	95 	95 	101 	113 	116 	115 	122 	112 	103 	97 	124 	131 	99 	108 	106 	120 
A,Y15-74,THS_PER,F,BA	: 	: 	: 	: 	: 	: 	: 	: 	: 	: 	: 	: 	: 	: 	: 	: 	: 	: 	120 	105 	90 	92 	93 
A,Y15-74,THS_PER,F,BE	: 	: 	: 	: 	: 	: 	177 	190 	160 	167 	187 	185 	182 	175 	165 b	132 	119 	130 	142 	130 	126 	132 	145 
A,Y15-74,THS_PER,F,BG	: 	: 	: 	: 	: 	: 	124 	168 b	172 b	184 	201 	177 	145 	120 	107 	86 	71 b	81 	69 	56 	61 	56 b	48 
A,Y15-74,THS_PER,F,CH	: 	: 	: 	: 	: 	: 	: 	105 b	99 	99 	105 	109 	109 	113 	115 	117 	109 	115 	122 	102 	101 	110 	117 
A,Y15-74,THS_PER,F,CY	: 	: 	: 	: 	: 	: 	10 	13 	16 	23 	31 	32 	30 	27 	23 	18 	17 	16 	17 	16 	14 	13 	12 
A,Y15-74,THS_PER,F,CZ	: 	: 	: 	: 	: 	: 	177 	193 	180 b	189 	194 	172 	143 	111 	86 	68 	57 	70 	82 	65 	70 	73 	78 
A,Y15-74,THS_PER,F,DE	: 	: 	: 	: 	: 	: 	1294 	1133 b	988 b	916 	880 	833 	761 	686 	610 	535 	505 	631 b	630 	581 	577 	656 	723 
A,Y15-74,THS_PER,F,DK	: 	: 	: 	: 	: 	: 	78 	92 	104 	106 	104 	96 	88 	88 b	85 b	75 	75 	85 	74 	67 	80 b	100 	98 
A,Y15-74,THS_PER,F,EA20	: 	: 	: 	: 	: 	: 	7151 	7599 	7726 	8641 	9138 	8911 	8373 	7927 	7245 	6594 	6149 	6313 	6278 	5663 	5537 	5346 	5369 
A,Y15-74,THS_PER,F,EA21	: 	: 	: 	: 	: 	: 	7275 	7766 	7898 	8825 	9339 	9088 	8518 	8046 	7352 	6680 	6220 	6394 	6347 	5720 	5598 	5402 	5416 
A,Y15-74,THS_PER,F,EE	: 	: 	: 	: 	: 	: 	35 	48 	39 	31 	27 	22 	21 	21 	18 	18 	17 	23 	19 	18 	25 	29 	25 
A,Y15-74,THS_PER,F,EL	: 	: 	: 	: 	: 	: 	284 	354 	458 	603 	665 	639 	615 	609 	558 	516 	467 	423 	387 	343 	300 	269 	237 
A,Y15-74,THS_PER,F,ES	: 	: 	: 	: 	: 	: 	1854 	2104 	2307 	2680 	2846 	2694 	2497 	2268 	2011 	1805 	1720 	1852 	1842 d	1650 d	1579 d	1460 d	1396 d
A,Y15-74,THS_PER,F,EU27_2020	: 	: 	: 	: 	: 	: 	8832 	9506 	9670 	10639 	11173 	10728 	9931 	9210 	8340 	7518 	7033 	7312 	7281 	6554 	6469 	6342 	6424 
A,Y15-74,THS_PER,F,FI	: 	: 	: 	: 	: 	: 	95 	97 	91 	91 	96 	100 	110 	107 	106 	93 	81 	95 	94 	87 	89 	104 	125 
A,Y15-74,THS_PER,F,FR	1221 	1283 	1294 	1291 	1157 	1082 	1294 	1337 	1340 	1386 	1464 	1442 	1435 	1437 	1367 	1332 	1235 	1172 	1161 d	1079 d	1106 d	1116 d	1181 d
A,Y15-74,THS_PER,F,HR	: 	: 	: 	: 	: 	: 	93 	109 	114 	134 	140 	158 	147 	114 	97 	75 	56 	58 	63 	64 	54 	42 	36 
A,Y15-74,THS_PER,F,HU	: 	: 	: 	: 	: 	: 	186 	207 	214 	211 	201 	161 	146 	107 	96 	82 b	72 	91 	94 	79 	95 	102 	98 
A,Y15-74,THS_PER,F,IE	: 	: 	: 	: 	: 	: 	97 	115 	126 	128 	126 	111 	91 	80 	68 	63 	53 	64 	74 b	58 	56 	58 	64 
A,Y15-74,THS_PER,F,IS	: 	: 	: 	: 	: 	: 	5 	6 	5 	5 	4 	4 	4 	3 	3 	2 	3 	5 b	6 	3 	3 	4 	5 
A,Y15-74,THS_PER,F,IT	: 	: 	: 	: 	: 	: 	933 	977 	984 	1266 	1397 	1486 	1354 	1381 	1353 	1283 b	1213 	1087 	1131 	1005 	959 	805 	745 
A,Y15-74,THS_PER,F,LT	: 	: 	: 	: 	: 	: 	81 	112 	96 	86 	77 	68 	61 	50 	42 	40 	41 	57 	48 	42 	49 	49 	45 
A,Y15-74,THS_PER,F,LU	: 	: 	: 	: 	: 	: 	6 	5 	7 	7 	7 	7 	9 b	8 	7 	8 	8 	10 	8 	7 	9 	10 	11 
A,Y15-74,THS_PER,F,LV	: 	: 	: 	: 	: 	: 	78 	88 	71 	73 	57 	49 	43 	42 	38 	32 	26 	34 	30 	26 	25 	27 	29 
A,Y15-74,THS_PER,F,ME	: 	: 	: 	: 	: 	: 	: 	: 	21 	23 	21 	22 	21 	21 	21 	19 	20 	22 	: 	: 	: 	: 	: 
A,Y15-74,THS_PER,F,MK	: 	: 	: 	: 	: 	: 	118 	117 	114 	112 	111 	108 	94 	83 	81 	75 	72 	61 	46 b	41 	38 	36 	35 
A,Y15-74,THS_PER,F,MT	: 	: 	: 	: 	: 	: 	4 	4 	4 	5 	5 	4 	4 	4 	4 	4 	5 	6 	4 	4 	4 	4 	4 
A,Y15-74,THS_PER,F,NL	: 	: 	: 	: 	: 	: 	255 	280 	276 	313 	359 	375 	359 	329 	279 	227 	204 	231 	206 	179 	179 	185 	194 
A,Y15-74,THS_PER,F,NO	: 	: 	: 	: 	: 	: 	37 	42 	43 	40 	49 	47 	58 	55 	53 	51 	49 	62 	57 	43 	49 	54 	58 
A,Y15-74,THS_PER,F,PL	: 	: 	: 	: 	: 	: 	676 	768 b	801 	849 	865 	750 	603 	482 	379 	296 	277 b	256 	272 	236 	234 	253 	282 
A,Y15-74,THS_PER,F,PT	: 	: 	: 	: 	: 	: 	263 	312 	340 	401 	421 	362 	321 	281 	239 	190 	183 	179 	177 	170 	183 	185 	180 
A,Y15-74,THS_PER,F,RO	: 	: 	: 	: 	: 	: 	252 	279 	288 	272 	278 	268 	249 	208 	177 	153 	147 	194 	172 	176 	177 	179 	209 
A,Y15-74,THS_PER,F,RS	: 	: 	: 	: 	: 	: 	: 	297 	327 	344 	345 	288 	262 	234 	210 	202 	161 	135 	168 	140 	141 	127 	130 
A,Y15-74,THS_PER,F,SE	: 	: 	176 	167 	151 	155 	189 	200 	186 	188 	193 	191 	184 	167 	166 	164 	184 	221 	241 	211 	215 	233 	242 
A,Y15-74,THS_PER,F,SI	: 	: 	: 	: 	: 	: 	28 	33 	38 	44 	50 	49 	46 	40 	35 	27 	23 	27 	25 	20 	17 	19 	20 
A,Y15-74,THS_PER,F,SK	: 	: 	: 	: 	: 	: 	166 	191 	175 b	189 	190 	179 	172 	145 	114 	94 	80 	94 	90 	83 	77 	77 	75 
A,Y15-74,THS_PER,F,TR	: 	: 	: 	: 	: 	: 	847 	826 	781 	756 	902 	1032 b	1158 	1313 	1409 	1440 	1750 	1448 	1550 b	1542 	1503 	1445 	1373 
A,Y15-74,THS_PER,M,AT	: 	: 	: 	: 	: 	: 	135 	124 	113 	123 	136 	148 	156 	168 	156 	134 	123 	147 	152 	122 	133 	139 	149 
A,Y15-74,THS_PER,M,BA	: 	: 	: 	: 	: 	: 	: 	: 	: 	: 	: 	: 	: 	: 	: 	: 	: 	: 	122 	106 	91 	86 	81 
A,Y15-74,THS_PER,M,BE	: 	: 	: 	: 	: 	: 	206 	219 	190 	207 	236 	244 	249 	219 	193 b	173 	159 	161 	182 	163 	168 	174 	194 
A,Y15-74,THS_PER,M,BG	: 	: 	: 	: 	: 	: 	152 	220 b	239 b	260 	268 	240 	193 	160 	133 	120 	94 b	106 	87 	71 	72 	71 b	59 
A,Y15-74,THS_PER,M,CH	: 	: 	: 	: 	: 	: 	: 	107 b	99 	105 	114 	118 	120 	125 	119 	114 	108 	122 	127 	103 	103 	112 	131 
A,Y15-74,THS_PER,M,CY	: 	: 	: 	: 	: 	: 	11 	14 	18 	29 	38 	38 	33 	27 	24 	18 	16 	19 	18 	15 	15 	12 	11 
A,Y15-74,THS_PER,M,CZ	: 	: 	: 	: 	: 	: 	175 	191 	171 b	178 	175 	151 	125 	101 	70 	54 	52 	67 	69 	53 	64 	65 	73 
A,Y15-74,THS_PER,M,DE	: 	: 	: 	: 	: 	: 	1709 	1508 b	1242 b	1147 	1139 	1097 	1033 	944 	876 	805 	745 	881 b	888 	774 	765 	862 	969 
A,Y15-74,THS_PER,M,DK	: 	: 	: 	: 	: 	: 	109 	132 	120 	118 	106 	102 	93 	87 b	88 b	78 	77 	85 	81 	72 	82 b	101 	111 
A,Y15-74,THS_PER,M,EA20	: 	: 	: 	: 	: 	: 	8378 	8829 	8776 	9920 	10480 	10061 	9391 	8577 	7713 	6940 	6407 	6647 	6544 	5730 	5658 	5620 	5699 
A,Y15-74,THS_PER,M,EA21	: 	: 	: 	: 	: 	: 	8529 	9049 	9015 	10180 	10748 	10300 	9583 	8737 	7846 	7060 	6502 	6753 	6632 	5801 	5729 	5691 	5759 
A,Y15-74,THS_PER,M,EE	: 	: 	: 	: 	: 	: 	58 	66 	45 	38 	31 	27 	22 	27 	22 	20 	15 	25 	24 	22 	23 	28 	31 
A,Y15-74,THS_PER,M,EL	: 	: 	: 	: 	: 	: 	207 	295 	432 	605 	679 	638 	582 	538 	484 	419 	379 	367 	291 	245 	222 	211 	185 
A,Y15-74,THS_PER,M,ES	: 	: 	: 	: 	: 	: 	2300 	2536 	2706 	3131 	3206 	2916 	2559 	2213 	1906 	1675 	1528 	1679 	1635 d	1429 d	1358 d	1311 d	1212 d
A,Y15-74,THS_PER,M,EU27_2020	: 	: 	: 	: 	: 	: 	10444 	11187 	11058 	12278 	12858 	12199 	11306 	10210 	9084 	8103 	7452 	7855 	7748 	6794 	6753 	6755 	6896 
A,Y15-74,THS_PER,M,FI	: 	: 	: 	: 	: 	: 	126 	129 	121 	118 	125 	132 	140 	129 	127 	109 	103 	114 	118 	103 	115 	135 	152 
A,Y15-74,THS_PER,M,FR	1147 	1206 	1215 	1228 	1142 	1063 	1362 	1375 	1352 	1497 	1592 	1609 	1650 	1569 	1454 	1389 	1309 	1240 	1247 d	1185 d	1194 d	1215 d	1270 d
A,Y15-74,THS_PER,M,HR	: 	: 	: 	: 	: 	: 	80 	112 	139 	163 	174 	161 	152 	117 	98 	68 	55 	66 	65 	54 	51 	47 	51 
A,Y15-74,THS_PER,M,HU	: 	: 	: 	: 	: 	: 	232 	262 	251 	262 	239 	182 	162 	128 	96 	88 b	86 	105 	99 	95 	106 	119 	118 
A,Y15-74,THS_PER,M,IE	: 	: 	: 	: 	: 	: 	194 	212 	217 	215 	182 	156 	134 	114 	90 	75 	68 	75 	86 b	63 	65 	65 	73 
A,Y15-74,THS_PER,M,IS	: 	: 	: 	: 	: 	: 	8 	8 	7 	6 	5 	5 	4 	3 	3 	3 	4 	6 b	7 	5 	5 	5 	6 
A,Y15-74,THS_PER,M,IT	: 	: 	: 	: 	: 	: 	988 	1101 	1102 	1453 	1681 	1736 	1655 	1597 	1521 	1426 b	1327 	1214 	1236 	1022 	988 	858 	831 
A,Y15-74,THS_PER,M,LT	: 	: 	: 	: 	: 	: 	130 	159 	132 	111 	96 	90 	73 	66 	61 	50 	51 	69 	57 	48 	57 	62 	63 
A,Y15-74,THS_PER,M,LU	: 	: 	: 	: 	: 	: 	6 	5 	5 	6 	8 	9 	9 b	9 	9 	8 	9 	11 	9 	8 	9 	12 	12 
A,Y15-74,THS_PER,M,LV	: 	: 	: 	: 	: 	: 	115 	119 	96 	83 	64 	59 	55 	54 	48 	41 	35 	44 	40 	39 	36 	38 	36 
A,Y15-74,THS_PER,M,ME	: 	: 	: 	: 	: 	: 	: 	: 	26 	27 	28 	26 	26 	28 	23 	24 	23 	26 	: 	: 	: 	: 	: 
A,Y15-74,THS_PER,M,MK	: 	: 	: 	: 	: 	: 	181 	183 	181 	180 	166 	160 	155 	142 	133 	124 	94 	95 	81 b	75 	66 	61 	56 
A,Y15-74,THS_PER,M,MT	: 	: 	: 	: 	: 	: 	7 	8 	7 	6 	7 	8 	7 	6 	5 	6 	6 	8 	6 	6 	7 	6 	6 
A,Y15-74,THS_PER,M,NL	: 	: 	: 	: 	: 	: 	235 	264 	267 	311 	397 	394 	364 	319 	267 	233 	219 	235 	202 	171 	180 	187 	202 
A,Y15-74,THS_PER,M,NO	: 	: 	: 	: 	: 	: 	52 	62 	52 	54 	59 	57 	73 	81 	70 	62 	62 	74 	71 	53 	58 	66 	78 
A,Y15-74,THS_PER,M,PL	: 	: 	: 	: 	: 	: 	733 	881 b	856 	900 	927 	816 	702 	582 	464 	363 	289 b	296 	327 	275 	268 	259 	276 
A,Y15-74,THS_PER,M,PT	: 	: 	: 	: 	: 	: 	309 	334 	350 	433 	436 	363 	324 	293 	225 	176 	156 	175 	168 	153 	168 	166 	157 
A,Y15-74,THS_PER,M,RO	: 	: 	: 	: 	: 	: 	442 	445 	437 	423 	442 	425 	434 	373 	324 	276 	254 	303 	287 	288 	278 	272 	291 
A,Y15-74,THS_PER,M,RS	: 	: 	: 	: 	: 	: 	: 	346 	407 	423 	387 	339 	307 	272 	239 	224 	181 	154 	176 	156 	154 	144 	143 
A,Y15-74,THS_PER,M,SE	: 	: 	195 	173 	150 	153 	224 	228 	207 	218 	220 	223 	207 	203 	196 	185 	193 	246 	252 	210 	225 	247 	268 
A,Y15-74,THS_PER,M,SI	: 	: 	: 	: 	: 	: 	33 	41 	45 	45 	51 	49 	43 	39 	31 	25 	22 	24 	23 	21 	20 	20 	20 
A,Y15-74,THS_PER,M,SK	: 	: 	: 	: 	: 	: 	166 	207 	198 b	198 	204 	188 	151 	128 	115 	89 	81 	92 	97 	87 	84 	70 	75 
A,Y15-74,THS_PER,M,TR	: 	: 	: 	: 	: 	: 	2206 	1870 	1544 	1446 	1540 	1811 b	1877 	1996 	2012 	2072 	2694 	2597 	2365 b	2049 	1771 	1668 	1597 
A,Y15-74,THS_PER,T,AT	: 	: 	: 	: 	: 	: 	239 	219 	209 	224 	249 	263 	271 	290 	267 	237 	220 	272 	284 	221 	241 	244 	270 
A,Y15-74,THS_PER,T,BA	: 	: 	: 	: 	: 	: 	: 	: 	: 	: 	: 	: 	: 	: 	: 	: 	: 	: 	242 	211 	181 	179 	173 
A,Y15-74,THS_PER,T,BE	: 	: 	: 	: 	: 	: 	383 	410 	350 	374 	423 	430 	430 	395 	357 b	305 	278 	291 	324 	294 	294 	306 	339 
A,Y15-74,THS_PER,T,BG	: 	: 	: 	: 	: 	: 	276 	388 b	410 b	444 	469 	417 	337 	280 	240 	206 	165 b	187 	157 	127 	132 	127 b	107 
A,Y15-74,THS_PER,T,CH	: 	: 	: 	: 	: 	: 	: 	212 b	198 	204 	219 	227 	229 	238 	234 	231 	216 	238 	248 	204 	204 	221 	249 
A,Y15-74,THS_PER,T,CY	: 	: 	: 	: 	: 	: 	22 	26 	34 	52 	69 	70 	63 	54 	47 	37 	33 	35 	34 	31 	29 	25 	23 
A,Y15-74,THS_PER,T,CZ	: 	: 	: 	: 	: 	: 	352 	384 	351 b	367 	369 	324 	268 	211 	155 	121 	109 	137 	150 	118 	134 	139 	151 
A,Y15-74,THS_PER,T,DE	: 	: 	: 	: 	: 	: 	3003 	2642 b	2230 b	2064 	2019 	1930 	1794 	1630 	1487 	1341 	1250 	1512 b	1517 	1355 	1342 	1518 	1692 
A,Y15-74,THS_PER,T,DK	: 	: 	: 	: 	: 	: 	186 	223 	224 	224 	210 	198 	181 	176 b	173 b	153 	152 	171 	155 	139 	162 b	202 	209 
A,Y15-74,THS_PER,T,EA20	: 	: 	: 	: 	: 	: 	15529 	16428 	16503 	18561 	19618 	18972 	17764 	16504 	14958 	13533 	12557 	12960 	12822 	11393 	11195 	10966 	11068 
A,Y15-74,THS_PER,T,EA21	: 	: 	: 	: 	: 	: 	15805 	16815 	16913 	19005 	20087 	19389 	18101 	16783 	15198 	13740 	12722 	13147 	12979 	11521 	11327 	11093 	11175 
A,Y15-74,THS_PER,T,EE	: 	: 	: 	: 	: 	: 	93 	114 	85 	68 	59 	50 	43 	47 	40 	38 	31 	48 	43 	40 	48 	57 	56 
A,Y15-74,THS_PER,T,EL	: 	: 	: 	: 	: 	: 	491 	649 	890 	1208 	1344 	1277 	1198 	1146 	1043 	935 	847 	791 	678 	588 	522 	480 	422 
A,Y15-74,THS_PER,T,ES	: 	: 	: 	: 	: 	: 	4154 	4640 	5013 	5811 	6051 	5610 	5056 	4481 	3917 	3479 	3248 	3531 	3476 d	3079 d	2937 d	2771 d	2608 d
A,Y15-74,THS_PER,T,EU27_2020	: 	: 	: 	: 	: 	: 	19276 	20693 	20728 	22917 	24031 	22926 	21237 	19420 	17424 	15621 	14485 	15167 	15029 	13348 	13222 	13097 	13320 
A,Y15-74,THS_PER,T,FI	: 	: 	: 	: 	: 	: 	221 	226 	212 	209 	221 	232 	250 	236 	233 	202 	184 	209 	212 	190 	204 	238 	278 
A,Y15-74,THS_PER,T,FR	2368 	2489 	2508 	2518 	2299 	2145 	2656 	2712 	2693 	2883 	3056 	3051 	3084 	3006 	2821 	2720 	2544 	2412 	2408 d	2264 d	2300 d	2331 d	2451 d
A,Y15-74,THS_PER,T,HR	: 	: 	: 	: 	: 	: 	173 	221 	253 	297 	314 	320 	299 	231 	195 	143 	111 	125 	128 	117 	106 	89 	87 
A,Y15-74,THS_PER,T,HU	: 	: 	: 	: 	: 	: 	417 	469 	465 	473 	440 	343 	308 	234 	192 	169 b	158 	196 	193 	174 	201 	220 	216 
A,Y15-74,THS_PER,T,IE	: 	: 	: 	: 	: 	: 	291 	327 	343 	343 	308 	267 	225 	195 	158 	138 	121 	139 	160 b	121 	120 	123 	137 
A,Y15-74,THS_PER,T,IS	: 	: 	: 	: 	: 	: 	13 	14 	13 	11 	10 	9 	8 	6 	5 	6 	7 	11 b	13 	8 	8 	8 	11 
A,Y15-74,THS_PER,T,IT	: 	: 	: 	: 	: 	: 	1921 	2078 	2086 	2719 	3078 	3223 	3009 	2978 	2873 	2709 b	2540 	2301 	2367 	2027 	1947 	1664 	1576 
A,Y15-74,THS_PER,T,LT	: 	: 	: 	: 	: 	: 	211 	270 	228 	197 	172 	158 	134 	116 	103 	90 	92 	126 	105 	90 	106 	112 	108 
A,Y15-74,THS_PER,T,LU	: 	: 	: 	: 	: 	: 	12 	10 	12 	13 	15 	15 	18 b	17 	16 	17 	17 	21 	17 	15 	18 	22 	23 
A,Y15-74,THS_PER,T,LV	: 	: 	: 	: 	: 	: 	194 	207 	167 	156 	121 	108 	98 	96 	86 	73 	62 	79 	71 	65 	62 	65 	66 
A,Y15-74,THS_PER,T,ME	: 	: 	: 	: 	: 	: 	: 	: 	48 	50 	49 	47 	47 	48 	44 	42 	43 	48 	: 	: 	: 	: 	: 
A,Y15-74,THS_PER,T,MK	: 	: 	: 	: 	: 	: 	299 	300 	295 	292 	277 	269 	249 	225 	214 	199 	166 	156 	127 b	116 	104 	98 	92 
A,Y15-74,THS_PER,T,MT	: 	: 	: 	: 	: 	: 	12 	12 	11 	11 	12 	12 	11 	10 	9 	10 	11 	13 	10 	10 	11 	10 	10 
A,Y15-74,THS_PER,T,NL	: 	: 	: 	: 	: 	: 	490 	544 	543 	625 	756 	769 	723 	647 	547 	459 	423 	466 	408 	350 	359 	372 	396 
A,Y15-74,THS_PER,T,NO	: 	: 	: 	: 	: 	: 	89 	104 	95 	94 	107 	104 	131 	137 	122 	113 	111 	136 	128 	96 	107 	121 	136 
A,Y15-74,THS_PER,T,PL	: 	: 	: 	: 	: 	: 	1409 	1649 b	1657 	1749 	1792 	1566 	1304 	1063 	843 	659 	567 b	552 	599 	511 	502 	512 	558 
A,Y15-74,THS_PER,T,PT	: 	: 	: 	: 	: 	: 	573 	647 	689 	833 	857 	725 	645 	574 	465 	366 	339 	354 	344 	323 	351 	351 	337 
A,Y15-74,THS_PER,T,RO	: 	: 	: 	: 	: 	: 	694 	724 	725 	695 	719 	693 	683 	581 	500 	429 	400 	497 	459 	465 	456 	451 	500 
A,Y15-74,THS_PER,T,RS	: 	: 	: 	: 	: 	: 	: 	643 	735 	767 	732 	627 	570 	506 	450 	426 	343 	290 	344 	296 	296 	272 	272 
A,Y15-74,THS_PER,T,SE	: 	: 	371 	340 	301 	308 	412 	428 	394 	406 	414 	414 	391 	371 	363 	349 	377 	466 	493 	421 	440 	480 	510 
A,Y15-74,THS_PER,T,SI	: 	: 	: 	: 	: 	: 	61 	75 	83 	89 	101 	98 	90 	79 	67 	52 	45 	51 	48 	41 	38 	38 	40 
A,Y15-74,THS_PER,T,SK	: 	: 	: 	: 	: 	: 	332 	398 	373 b	386 	394 	366 	323 	274 	229 	184 	161 	186 	188 	170 	162 	148 	150 
A,Y15-74,THS_PER,T,TR	: 	: 	: 	: 	: 	: 	3053 	2696 	2324 	2202 	2442 	2843 b	3035 	3308 	3421 	3512 	4445 	4045 	3915 b	3591 	3274 	3113 	2970 
A,Y20-64,PC_ACT,F,AT	: 	: 	: 	: 	: 	: 	5.0 	4.5 	4.5 	4.7 	5.2 	5.4 	5.4 	5.5 	5.0 	4.7 	4.4 	5.7 	5.9 	4.2 	4.5 	4.4 	5.1 
A,Y20-64,PC_ACT,F,BA	: 	: 	: 	: 	: 	: 	: 	: 	: 	: 	: 	: 	: 	: 	: 	: 	: 	: 	21.9 	19.7 	16.8 	16.6 	16.5 
A,Y20-64,PC_ACT,F,BE	: 	: 	: 	: 	: 	: 	7.9 	8.3 	7.0 	7.4 	8.1 	7.9 	7.8 	7.5 	7.1 b	5.4 	4.8 	5.3 	5.7 	5.0 	4.8 	4.9 	5.4 
A,Y20-64,PC_ACT,F,BG	: 	: 	: 	: 	: 	: 	7.3 	10.3 b	10.8 b	11.4 	12.6 	11.2 	9.2 	7.9 	6.8 	5.6 	4.8 b	5.7 	4.9 	3.9 	4.2 	3.9 b	3.3 
A,Y20-64,PC_ACT,F,CH	: 	: 	: 	: 	: 	: 	: 	5.1 b	4.6 	4.7 	4.8 	4.9 	4.8 	4.9 	5.0 	5.1 	4.7 	4.9 	5.2 	4.3 	4.2 	4.4 	4.7 
A,Y20-64,PC_ACT,F,CY	: 	: 	: 	: 	: 	: 	5.4 	6.3 	7.5 	11.0 	15.1 	14.9 	14.6 	13.1 	11.2 	8.7 	7.7 	7.5 	7.2 	6.7 	5.8 	5.1 	4.7 
A,Y20-64,PC_ACT,F,CZ	: 	: 	: 	: 	: 	: 	7.6 	8.3 	7.7 b	8.1 	8.2 	7.3 	6.0 	4.6 	3.5 	2.8 	2.3 	2.9 	3.4 	2.7 	3.0 	2.9 	3.0 
A,Y20-64,PC_ACT,F,DE	: 	: 	: 	: 	: 	: 	6.8 	6.1 b	5.2 b	4.8 	4.6 	4.3 	3.9 	3.4 	3.0 	2.7 	2.5 	3.1 b	3.1 	2.8 	2.8 	3.1 	3.4 
A,Y20-64,PC_ACT,F,DK	: 	: 	: 	: 	: 	: 	5.0 	6.1 	6.9 	7.2 	7.2 	6.8 	6.3 	6.0 b	5.6 b	5.0 	4.9 	5.6 	4.8 	4.1 	4.8 b	5.7 	5.7 
A,Y20-64,PC_ACT,F,EA20	: 	: 	: 	: 	: 	: 	9.5 	10.1 	10.2 	11.4 	12.0 	11.7 	11.0 	10.3 	9.4 	8.5 	7.8 	8.2 	8.0 	7.0 	6.8 	6.5 	6.4 
A,Y20-64,PC_ACT,F,EA21	: 	: 	: 	: 	: 	: 	9.4 	10.1 	10.3 	11.4 	12.0 	11.7 	10.9 	10.2 	9.3 	8.4 	7.8 	8.1 	7.9 	7.0 	6.7 	6.4 	6.4 
A,Y20-64,PC_ACT,F,EE	: 	: 	: 	: 	: 	: 	9.9 	13.9 	11.4 	8.9 	8.1 	6.8 	6.1 	6.2 	5.2 	5.1 	4.9 	6.7 	5.5 	5.0 	6.5 	7.5 	6.3 
A,Y20-64,PC_ACT,F,EL	: 	: 	: 	: 	: 	: 	13.4 	16.6 	21.6 	28.3 	31.5 	30.3 	29.0 	28.6 	26.4 	24.8 	22.4 	21.6 	19.0 	16.4 	14.3 	12.6 	11.1 
A,Y20-64,PC_ACT,F,ES	: 	: 	: 	: 	: 	: 	17.5 	19.7 	21.3 	24.6 	26.2 	25.0 	23.2 	21.1 	18.8 	16.8 	15.7 	17.2 	16.6 d	14.7 d	13.6 d	12.3 d	11.7 d
A,Y20-64,PC_ACT,F,EU27_2020	: 	: 	: 	: 	: 	: 	9.1 	9.9 	10.0 	10.9 	11.5 	11.0 	10.1 	9.3 	8.4 	7.5 	7.0 	7.4 	7.2 	6.3 	6.2 	6.0 	6.0 
A,Y20-64,PC_ACT,F,FI	: 	: 	: 	: 	: 	: 	6.6 	6.8 	6.3 	6.2 	6.7 	7.0 	8.0 	7.6 	7.5 	6.5 	5.5 	6.6 	6.3 	5.7 	5.7 	6.7 	8.2 
A,Y20-64,PC_ACT,F,FR	8.9 	9.1 	9.1 	8.8 	7.8 	7.3 	8.6 	8.9 	9.0 	9.2 	9.7 	9.5 	9.4 	9.4 	9.0 	8.7 	8.0 	7.6 	7.5 d	6.8 d	6.9 d	6.9 d	7.2 d
A,Y20-64,PC_ACT,F,HR	: 	: 	: 	: 	: 	: 	10.3 	12.1 	13.1 	15.4 	16.1 	17.6 	16.4 	13.2 	11.5 	9.0 	6.9 	7.0 	7.6 	7.5 	6.3 	4.6 	4.1 
A,Y20-64,PC_ACT,F,HU	: 	: 	: 	: 	: 	: 	8.9 	9.9 	10.2 	9.8 	9.3 	7.3 	6.5 	4.7 	4.2 	3.6 b	3.2 	4.1 	4.1 	3.4 	4.0 	4.2 	4.1 
A,Y20-64,PC_ACT,F,IE	: 	: 	: 	: 	: 	: 	8.9 	10.8 	12.0 	12.1 	11.9 	10.4 	8.6 	7.3 	5.9 	5.3 	4.3 	5.5 	5.5 b	4.2 	3.7 	3.9 	4.1 
A,Y20-64,PC_ACT,F,IS	: 	: 	: 	: 	: 	: 	5.0 	5.9 	5.7 	5.2 	4.8 	4.5 	3.7 	2.7 	2.1 	2.2 	2.9 	5.0 b	6.2 	3.2 	2.5 	2.8 	3.7 
A,Y20-64,PC_ACT,F,IT	: 	: 	: 	: 	: 	: 	9.0 	9.4 	9.3 	11.6 	12.9 	13.6 	12.5 	12.6 	12.2 	11.6 b	10.9 	10.3 	10.5 	9.2 	8.7 	7.3 	6.8 
A,Y20-64,PC_ACT,F,LT	: 	: 	: 	: 	: 	: 	10.4 	14.5 	13.0 	11.7 	10.6 	9.3 	8.3 	6.8 	5.8 	5.6 	5.6 	7.9 	6.8 	5.6 	6.6 	6.6 	6.0 
A,Y20-64,PC_ACT,F,LU	: 	: 	: 	: 	: 	: 	5.9 	5.1 	6.1 	5.8 	6.2 	5.6 	7.1 b	6.3 	5.2 	5.6 	5.2 	6.6 	5.3 	4.1 	4.6 	5.7 	6.4 
A,Y20-64,PC_ACT,F,LV	: 	: 	: 	: 	: 	: 	14.1 	16.3 	13.7 	13.9 	11.2 	10.0 	8.7 	8.7 	7.9 	6.6 	5.6 	7.3 	6.8 	5.8 	5.6 	6.0 	6.3 
A,Y20-64,PC_ACT,F,ME	: 	: 	: 	: 	: 	: 	: 	: 	20.0 	19.7 	18.3 	18.1 	17.0 	16.7 	16.8 	15.3 	15.8 	18.5 	: 	: 	: 	: 	: 
A,Y20-64,PC_ACT,F,MK	: 	: 	: 	: 	: 	: 	32.4 	32.2 	30.8 	30.2 	28.7 	28.2 	25.0 	22.5 	21.6 	19.6 	18.5 	15.8 	13.3 b	12.4 	11.3 	10.8 	10.3 
A,Y20-64,PC_ACT,F,MT	: 	: 	: 	: 	: 	: 	6.5 	6.2 	6.1 	6.0 	5.5 	4.5 	4.8 	4.6 	3.8 	3.4 	4.4 	5.0 	3.3 	2.8 	3.0 	2.8 	2.8 
A,Y20-64,PC_ACT,F,NL	: 	: 	: 	: 	: 	: 	5.4 	6.0 	5.8 	6.5 	7.6 	8.1 	7.6 	6.9 	5.7 	4.5 	4.0 	4.4 	3.7 	3.1 	3.1 	3.3 	3.5 
A,Y20-64,PC_ACT,F,NO	: 	: 	: 	: 	: 	: 	2.4 	2.7 	2.8 	2.5 	3.1 	3.2 	3.7 	3.5 	3.3 	3.3 	2.9 	3.8 	3.4 	2.5 	2.7 	2.9 	3.1 
A,Y20-64,PC_ACT,F,PL	: 	: 	: 	: 	: 	: 	8.8 	10.1 b	10.5 	11.0 	11.2 	9.7 	7.8 	6.2 	4.9 	3.9 	3.5 b	3.3 	3.4 	2.9 	2.8 	3.0 	3.3 
A,Y20-64,PC_ACT,F,PT	: 	: 	: 	: 	: 	: 	10.3 	12.2 	13.5 	16.0 	17.0 	14.6 	12.8 	11.3 	9.4 	7.4 	7.1 	7.1 	6.9 	6.4 	6.7 	6.7 	6.4 
A,Y20-64,PC_ACT,F,RO	: 	: 	: 	: 	: 	: 	7.0 	8.0 	8.2 	7.8 	8.0 	7.6 	6.9 	5.8 	4.7 	4.2 	4.0 	5.4 	4.8 	4.7 	4.9 	4.5 	5.5 
A,Y20-64,PC_ACT,F,RS	: 	: 	: 	: 	: 	: 	: 	22.6 	26.0 	27.3 	26.3 	21.7 	19.9 	17.3 	15.3 	14.7 	12.0 	10.3 	12.2 	10.0 	10.0 	8.8 	9.0 
A,Y20-64,PC_ACT,F,SE	: 	: 	6.8 	6.2 	5.5 	5.4 	7.0 	7.6 	6.8 	6.8 	7.0 	6.8 	6.6 	5.9 	5.8 	5.6 	6.1 	7.6 	8.0 	6.7 	6.7 	7.2 	7.4 
A,Y20-64,PC_ACT,F,SI	: 	: 	: 	: 	: 	: 	5.8 	7.1 	8.2 	9.5 	11.0 	10.7 	10.2 	8.6 	7.4 	5.8 	4.9 	5.6 	5.2 	4.1 	3.4 	3.7 	3.9 
A,Y20-64,PC_ACT,F,SK	: 	: 	: 	: 	: 	: 	12.6 	14.3 	13.4 b	14.3 	14.4 	13.5 	12.8 	10.7 	8.3 	6.9 	5.8 	7.0 	6.9 	6.2 	5.9 	5.8 	5.8 
A,Y20-64,PC_ACT,F,TR	: 	: 	: 	: 	: 	: 	12.3 	11.3 	10.1 	9.4 	10.5 	11.8 b	12.5 	13.7 	13.9 	13.7 	16.4 	14.8 	14.7 b	13.5 	12.7 	11.7 	11.2 
A,Y20-64,PC_ACT,M,AT	: 	: 	: 	: 	: 	: 	5.7 	5.3 	4.8 	5.2 	5.7 	6.3 	6.5 	6.8 	6.3 	5.4 	4.9 	6.0 	6.0 	4.8 	5.1 	5.4 	5.7 
A,Y20-64,PC_ACT,M,BA	: 	: 	: 	: 	: 	: 	: 	: 	: 	: 	: 	: 	: 	: 	: 	: 	: 	: 	14.0 	12.3 	10.6 	9.9 	9.3 
A,Y20-64,PC_ACT,M,BE	: 	: 	: 	: 	: 	: 	7.6 	7.9 	6.9 	7.5 	8.6 	9.0 	9.2 	8.0 	7.0 b	6.3 	5.7 	5.8 	6.3 	5.6 	5.7 	5.8 	6.3 
A,Y20-64,PC_ACT,M,BG	: 	: 	: 	: 	: 	: 	7.9 	11.8 b	13.2 b	14.4 	14.7 	13.4 	10.8 	9.2 	7.4 	6.7 	5.6 b	6.5 	5.3 	4.3 	4.3 	4.3 b	3.6 
A,Y20-64,PC_ACT,M,CH	: 	: 	: 	: 	: 	: 	: 	4.4 b	4.0 	4.2 	4.5 	4.7 	4.6 	4.8 	4.6 	4.3 	4.0 	4.6 	4.9 	3.9 	3.7 	4.0 	4.8 
A,Y20-64,PC_ACT,M,CY	: 	: 	: 	: 	: 	: 	5.3 	6.2 	8.2 	12.5 	16.5 	17.1 	15.2 	12.8 	11.0 	8.1 	6.7 	7.8 	7.1 	5.7 	5.7 	4.6 	3.8 
A,Y20-64,PC_ACT,M,CZ	: 	: 	: 	: 	: 	: 	5.7 	6.2 	5.6 b	5.8 	5.8 	5.0 	4.1 	3.3 	2.3 	1.7 	1.7 	2.2 	2.2 	1.7 	2.1 	2.1 	2.3 
A,Y20-64,PC_ACT,M,DE	: 	: 	: 	: 	: 	: 	7.7 	7.0 b	5.7 b	5.2 	5.2 	5.0 	4.7 	4.2 	3.8 	3.5 	3.2 	3.9 b	3.9 	3.3 	3.2 	3.6 	4.1 
A,Y20-64,PC_ACT,M,DK	: 	: 	: 	: 	: 	: 	6.5 	8.0 	7.1 	7.2 	6.5 	6.2 	5.7 	5.2 b	5.1 b	4.5 	4.5 	4.9 	4.6 	4.0 	4.6 b	5.2 	5.8 
A,Y20-64,PC_ACT,M,EA20	: 	: 	: 	: 	: 	: 	9.2 	9.8 	9.8 	11.1 	11.9 	11.4 	10.6 	9.6 	8.6 	7.7 	7.1 	7.5 	7.3 	6.2 	6.1 	6.0 	6.0 
A,Y20-64,PC_ACT,M,EA21	: 	: 	: 	: 	: 	: 	9.2 	9.9 	9.9 	11.2 	11.9 	11.5 	10.6 	9.6 	8.6 	7.7 	7.1 	7.5 	7.2 	6.2 	6.0 	5.9 	6.0 
A,Y20-64,PC_ACT,M,EE	: 	: 	: 	: 	: 	: 	16.4 	19.1 	12.8 	10.7 	9.0 	7.7 	6.4 	7.4 	6.2 	5.2 	3.9 	6.8 	6.7 	5.9 	5.8 	7.3 	7.9 
A,Y20-64,PC_ACT,M,EL	: 	: 	: 	: 	: 	: 	7.0 	10.1 	15.2 	21.8 	24.6 	23.6 	21.8 	20.0 	18.1 	15.7 	14.3 	14.6 	11.2 	9.1 	8.3 	8.0 	7.0 
A,Y20-64,PC_ACT,M,ES	: 	: 	: 	: 	: 	: 	16.9 	18.9 	20.5 	24.1 	25.1 	23.2 	20.4 	17.8 	15.3 	13.4 	12.1 	13.6 	12.9 d	11.0 d	10.3 d	9.8 d	9.0 d
A,Y20-64,PC_ACT,M,EU27_2020	: 	: 	: 	: 	: 	: 	8.9 	9.7 	9.6 	10.7 	11.3 	10.7 	9.9 	8.9 	7.8 	7.0 	6.4 	6.8 	6.6 	5.7 	5.6 	5.5 	5.6 
A,Y20-64,PC_ACT,M,FI	: 	: 	: 	: 	: 	: 	8.4 	8.7 	8.2 	8.0 	8.5 	9.1 	9.8 	8.9 	8.7 	7.3 	6.7 	7.6 	7.8 	6.9 	7.5 	8.7 	9.7 
A,Y20-64,PC_ACT,M,FR	7.4 	7.7 	7.8 	7.7 	7.2 	6.7 	8.5 	8.6 	8.5 	9.3 	10.0 	10.1 	10.3 	9.8 	9.1 	8.7 	8.3 	7.8 	7.7 d	7.1 d	7.1 d	7.1 d	7.3 d
A,Y20-64,PC_ACT,M,HR	: 	: 	: 	: 	: 	: 	7.2 	10.3 	13.0 	15.7 	17.1 	15.7 	14.8 	11.7 	9.9 	7.2 	5.9 	6.9 	6.8 	5.7 	5.3 	4.8 	5.0 
A,Y20-64,PC_ACT,M,HU	: 	: 	: 	: 	: 	: 	10.1 	11.5 	11.0 	11.2 	10.0 	7.4 	6.5 	5.0 	3.7 	3.3 b	3.2 	4.0 	3.7 	3.6 	3.9 	4.4 	4.4 
A,Y20-64,PC_ACT,M,IE	: 	: 	: 	: 	: 	: 	14.4 	16.7 	17.3 	17.3 	14.5 	12.4 	10.4 	8.8 	6.9 	5.5 	4.9 	5.5 	6.0 b	4.1 	4.1 	3.9 	4.4 
A,Y20-64,PC_ACT,M,IS	: 	: 	: 	: 	: 	: 	7.9 	7.7 	7.0 	5.4 	4.8 	4.3 	3.3 	2.8 	2.6 	2.5 	3.4 	5.4 b	5.4 	3.4 	3.4 	3.2 	4.2 
A,Y20-64,PC_ACT,M,IT	: 	: 	: 	: 	: 	: 	6.6 	7.4 	7.5 	9.8 	11.5 	11.9 	11.3 	10.8 	10.3 	9.6 b	9.0 	8.5 	8.5 	7.0 	6.7 	5.8 	5.6 
A,Y20-64,PC_ACT,M,LT	: 	: 	: 	: 	: 	: 	16.9 	21.2 	17.9 	15.3 	13.2 	12.3 	10.2 	9.2 	8.7 	7.0 	7.1 	9.5 	7.8 	6.6 	7.4 	7.7 	7.9 
A,Y20-64,PC_ACT,M,LU	: 	: 	: 	: 	: 	: 	4.1 	3.5 	3.7 	4.3 	5.2 	5.6 	5.7 b	5.6 	5.4 	5.0 	5.3 	6.3 	4.4 	4.0 	4.6 	5.9 	5.8 
A,Y20-64,PC_ACT,M,LV	: 	: 	: 	: 	: 	: 	20.8 	22.7 	18.7 	16.0 	12.7 	11.9 	11.2 	11.1 	9.7 	8.5 	7.2 	9.3 	8.6 	8.1 	7.7 	8.2 	7.9 
A,Y20-64,PC_ACT,M,ME	: 	: 	: 	: 	: 	: 	: 	: 	19.2 	19.4 	19.5 	17.5 	17.4 	17.8 	15.4 	15.1 	14.8 	17.3 	: 	: 	: 	: 	: 
A,Y20-64,PC_ACT,M,MK	: 	: 	: 	: 	: 	: 	31.3 	31.3 	31.1 	31.0 	28.4 	27.1 	26.7 	24.0 	22.3 	20.9 	16.4 	16.6 	16.7 b	15.6 	14.3 	13.1 	12.0 
A,Y20-64,PC_ACT,M,MT	: 	: 	: 	: 	: 	: 	5.6 	6.0 	5.3 	4.9 	5.5 	5.8 	5.0 	4.0 	3.5 	3.8 	3.3 	4.4 	3.7 	3.5 	3.3 	3.1 	2.9 
A,Y20-64,PC_ACT,M,NL	: 	: 	: 	: 	: 	: 	4.1 	4.7 	4.8 	5.6 	7.4 	7.3 	6.8 	5.7 	4.7 	4.1 	3.7 	4.0 	3.3 	2.7 	2.7 	2.9 	3.2 
A,Y20-64,PC_ACT,M,NO	: 	: 	: 	: 	: 	: 	3.3 	4.0 	3.2 	3.4 	3.6 	3.6 	4.6 	5.0 	4.2 	3.7 	3.7 	4.5 	4.0 	2.8 	3.0 	3.3 	3.7 
A,Y20-64,PC_ACT,M,PL	: 	: 	: 	: 	: 	: 	7.9 	9.5 b	9.2 	9.6 	9.9 	8.6 	7.4 	6.1 	4.9 	3.8 	3.0 b	3.1 	3.4 	2.8 	2.7 	2.7 	2.8 
A,Y20-64,PC_ACT,M,PT	: 	: 	: 	: 	: 	: 	11.0 	12.0 	12.9 	16.4 	17.0 	14.1 	12.6 	11.5 	8.6 	6.6 	5.9 	6.8 	6.5 	5.7 	6.0 	5.9 	5.4 
A,Y20-64,PC_ACT,M,RO	: 	: 	: 	: 	: 	: 	8.7 	9.3 	9.2 	8.8 	9.2 	8.7 	8.8 	7.6 	6.6 	5.5 	5.0 	6.0 	5.6 	5.6 	5.5 	5.2 	5.7 
A,Y20-64,PC_ACT,M,RS	: 	: 	: 	: 	: 	: 	: 	19.7 	23.7 	24.4 	22.1 	19.5 	18.0 	15.8 	13.9 	12.9 	10.7 	9.2 	10.3 	9.0 	8.8 	8.4 	8.4 
A,Y20-64,PC_ACT,M,SE	: 	: 	7.2 	6.2 	5.1 	5.0 	7.8 	7.9 	7.1 	7.6 	7.5 	7.5 	7.0 	6.8 	6.4 	5.9 	6.0 	7.8 	7.8 	6.0 	6.4 	7.1 	7.7 
A,Y20-64,PC_ACT,M,SI	: 	: 	: 	: 	: 	: 	5.8 	7.4 	8.3 	8.4 	9.6 	9.1 	8.1 	7.5 	5.8 	4.6 	3.9 	4.4 	4.2 	3.6 	3.4 	3.1 	3.3 
A,Y20-64,PC_ACT,M,SK	: 	: 	: 	: 	: 	: 	10.8 	13.6 	12.9 b	12.9 	13.4 	12.3 	9.9 	8.3 	7.5 	5.8 	5.3 	6.1 	6.6 	5.7 	5.6 	4.5 	5.0 
A,Y20-64,PC_ACT,M,TR	: 	: 	: 	: 	: 	: 	12.2 	10.1 	8.1 	7.5 	7.7 	8.7 b	8.9 	9.4 	9.1 	9.3 	12.2 	12.2 	10.6 b	8.9 	7.5 	6.9 	6.7 
A,Y20-64,PC_ACT,T,AT	: 	: 	: 	: 	: 	: 	5.3 	4.9 	4.6 	5.0 	5.5 	5.9 	6.0 	6.2 	5.7 	5.0 	4.7 	5.9 	6.0 	4.5 	4.8 	4.9 	5.4 
A,Y20-64,PC_ACT,T,BA	: 	: 	: 	: 	: 	: 	: 	: 	: 	: 	: 	: 	: 	: 	: 	: 	: 	: 	17.1 	15.2 	13.0 	12.6 	12.1 
A,Y20-64,PC_ACT,T,BE	: 	: 	: 	: 	: 	: 	7.8 	8.1 	7.0 	7.4 	8.4 	8.5 	8.5 	7.8 	7.1 b	5.9 	5.3 	5.6 	6.0 	5.3 	5.3 	5.4 	5.8 
A,Y20-64,PC_ACT,T,BG	: 	: 	: 	: 	: 	: 	7.6 	11.1 b	12.0 b	13.0 	13.7 	12.3 	10.1 	8.6 	7.1 	6.2 	5.3 b	6.1 	5.1 	4.1 	4.3 	4.1 b	3.5 
A,Y20-64,PC_ACT,T,CH	: 	: 	: 	: 	: 	: 	: 	4.7 b	4.3 	4.4 	4.6 	4.8 	4.7 	4.8 	4.8 	4.7 	4.3 	4.8 	5.0 	4.1 	3.9 	4.2 	4.8 
A,Y20-64,PC_ACT,T,CY	: 	: 	: 	: 	: 	: 	5.4 	6.2 	7.8 	11.8 	15.8 	16.0 	14.9 	12.9 	11.1 	8.4 	7.1 	7.7 	7.2 	6.2 	5.8 	4.8 	4.2 
A,Y20-64,PC_ACT,T,CZ	: 	: 	: 	: 	: 	: 	6.5 	7.1 	6.5 b	6.8 	6.8 	6.0 	5.0 	3.9 	2.8 	2.2 	2.0 	2.5 	2.8 	2.2 	2.5 	2.5 	2.6 
A,Y20-64,PC_ACT,T,DE	: 	: 	: 	: 	: 	: 	7.3 	6.5 b	5.4 b	5.0 	4.9 	4.7 	4.3 	3.8 	3.5 	3.1 	2.9 	3.5 b	3.5 	3.1 	3.0 	3.4 	3.8 
A,Y20-64,PC_ACT,T,DK	: 	: 	: 	: 	: 	: 	5.8 	7.1 	7.0 	7.2 	6.9 	6.5 	6.0 	5.6 b	5.3 b	4.8 	4.7 	5.2 	4.7 	4.1 	4.7 b	5.5 	5.8 
A,Y20-64,PC_ACT,T,EA20	: 	: 	: 	: 	: 	: 	9.3 	10.0 	10.0 	11.3 	11.9 	11.5 	10.8 	9.9 	9.0 	8.1 	7.5 	7.8 	7.6 	6.6 	6.4 	6.2 	6.2 
A,Y20-64,PC_ACT,T,EA21	: 	: 	: 	: 	: 	: 	9.3 	10.0 	10.1 	11.3 	12.0 	11.6 	10.8 	9.9 	8.9 	8.0 	7.4 	7.8 	7.6 	6.6 	6.4 	6.2 	6.2 
A,Y20-64,PC_ACT,T,EE	: 	: 	: 	: 	: 	: 	13.2 	16.5 	12.1 	9.8 	8.6 	7.3 	6.3 	6.8 	5.7 	5.2 	4.4 	6.8 	6.1 	5.5 	6.2 	7.4 	7.1 
A,Y20-64,PC_ACT,T,EL	: 	: 	: 	: 	: 	: 	9.7 	12.9 	18.0 	24.6 	27.6 	26.5 	24.9 	23.8 	21.8 	19.7 	17.9 	17.7 	14.7 	12.3 	11.0 	10.0 	8.8 
A,Y20-64,PC_ACT,T,ES	: 	: 	: 	: 	: 	: 	17.2 	19.3 	20.9 	24.3 	25.6 	24.1 	21.7 	19.3 	16.9 	14.9 	13.8 	15.2 	14.6 d	12.7 d	11.9 d	11.0 d	10.3 d
A,Y20-64,PC_ACT,T,EU27_2020	: 	: 	: 	: 	: 	: 	9.0 	9.8 	9.8 	10.8 	11.4 	10.8 	10.0 	9.1 	8.1 	7.2 	6.7 	7.1 	6.9 	6.0 	5.9 	5.7 	5.8 
A,Y20-64,PC_ACT,T,FI	: 	: 	: 	: 	: 	: 	7.5 	7.8 	7.3 	7.1 	7.6 	8.1 	8.9 	8.3 	8.1 	6.9 	6.1 	7.1 	7.1 	6.3 	6.6 	7.8 	9.0 
A,Y20-64,PC_ACT,T,FR	8.1 	8.4 	8.4 	8.3 	7.5 	7.0 	8.5 	8.7 	8.7 	9.3 	9.8 	9.8 	9.9 	9.6 	9.0 	8.7 	8.1 	7.7 	7.6 d	7.0 d	7.0 d	7.0 d	7.2 d
A,Y20-64,PC_ACT,T,HR	: 	: 	: 	: 	: 	: 	8.6 	11.1 	13.0 	15.6 	16.6 	16.6 	15.5 	12.4 	10.6 	8.1 	6.3 	6.9 	7.1 	6.5 	5.8 	4.7 	4.5 
A,Y20-64,PC_ACT,T,HU	: 	: 	: 	: 	: 	: 	9.5 	10.7 	10.6 	10.5 	9.7 	7.4 	6.5 	4.8 	3.9 	3.5 b	3.2 	4.0 	3.9 	3.5 	4.0 	4.3 	4.3 
A,Y20-64,PC_ACT,T,IE	: 	: 	: 	: 	: 	: 	12.0 	14.0 	14.9 	14.9 	13.3 	11.5 	9.6 	8.1 	6.4 	5.4 	4.6 	5.5 	5.7 b	4.1 	3.9 	3.9 	4.2 
A,Y20-64,PC_ACT,T,IS	: 	: 	: 	: 	: 	: 	6.6 	6.8 	6.4 	5.3 	4.8 	4.4 	3.5 	2.8 	2.4 	2.3 	3.1 	5.2 b	5.8 	3.3 	3.0 	3.0 	4.0 
A,Y20-64,PC_ACT,T,IT	: 	: 	: 	: 	: 	: 	7.6 	8.2 	8.3 	10.6 	12.1 	12.6 	11.8 	11.6 	11.1 	10.4 b	9.8 	9.3 	9.4 	8.0 	7.6 	6.4 	6.1 
A,Y20-64,PC_ACT,T,LT	: 	: 	: 	: 	: 	: 	13.7 	17.8 	15.4 	13.5 	11.9 	10.8 	9.2 	8.0 	7.2 	6.3 	6.4 	8.7 	7.3 	6.1 	7.0 	7.2 	6.9 
A,Y20-64,PC_ACT,T,LU	: 	: 	: 	: 	: 	: 	4.9 	4.2 	4.8 	5.0 	5.7 	5.6 	6.3 b	5.9 	5.3 	5.3 	5.3 	6.5 	4.8 	4.1 	4.6 	5.8 	6.1 
A,Y20-64,PC_ACT,T,LV	: 	: 	: 	: 	: 	: 	17.4 	19.4 	16.2 	15.0 	11.9 	11.0 	9.9 	9.9 	8.8 	7.6 	6.4 	8.3 	7.7 	6.9 	6.7 	7.1 	7.1 
A,Y20-64,PC_ACT,T,ME	: 	: 	: 	: 	: 	: 	: 	: 	19.6 	19.6 	19.0 	17.8 	17.2 	17.3 	16.0 	15.2 	15.2 	17.8 	: 	: 	: 	: 	: 
A,Y20-64,PC_ACT,T,MK	: 	: 	: 	: 	: 	: 	31.7 	31.6 	31.0 	30.7 	28.5 	27.5 	26.0 	23.4 	22.0 	20.4 	17.2 	16.3 	15.3 b	14.3 	13.0 	12.1 	11.3 
A,Y20-64,PC_ACT,T,MT	: 	: 	: 	: 	: 	: 	5.9 	6.0 	5.6 	5.3 	5.5 	5.3 	4.9 	4.3 	3.6 	3.6 	3.8 	4.7 	3.5 	3.2 	3.2 	2.9 	2.9 
A,Y20-64,PC_ACT,T,NL	: 	: 	: 	: 	: 	: 	4.7 	5.3 	5.3 	6.0 	7.5 	7.7 	7.2 	6.3 	5.2 	4.3 	3.9 	4.2 	3.5 	2.9 	2.9 	3.0 	3.3 
A,Y20-64,PC_ACT,T,NO	: 	: 	: 	: 	: 	: 	2.9 	3.4 	3.0 	3.0 	3.4 	3.4 	4.2 	4.3 	3.8 	3.5 	3.3 	4.2 	3.7 	2.6 	2.8 	3.1 	3.4 
A,Y20-64,PC_ACT,T,PL	: 	: 	: 	: 	: 	: 	8.3 	9.8 b	9.8 	10.2 	10.5 	9.1 	7.6 	6.1 	4.9 	3.9 	3.2 b	3.2 	3.4 	2.8 	2.8 	2.8 	3.0 
A,Y20-64,PC_ACT,T,PT	: 	: 	: 	: 	: 	: 	10.7 	12.1 	13.2 	16.2 	17.0 	14.3 	12.7 	11.4 	9.0 	7.0 	6.5 	7.0 	6.7 	6.1 	6.4 	6.3 	5.9 
A,Y20-64,PC_ACT,T,RO	: 	: 	: 	: 	: 	: 	8.0 	8.8 	8.8 	8.4 	8.7 	8.3 	8.1 	6.8 	5.8 	4.9 	4.5 	5.7 	5.3 	5.2 	5.2 	4.9 	5.6 
A,Y20-64,PC_ACT,T,RS	: 	: 	: 	: 	: 	: 	: 	21.0 	24.7 	25.6 	23.9 	20.5 	18.8 	16.5 	14.5 	13.7 	11.3 	9.7 	11.1 	9.4 	9.4 	8.6 	8.7 
A,Y20-64,PC_ACT,T,SE	: 	: 	7.0 	6.2 	5.3 	5.2 	7.4 	7.7 	7.0 	7.2 	7.3 	7.2 	6.8 	6.4 	6.1 	5.8 	6.1 	7.7 	7.9 	6.3 	6.5 	7.1 	7.6 
A,Y20-64,PC_ACT,T,SI	: 	: 	: 	: 	: 	: 	5.8 	7.3 	8.2 	8.9 	10.2 	9.8 	9.0 	8.1 	6.6 	5.2 	4.4 	5.0 	4.6 	3.9 	3.4 	3.3 	3.6 
A,Y20-64,PC_ACT,T,SK	: 	: 	: 	: 	: 	: 	11.6 	13.9 	13.1 b	13.5 	13.8 	12.8 	11.2 	9.4 	7.9 	6.3 	5.6 	6.5 	6.7 	6.0 	5.7 	5.1 	5.3 
A,Y20-64,PC_ACT,T,TR	: 	: 	: 	: 	: 	: 	12.2 	10.5 	8.6 	8.0 	8.6 	9.7 b	10.0 	10.7 	10.7 	10.8 	13.5 	13.0 	11.9 b	10.4 	9.3 	8.6 	8.3 
A,Y20-64,PC_POP,F,AT	: 	: 	: 	: 	: 	: 	3.6 	3.3 	3.2 	3.5 	3.9 	4.0 	4.0 	4.1 	3.8 	3.5 	3.4 	4.3 	4.5 	3.2 	3.5 	3.4 	4.0 
A,Y20-64,PC_POP,F,BA	: 	: 	: 	: 	: 	: 	: 	: 	: 	: 	: 	: 	: 	: 	: 	: 	: 	: 	10.9 	9.8 	8.5 	8.8 	9.0 
A,Y20-64,PC_POP,F,BE	: 	: 	: 	: 	: 	: 	5.3 	5.6 	4.6 	4.9 	5.5 	5.4 	5.3 	5.1 	4.8 b	3.8 	3.4 	3.7 	4.0 	3.6 	3.4 	3.6 	3.9 
A,Y20-64,PC_POP,F,BG	: 	: 	: 	: 	: 	: 	5.0 	6.9 b	7.2 b	7.7 	8.7 	7.7 	6.5 	5.5 	4.9 	4.0 	3.6 b	4.1 	3.6 	3.0 	3.2 	3.0 b	2.5 
A,Y20-64,PC_POP,F,CH	: 	: 	: 	: 	: 	: 	: 	3.9 b	3.6 	3.7 	3.8 	3.9 	3.8 	4.0 	4.1 	4.2 	3.8 	4.1 	4.3 	3.5 	3.4 	3.7 	3.9 
A,Y20-64,PC_POP,F,CY	: 	: 	: 	: 	: 	: 	3.9 	4.6 	5.5 	8.0 	11.0 	11.2 	10.9 	9.7 	8.3 	6.6 	5.9 	5.6 	5.5 	5.3 	4.7 	4.0 	3.8 
A,Y20-64,PC_POP,F,CZ	: 	: 	: 	: 	: 	: 	5.0 	5.5 	5.2 b	5.5 	5.7 	5.1 	4.3 	3.3 	2.6 	2.1 	1.7 	2.2 	2.6 	2.0 	2.3 	2.3 	2.4 
A,Y20-64,PC_POP,F,DE	: 	: 	: 	: 	: 	: 	5.0 	4.4 b	3.8 b	3.6 	3.4 	3.3 	3.0 	2.6 	2.3 	2.0 	1.9 	2.4 b	2.4 	2.2 	2.2 	2.5 	2.8 
A,Y20-64,PC_POP,F,DK	: 	: 	: 	: 	: 	: 	3.9 	4.7 	5.3 	5.5 	5.5 	5.2 	4.8 	4.6 b	4.3 b	3.9 	3.8 	4.4 	3.8 	3.3 	3.9 b	4.7 	4.6 
A,Y20-64,PC_POP,F,EA20	: 	: 	: 	: 	: 	: 	6.4 	6.9 	7.1 	7.9 	8.4 	8.3 	7.8 	7.4 	6.7 	6.1 	5.7 	5.9 	5.9 	5.2 	5.1 	4.9 	4.9 
A,Y20-64,PC_POP,F,EA21	: 	: 	: 	: 	: 	: 	6.4 	6.9 	7.1 	7.9 	8.4 	8.3 	7.8 	7.3 	6.7 	6.1 	5.7 	5.8 	5.8 	5.2 	5.1 	4.8 	4.9 
A,Y20-64,PC_POP,F,EE	: 	: 	: 	: 	: 	: 	7.6 	10.9 	8.9 	7.0 	6.3 	5.2 	4.8 	4.8 	4.2 	4.1 	4.0 	5.6 	4.5 	4.2 	5.6 	6.6 	5.5 
A,Y20-64,PC_POP,F,EL	: 	: 	: 	: 	: 	: 	8.1 	10.2 	13.2 	17.6 	19.7 	19.0 	18.6 	18.5 	17.0 	15.9 	14.6 	13.4 	12.4 	10.9 	9.6 	8.7 	7.8 
A,Y20-64,PC_POP,F,ES	: 	: 	: 	: 	: 	: 	12.1 	13.8 	15.2 	17.8 	19.1 	18.3 	17.0 	15.5 	13.8 	12.3 	11.6 	12.4 	12.3 d	10.9 d	10.3 d	9.4 d	8.9 d
A,Y20-64,PC_POP,F,EU27_2020	: 	: 	: 	: 	: 	: 	6.1 	6.6 	6.8 	7.5 	7.9 	7.6 	7.1 	6.6 	6.0 	5.4 	5.0 	5.3 	5.2 	4.7 	4.6 	4.5 	4.5 
A,Y20-64,PC_POP,F,FI	: 	: 	: 	: 	: 	: 	5.0 	5.1 	4.8 	4.7 	5.1 	5.4 	6.1 	5.8 	5.8 	5.1 	4.3 	5.2 	5.1 	4.7 	4.7 	5.5 	6.7 
A,Y20-64,PC_POP,F,FR	6.3 	6.5 	6.5 	6.3 	5.6 	5.2 	6.2 	6.4 	6.5 	6.7 	7.1 	7.0 	7.0 	7.0 	6.7 	6.5 	6.0 	5.7 	5.6 d	5.2 d	5.3 d	5.3 d	5.6 d
A,Y20-64,PC_POP,F,HR	: 	: 	: 	: 	: 	: 	6.6 	7.7 	8.1 	9.6 	10.1 	11.5 	10.9 	8.6 	7.5 	5.9 	4.5 	4.6 	5.2 	5.3 	4.5 	3.4 	3.0 
A,Y20-64,PC_POP,F,HU	: 	: 	: 	: 	: 	: 	5.7 	6.5 	6.7 	6.6 	6.3 	5.1 	4.6 	3.4 	3.1 	2.7 b	2.4 	3.1 	3.1 	2.6 	3.2 	3.3 	3.3 
A,Y20-64,PC_POP,F,IE	: 	: 	: 	: 	: 	: 	6.1 	7.4 	8.2 	8.3 	8.2 	7.2 	6.0 	5.1 	4.2 	3.8 	3.1 	3.8 	4.0 b	3.2 	2.9 	3.0 	3.2 
A,Y20-64,PC_POP,F,IS	: 	: 	: 	: 	: 	: 	4.1 	4.9 	4.7 	4.3 	4.0 	3.9 	3.2 	2.4 	1.8 	1.9 	2.5 	4.2 b	5.1 	2.7 	2.1 	2.4 	3.2 
A,Y20-64,PC_POP,F,IT	: 	: 	: 	: 	: 	: 	4.9 	5.1 	5.1 	6.6 	7.3 	7.9 	7.2 	7.4 	7.3 	7.0 b	6.6 	6.0 	6.3 	5.6 	5.4 	4.5 	4.2 
A,Y20-64,PC_POP,F,LT	: 	: 	: 	: 	: 	: 	7.8 	11.0 	9.9 	9.0 	8.1 	7.2 	6.5 	5.4 	4.7 	4.5 	4.6 	6.5 	5.6 	4.7 	5.5 	5.5 	5.1 
A,Y20-64,PC_POP,F,LU	: 	: 	: 	: 	: 	: 	3.8 	3.3 	4.0 	4.0 	4.3 	3.9 	5.0 b	4.3 	3.7 	4.1 	3.7 	4.8 	3.9 	3.1 	3.4 	4.3 	4.8 
A,Y20-64,PC_POP,F,LV	: 	: 	: 	: 	: 	: 	10.9 	12.5 	10.4 	10.7 	8.5 	7.6 	6.7 	6.8 	6.2 	5.3 	4.5 	5.9 	5.3 	4.6 	4.5 	4.8 	5.2 
A,Y20-64,PC_POP,F,ME	: 	: 	: 	: 	: 	: 	: 	: 	11.1 	11.4 	10.6 	11.0 	10.5 	10.3 	10.3 	9.6 	10.2 	11.1 	: 	: 	: 	: 	: 
A,Y20-64,PC_POP,F,MK	: 	: 	: 	: 	: 	: 	17.8 	17.8 	17.3 	16.7 	16.4 	16.0 	14.1 	12.3 	12.0 	11.0 	11.0 	9.2 	7.9 b	7.3 	6.7 	6.5 	6.3 
A,Y20-64,PC_POP,F,MT	: 	: 	: 	: 	: 	: 	2.8 	2.7 	2.9 	3.1 	3.0 	2.5 	2.8 	2.8 	2.4 	2.2 	2.9 	3.5 	2.3 	2.1 	2.3 	2.1 	2.2 
A,Y20-64,PC_POP,F,NL	: 	: 	: 	: 	: 	: 	4.0 	4.5 	4.4 	5.0 	5.9 	6.2 	5.9 	5.4 	4.5 	3.5 	3.2 	3.5 	3.0 	2.5 	2.5 	2.7 	2.8 
A,Y20-64,PC_POP,F,NO	: 	: 	: 	: 	: 	: 	1.9 	2.2 	2.3 	2.0 	2.5 	2.6 	3.0 	2.8 	2.7 	2.7 	2.4 	3.1 	2.7 	2.0 	2.2 	2.3 	2.4 
A,Y20-64,PC_POP,F,PL	: 	: 	: 	: 	: 	: 	5.4 	6.3 b	6.5 	6.9 	7.1 	6.2 	5.0 	4.1 	3.2 	2.6 	2.4 b	2.2 	2.4 	2.1 	2.1 	2.2 	2.5 
A,Y20-64,PC_POP,F,PT	: 	: 	: 	: 	: 	: 	7.2 	8.6 	9.7 	11.6 	12.3 	10.8 	9.5 	8.4 	7.2 	5.7 	5.5 	5.5 	5.4 	5.1 	5.4 	5.5 	5.3 
A,Y20-64,PC_POP,F,RO	: 	: 	: 	: 	: 	: 	3.4 	4.2 	4.3 	4.1 	4.2 	4.1 	3.8 	3.2 	2.7 	2.4 	2.3 	3.2 	2.9 	2.9 	3.0 	2.9 	3.5 
A,Y20-64,PC_POP,F,RS	: 	: 	: 	: 	: 	: 	: 	12.7 	14.0 	14.8 	15.0 	12.7 	11.6 	10.6 	9.5 	9.4 	7.6 	6.5 	8.2 	6.8 	7.0 	6.3 	6.5 
A,Y20-64,PC_POP,F,SE	: 	: 	5.5 	5.0 	4.4 	4.4 	5.6 	6.1 	5.6 	5.6 	5.8 	5.7 	5.5 	4.9 	4.9 	4.7 	5.2 	6.4 	6.7 	5.7 	5.7 	6.2 	6.4 
A,Y20-64,PC_POP,F,SI	: 	: 	: 	: 	: 	: 	4.2 	5.0 	5.8 	6.7 	7.7 	7.6 	7.3 	6.3 	5.6 	4.4 	3.7 	4.2 	4.0 	3.2 	2.6 	2.9 	3.1 
A,Y20-64,PC_POP,F,SK	: 	: 	: 	: 	: 	: 	9.0 	10.3 	9.5 b	10.3 	10.4 	9.8 	9.4 	8.0 	6.3 	5.2 	4.4 	5.4 	5.2 	4.8 	4.6 	4.6 	4.5 
A,Y20-64,PC_POP,F,TR	: 	: 	: 	: 	: 	: 	3.6 	3.6 	3.3 	3.2 	3.7 	4.2 b	4.6 	5.3 	5.6 	5.6 	6.7 	5.5 	5.9 b	5.8 	5.5 	5.2 	4.9 
A,Y20-64,PC_POP,M,AT	: 	: 	: 	: 	: 	: 	4.7 	4.4 	4.0 	4.3 	4.8 	5.3 	5.5 	5.8 	5.4 	4.6 	4.1 	5.1 	5.1 	4.1 	4.4 	4.6 	4.9 
A,Y20-64,PC_POP,M,BA	: 	: 	: 	: 	: 	: 	: 	: 	: 	: 	: 	: 	: 	: 	: 	: 	: 	: 	10.8 	9.5 	8.2 	7.9 	7.5 
A,Y20-64,PC_POP,M,BE	: 	: 	: 	: 	: 	: 	6.0 	6.3 	5.4 	5.9 	6.8 	7.1 	7.2 	6.3 	5.6 b	5.0 	4.5 	4.6 	5.0 	4.5 	4.6 	4.7 	5.1 
A,Y20-64,PC_POP,M,BG	: 	: 	: 	: 	: 	: 	6.3 	9.0 b	9.9 b	10.9 	11.3 	10.4 	8.4 	7.1 	6.0 	5.5 	4.7 b	5.4 	4.4 	3.6 	3.6 	3.6 b	3.0 
A,Y20-64,PC_POP,M,CH	: 	: 	: 	: 	: 	: 	: 	4.0 b	3.7 	3.8 	4.1 	4.2 	4.2 	4.3 	4.2 	3.9 	3.6 	4.2 	4.4 	3.5 	3.3 	3.6 	4.3 
A,Y20-64,PC_POP,M,CY	: 	: 	: 	: 	: 	: 	4.6 	5.4 	7.1 	10.8 	14.3 	14.8 	12.9 	10.8 	9.3 	7.0 	5.8 	6.9 	6.3 	5.1 	5.1 	4.1 	3.4 
A,Y20-64,PC_POP,M,CZ	: 	: 	: 	: 	: 	: 	4.8 	5.3 	4.7 b	4.9 	5.0 	4.3 	3.6 	2.9 	2.0 	1.5 	1.5 	2.0 	2.0 	1.5 	1.9 	1.9 	2.1 
A,Y20-64,PC_POP,M,DE	: 	: 	: 	: 	: 	: 	6.5 	5.9 b	4.9 b	4.5 	4.5 	4.3 	4.0 	3.6 	3.3 	3.0 	2.8 	3.3 b	3.4 	2.9 	2.8 	3.2 	3.6 
A,Y20-64,PC_POP,M,DK	: 	: 	: 	: 	: 	: 	5.5 	6.7 	6.0 	6.0 	5.4 	5.2 	4.8 	4.3 b	4.3 b	3.8 	3.8 	4.2 	4.0 	3.5 	3.9 b	4.6 	5.1 
A,Y20-64,PC_POP,M,EA20	: 	: 	: 	: 	: 	: 	7.6 	8.1 	8.1 	9.2 	9.8 	9.4 	8.8 	8.0 	7.2 	6.5 	6.0 	6.2 	6.1 	5.3 	5.1 	5.1 	5.1 
A,Y20-64,PC_POP,M,EA21	: 	: 	: 	: 	: 	: 	7.6 	8.1 	8.1 	9.2 	9.8 	9.5 	8.8 	8.0 	7.2 	6.4 	5.9 	6.2 	6.0 	5.2 	5.1 	5.0 	5.1 
A,Y20-64,PC_POP,M,EE	: 	: 	: 	: 	: 	: 	14.0 	16.0 	10.8 	9.0 	7.6 	6.6 	5.5 	6.5 	5.4 	4.6 	3.4 	5.9 	5.9 	5.2 	5.2 	6.5 	7.0 
A,Y20-64,PC_POP,M,EL	: 	: 	: 	: 	: 	: 	5.9 	8.6 	12.7 	18.1 	20.4 	19.3 	17.9 	16.5 	15.0 	13.0 	11.9 	11.7 	9.2 	7.7 	7.0 	6.8 	6.0 
A,Y20-64,PC_POP,M,ES	: 	: 	: 	: 	: 	: 	14.5 	16.2 	17.5 	20.5 	21.3 	19.7 	17.3 	15.0 	12.9 	11.3 	10.2 	11.2 	10.8 d	9.3 d	8.7 d	8.3 d	7.6 d
A,Y20-64,PC_POP,M,EU27_2020	: 	: 	: 	: 	: 	: 	7.2 	7.9 	7.8 	8.7 	9.2 	8.7 	8.1 	7.3 	6.5 	5.8 	5.3 	5.6 	5.5 	4.8 	4.7 	4.7 	4.8 
A,Y20-64,PC_POP,M,FI	: 	: 	: 	: 	: 	: 	6.8 	7.0 	6.6 	6.5 	6.8 	7.3 	7.9 	7.2 	7.2 	6.1 	5.6 	6.3 	6.6 	5.8 	6.3 	7.4 	8.3 
A,Y20-64,PC_POP,M,FR	6.1 	6.3 	6.3 	6.2 	5.8 	5.4 	6.8 	6.9 	6.8 	7.6 	8.1 	8.2 	8.5 	8.1 	7.5 	7.2 	6.8 	6.3 	6.4 d	5.9 d	5.9 d	6.0 d	6.2 d
A,Y20-64,PC_POP,M,HR	: 	: 	: 	: 	: 	: 	5.5 	7.8 	9.9 	11.8 	12.7 	11.9 	11.4 	8.8 	7.5 	5.5 	4.5 	5.4 	5.3 	4.5 	4.2 	3.9 	4.0 
A,Y20-64,PC_POP,M,HU	: 	: 	: 	: 	: 	: 	7.5 	8.5 	8.2 	8.5 	7.7 	5.8 	5.2 	4.1 	3.1 	2.8 b	2.7 	3.4 	3.2 	3.2 	3.5 	3.9 	3.9 
A,Y20-64,PC_POP,M,IE	: 	: 	: 	: 	: 	: 	12.3 	14.0 	14.4 	14.4 	12.2 	10.5 	8.8 	7.4 	5.8 	4.7 	4.1 	4.5 	5.1 b	3.6 	3.6 	3.5 	3.9 
A,Y20-64,PC_POP,M,IS	: 	: 	: 	: 	: 	: 	7.2 	6.9 	6.2 	4.8 	4.3 	4.0 	3.1 	2.6 	2.4 	2.3 	3.1 	4.8 b	4.9 	3.1 	3.1 	3.0 	3.8 
A,Y20-64,PC_POP,M,IT	: 	: 	: 	: 	: 	: 	5.2 	5.8 	5.8 	7.6 	9.0 	9.3 	8.9 	8.6 	8.3 	7.7 b	7.2 	6.6 	6.8 	5.6 	5.5 	4.7 	4.6 
A,Y20-64,PC_POP,M,LT	: 	: 	: 	: 	: 	: 	13.6 	17.1 	14.7 	12.5 	10.8 	10.2 	8.5 	7.7 	7.3 	6.0 	6.1 	8.2 	6.6 	5.6 	6.4 	6.7 	6.8 
A,Y20-64,PC_POP,M,LU	: 	: 	: 	: 	: 	: 	3.4 	2.9 	3.0 	3.5 	4.3 	4.7 	4.6 b	4.6 	4.3 	4.0 	4.4 	5.1 	3.6 	3.3 	3.8 	4.8 	4.8 
A,Y20-64,PC_POP,M,LV	: 	: 	: 	: 	: 	: 	17.4 	18.6 	15.4 	13.3 	10.4 	9.9 	9.4 	9.3 	8.3 	7.3 	6.1 	8.0 	7.4 	6.9 	6.6 	7.1 	6.8 
A,Y20-64,PC_POP,M,ME	: 	: 	: 	: 	: 	: 	: 	: 	13.6 	14.0 	14.1 	13.1 	13.0 	13.7 	11.8 	11.9 	11.7 	12.9 	: 	: 	: 	: 	: 
A,Y20-64,PC_POP,M,MK	: 	: 	: 	: 	: 	: 	26.6 	26.6 	26.1 	25.9 	23.7 	22.9 	22.3 	20.1 	18.8 	17.6 	13.7 	13.7 	14.2 b	13.3 	11.8 	10.8 	9.9 
A,Y20-64,PC_POP,M,MT	: 	: 	: 	: 	: 	: 	4.6 	5.0 	4.4 	4.1 	4.7 	5.0 	4.3 	3.5 	3.1 	3.3 	3.0 	3.9 	3.3 	3.1 	3.0 	2.8 	2.7 
A,Y20-64,PC_POP,M,NL	: 	: 	: 	: 	: 	: 	3.6 	4.1 	4.2 	5.0 	6.5 	6.5 	6.0 	5.1 	4.2 	3.6 	3.3 	3.5 	2.9 	2.4 	2.5 	2.6 	2.8 
A,Y20-64,PC_POP,M,NO	: 	: 	: 	: 	: 	: 	2.9 	3.4 	2.7 	2.9 	3.1 	3.0 	3.9 	4.2 	3.5 	3.2 	3.1 	3.8 	3.4 	2.4 	2.5 	2.8 	3.2 
A,Y20-64,PC_POP,M,PL	: 	: 	: 	: 	: 	: 	6.0 	7.2 b	7.0 	7.4 	7.7 	6.7 	5.8 	4.9 	4.0 	3.1 	2.5 b	2.5 	2.9 	2.4 	2.3 	2.3 	2.4 
A,Y20-64,PC_POP,M,PT	: 	: 	: 	: 	: 	: 	9.0 	9.8 	10.6 	13.3 	13.6 	11.4 	10.3 	9.4 	7.1 	5.5 	4.9 	5.6 	5.4 	4.8 	5.2 	5.1 	4.7 
A,Y20-64,PC_POP,M,RO	: 	: 	: 	: 	: 	: 	6.0 	6.7 	6.5 	6.3 	6.6 	6.4 	6.6 	5.7 	5.0 	4.2 	3.9 	4.8 	4.6 	4.6 	4.6 	4.3 	4.7 
A,Y20-64,PC_POP,M,RS	: 	: 	: 	: 	: 	: 	: 	14.8 	17.6 	18.2 	16.8 	14.9 	13.7 	12.3 	10.9 	10.4 	8.4 	7.2 	8.4 	7.5 	7.4 	7.1 	7.1 
A,Y20-64,PC_POP,M,SE	: 	: 	6.2 	5.4 	4.4 	4.4 	6.8 	6.9 	6.3 	6.7 	6.7 	6.7 	6.2 	6.0 	5.7 	5.3 	5.4 	7.0 	7.0 	5.4 	5.8 	6.4 	6.9 
A,Y20-64,PC_POP,M,SI	: 	: 	: 	: 	: 	: 	4.6 	5.9 	6.4 	6.5 	7.5 	7.1 	6.4 	5.9 	4.7 	3.8 	3.2 	3.6 	3.4 	3.1 	2.8 	2.6 	2.8 
A,Y20-64,PC_POP,M,SK	: 	: 	: 	: 	: 	: 	9.0 	11.2 	10.7 b	10.7 	11.1 	10.2 	8.2 	6.9 	6.2 	4.8 	4.5 	5.1 	5.6 	4.9 	4.8 	3.9 	4.3 
A,Y20-64,PC_POP,M,TR	: 	: 	: 	: 	: 	: 	9.7 	8.2 	6.6 	6.0 	6.3 	7.2 b	7.4 	7.8 	7.7 	7.8 	10.1 	9.7 	8.7 b	7.4 	6.2 	5.8 	5.5 
A,Y20-64,PC_POP,T,AT	: 	: 	: 	: 	: 	: 	4.1 	3.8 	3.6 	3.9 	4.3 	4.6 	4.7 	5.0 	4.6 	4.0 	3.7 	4.7 	4.8 	3.7 	3.9 	4.0 	4.5 
A,Y20-64,PC_POP,T,BA	: 	: 	: 	: 	: 	: 	: 	: 	: 	: 	: 	: 	: 	: 	: 	: 	: 	: 	10.9 	9.7 	8.4 	8.4 	8.2 
A,Y20-64,PC_POP,T,BE	: 	: 	: 	: 	: 	: 	5.6 	6.0 	5.0 	5.4 	6.1 	6.2 	6.3 	5.7 	5.2 b	4.4 	4.0 	4.1 	4.5 	4.0 	4.0 	4.1 	4.5 
A,Y20-64,PC_POP,T,BG	: 	: 	: 	: 	: 	: 	5.6 	8.0 b	8.5 b	9.3 	10.0 	9.1 	7.4 	6.3 	5.4 	4.7 	4.1 b	4.7 	4.0 	3.3 	3.4 	3.3 b	2.8 
A,Y20-64,PC_POP,T,CH	: 	: 	: 	: 	: 	: 	: 	4.0 b	3.6 	3.7 	3.9 	4.1 	4.0 	4.2 	4.1 	4.0 	3.7 	4.1 	4.3 	3.5 	3.4 	3.6 	4.1 
A,Y20-64,PC_POP,T,CY	: 	: 	: 	: 	: 	: 	4.3 	5.0 	6.3 	9.3 	12.6 	12.9 	11.9 	10.2 	8.8 	6.8 	5.8 	6.2 	5.9 	5.2 	4.9 	4.1 	3.6 
A,Y20-64,PC_POP,T,CZ	: 	: 	: 	: 	: 	: 	4.9 	5.4 	5.0 b	5.2 	5.3 	4.7 	3.9 	3.1 	2.3 	1.8 	1.6 	2.1 	2.3 	1.8 	2.1 	2.1 	2.3 
A,Y20-64,PC_POP,T,DE	: 	: 	: 	: 	: 	: 	5.7 	5.2 b	4.3 b	4.0 	3.9 	3.8 	3.5 	3.1 	2.8 	2.5 	2.4 	2.8 b	2.9 	2.5 	2.5 	2.8 	3.2 
A,Y20-64,PC_POP,T,DK	: 	: 	: 	: 	: 	: 	4.7 	5.7 	5.6 	5.8 	5.5 	5.2 	4.8 	4.5 b	4.3 b	3.9 	3.8 	4.3 	3.9 	3.4 	3.9 b	4.6 	4.9 
A,Y20-64,PC_POP,T,EA20	: 	: 	: 	: 	: 	: 	7.0 	7.5 	7.6 	8.6 	9.1 	8.8 	8.3 	7.7 	7.0 	6.3 	5.8 	6.0 	6.0 	5.2 	5.1 	5.0 	5.0 
A,Y20-64,PC_POP,T,EA21	: 	: 	: 	: 	: 	: 	7.0 	7.5 	7.6 	8.6 	9.1 	8.9 	8.3 	7.7 	6.9 	6.3 	5.8 	6.0 	5.9 	5.2 	5.1 	4.9 	5.0 
A,Y20-64,PC_POP,T,EE	: 	: 	: 	: 	: 	: 	10.7 	13.4 	9.8 	8.0 	6.9 	5.9 	5.1 	5.6 	4.8 	4.3 	3.7 	5.7 	5.2 	4.7 	5.4 	6.5 	6.3 
A,Y20-64,PC_POP,T,EL	: 	: 	: 	: 	: 	: 	7.0 	9.4 	13.0 	17.8 	20.0 	19.2 	18.2 	17.5 	16.0 	14.5 	13.3 	12.5 	10.8 	9.3 	8.3 	7.7 	6.9 
A,Y20-64,PC_POP,T,ES	: 	: 	: 	: 	: 	: 	13.3 	15.0 	16.4 	19.1 	20.2 	19.0 	17.1 	15.3 	13.3 	11.8 	10.9 	11.8 	11.6 d	10.1 d	9.5 d	8.8 d	8.3 d
A,Y20-64,PC_POP,T,EU27_2020	: 	: 	: 	: 	: 	: 	6.7 	7.3 	7.3 	8.1 	8.6 	8.2 	7.6 	6.9 	6.2 	5.6 	5.2 	5.4 	5.4 	4.7 	4.7 	4.6 	4.7 
A,Y20-64,PC_POP,T,FI	: 	: 	: 	: 	: 	: 	5.9 	6.1 	5.7 	5.6 	6.0 	6.4 	7.0 	6.5 	6.5 	5.6 	5.0 	5.8 	5.9 	5.3 	5.5 	6.5 	7.5 
A,Y20-64,PC_POP,T,FR	6.2 	6.4 	6.4 	6.3 	5.7 	5.3 	6.5 	6.7 	6.6 	7.1 	7.6 	7.6 	7.7 	7.5 	7.1 	6.8 	6.4 	6.0 	6.0 d	5.5 d	5.6 d	5.7 d	5.9 d
A,Y20-64,PC_POP,T,HR	: 	: 	: 	: 	: 	: 	6.1 	7.8 	9.0 	10.7 	11.4 	11.7 	11.1 	8.7 	7.5 	5.7 	4.5 	5.0 	5.3 	4.9 	4.4 	3.6 	3.5 
A,Y20-64,PC_POP,T,HU	: 	: 	: 	: 	: 	: 	6.6 	7.5 	7.4 	7.5 	7.0 	5.5 	4.9 	3.8 	3.1 	2.7 b	2.5 	3.3 	3.2 	2.9 	3.3 	3.6 	3.6 
A,Y20-64,PC_POP,T,IE	: 	: 	: 	: 	: 	: 	9.2 	10.7 	11.3 	11.3 	10.2 	8.8 	7.4 	6.3 	5.0 	4.2 	3.6 	4.2 	4.6 b	3.4 	3.2 	3.2 	3.5 
A,Y20-64,PC_POP,T,IS	: 	: 	: 	: 	: 	: 	5.7 	5.9 	5.5 	4.6 	4.2 	3.9 	3.2 	2.5 	2.1 	2.1 	2.8 	4.5 b	5.0 	2.9 	2.6 	2.7 	3.5 
A,Y20-64,PC_POP,T,IT	: 	: 	: 	: 	: 	: 	5.0 	5.4 	5.4 	7.1 	8.1 	8.6 	8.1 	8.0 	7.8 	7.3 b	6.9 	6.3 	6.5 	5.6 	5.4 	4.6 	4.4 
A,Y20-64,PC_POP,T,LT	: 	: 	: 	: 	: 	: 	10.6 	13.9 	12.2 	10.7 	9.4 	8.7 	7.5 	6.5 	5.9 	5.2 	5.3 	7.3 	6.1 	5.1 	5.9 	6.1 	6.0 
A,Y20-64,PC_POP,T,LU	: 	: 	: 	: 	: 	: 	3.6 	3.1 	3.5 	3.8 	4.3 	4.3 	4.8 b	4.5 	4.0 	4.0 	4.1 	5.0 	3.8 	3.2 	3.6 	4.6 	4.8 
A,Y20-64,PC_POP,T,LV	: 	: 	: 	: 	: 	: 	14.0 	15.4 	12.8 	11.9 	9.4 	8.7 	8.0 	8.0 	7.2 	6.3 	5.3 	6.9 	6.3 	5.7 	5.5 	5.9 	6.0 
A,Y20-64,PC_POP,T,ME	: 	: 	: 	: 	: 	: 	: 	: 	12.3 	12.7 	12.4 	12.0 	11.8 	12.0 	11.1 	10.7 	10.9 	12.0 	: 	: 	: 	: 	: 
A,Y20-64,PC_POP,T,MK	: 	: 	: 	: 	: 	: 	22.2 	22.3 	21.7 	21.4 	20.1 	19.5 	18.3 	16.3 	15.5 	14.4 	12.3 	11.5 	11.1 b	10.3 	9.2 	8.7 	8.1 
A,Y20-64,PC_POP,T,MT	: 	: 	: 	: 	: 	: 	3.7 	3.9 	3.7 	3.6 	3.9 	3.8 	3.6 	3.2 	2.7 	2.8 	3.0 	3.7 	2.8 	2.7 	2.7 	2.5 	2.5 
A,Y20-64,PC_POP,T,NL	: 	: 	: 	: 	: 	: 	3.8 	4.3 	4.3 	5.0 	6.2 	6.3 	6.0 	5.2 	4.3 	3.6 	3.2 	3.5 	3.0 	2.5 	2.5 	2.6 	2.8 
A,Y20-64,PC_POP,T,NO	: 	: 	: 	: 	: 	: 	2.4 	2.8 	2.5 	2.5 	2.8 	2.8 	3.5 	3.5 	3.1 	2.9 	2.8 	3.5 	3.1 	2.2 	2.4 	2.6 	2.8 
A,Y20-64,PC_POP,T,PL	: 	: 	: 	: 	: 	: 	5.7 	6.8 b	6.8 	7.2 	7.4 	6.5 	5.4 	4.5 	3.6 	2.9 	2.4 b	2.4 	2.6 	2.2 	2.2 	2.3 	2.5 
A,Y20-64,PC_POP,T,PT	: 	: 	: 	: 	: 	: 	8.1 	9.2 	10.1 	12.4 	13.0 	11.0 	9.9 	8.9 	7.2 	5.6 	5.2 	5.5 	5.4 	5.0 	5.3 	5.3 	5.0 
A,Y20-64,PC_POP,T,RO	: 	: 	: 	: 	: 	: 	4.7 	5.4 	5.4 	5.2 	5.4 	5.2 	5.2 	4.4 	3.9 	3.3 	3.1 	4.0 	3.7 	3.8 	3.8 	3.6 	4.1 
A,Y20-64,PC_POP,T,RS	: 	: 	: 	: 	: 	: 	: 	13.7 	15.8 	16.5 	15.9 	13.8 	12.7 	11.4 	10.2 	9.9 	8.0 	6.9 	8.3 	7.2 	7.2 	6.7 	6.8 
A,Y20-64,PC_POP,T,SE	: 	: 	5.8 	5.2 	4.4 	4.4 	6.2 	6.5 	5.9 	6.1 	6.2 	6.2 	5.9 	5.5 	5.3 	5.0 	5.3 	6.7 	6.9 	5.5 	5.8 	6.3 	6.7 
A,Y20-64,PC_POP,T,SI	: 	: 	: 	: 	: 	: 	4.4 	5.5 	6.1 	6.6 	7.6 	7.3 	6.8 	6.1 	5.1 	4.1 	3.5 	3.9 	3.7 	3.1 	2.7 	2.7 	2.9 
A,Y20-64,PC_POP,T,SK	: 	: 	: 	: 	: 	: 	9.0 	10.8 	10.1 b	10.5 	10.7 	10.0 	8.8 	7.5 	6.2 	5.0 	4.4 	5.2 	5.4 	4.9 	4.7 	4.2 	4.4 
A,Y20-64,PC_POP,T,TR	: 	: 	: 	: 	: 	: 	6.6 	5.8 	4.9 	4.6 	5.0 	5.7 b	6.0 	6.5 	6.6 	6.7 	8.4 	7.6 	7.3 b	6.6 	5.9 	5.5 	5.2 
A,Y20-64,THS_PER,F,AT	: 	: 	: 	: 	: 	: 	91 	83 	83 	90 	101 	104 	105 	111 	101 	94 	91 	116 	122 	88 	95 	94 	110 
A,Y20-64,THS_PER,F,BA	: 	: 	: 	: 	: 	: 	: 	: 	: 	: 	: 	: 	: 	: 	: 	: 	: 	: 	117 	104 	89 	91 	92 
A,Y20-64,THS_PER,F,BE	: 	: 	: 	: 	: 	: 	170 	182 	152 	162 	181 	177 	176 	170 	161 b	125 	112 	124 	134 	121 	117 	120 	133 
A,Y20-64,THS_PER,F,BG	: 	: 	: 	: 	: 	: 	118 	161 b	165 b	176 	196 	172 	141 	118 	104 	84 	69 b	79 	67 	55 	59 	54 b	45 
A,Y20-64,THS_PER,F,CH	: 	: 	: 	: 	: 	: 	: 	95 b	87 	90 	94 	99 	97 	102 	104 	107 	99 	105 	111 	93 	91 	97 	105 
A,Y20-64,THS_PER,F,CY	: 	: 	: 	: 	: 	: 	10 	12 	15 	22 	30 	31 	29 	26 	22 	18 	16 	16 	16 	16 	14 	12 	11 
A,Y20-64,THS_PER,F,CZ	: 	: 	: 	: 	: 	: 	169 	186 	173 b	182 	187 	167 	138 	107 	82 	65 	55 	68 	79 	61 	66 	68 	72 
A,Y20-64,THS_PER,F,DE	: 	: 	: 	: 	: 	: 	1217 	1071 b	928 b	866 	834 	787 	718 	642 	563 	496 	467 	572 b	580 	529 	531 	603 	665 
A,Y20-64,THS_PER,F,DK	: 	: 	: 	: 	: 	: 	63 	76 	86 	90 	90 	84 	78 	76 b	72 b	65 	64 	73 	63 	56 	65 b	80 	80 
A,Y20-64,THS_PER,F,EA20	: 	: 	: 	: 	: 	: 	6639 	7101 	7258 	8156 	8655 	8454 	7944 	7512 	6852 	6230 	5794 	5942 	5902 	5285 	5159 	4943 	4969 
A,Y20-64,THS_PER,F,EA21	: 	: 	: 	: 	: 	: 	6757 	7263 	7424 	8332 	8851 	8626 	8086 	7630 	6956 	6313 	5863 	6021 	5969 	5340 	5217 	4997 	5015 
A,Y20-64,THS_PER,F,EE	: 	: 	: 	: 	: 	: 	32 	46 	37 	29 	26 	21 	19 	19 	17 	16 	15 	22 	17 	16 	22 	26 	22 
A,Y20-64,THS_PER,F,EL	: 	: 	: 	: 	: 	: 	275 	345 	445 	586 	649 	626 	604 	598 	545 	505 	459 	415 	380 	333 	290 	259 	228 
A,Y20-64,THS_PER,F,ES	: 	: 	: 	: 	: 	: 	1751 	2002 	2211 	2578 	2749 	2611 	2417 	2201 	1949 	1744 	1657 	1789 	1775 d	1584 d	1511 d	1383 d	1328 d
A,Y20-64,THS_PER,F,EU27_2020	: 	: 	: 	: 	: 	: 	8208 	8896 	9089 	10037 	10583 	10171 	9412 	8711 	7865 	7085 	6599 	6862 	6817 	6083 	5991 	5812 	5899 
A,Y20-64,THS_PER,F,FI	: 	: 	: 	: 	: 	: 	80 	81 	76 	75 	80 	85 	96 	91 	90 	79 	66 	80 	77 	72 	72 	85 	104 
A,Y20-64,THS_PER,F,FR	1137 	1185 	1190 	1171 	1049 	984 	1168 	1220 	1236 	1278 	1349 	1329 	1328 	1324 	1265 	1236 	1136 	1077 	1070 d	989 d	1011 d	1011 d	1071 d
A,Y20-64,THS_PER,F,HR	: 	: 	: 	: 	: 	: 	87 	102 	106 	125 	131 	148 	138 	107 	92 	71 	53 	53 	59 	59 	50 	38 	33 
A,Y20-64,THS_PER,F,HU	: 	: 	: 	: 	: 	: 	181 	204 	211 	206 	195 	157 	141 	103 	92 	79 b	69 	88 	89 	74 	88 	93 	91 
A,Y20-64,THS_PER,F,IE	: 	: 	: 	: 	: 	: 	86 	104 	115 	116 	115 	101 	84 	73 	60 	54 	45 	57 	61 b	50 	46 	49 	52 
A,Y20-64,THS_PER,F,IS	: 	: 	: 	: 	: 	: 	4 	4 	4 	4 	4 	4 	3 	2 	2 	2 	2 	4 b	5 	3 	2 	3 	4 
A,Y20-64,THS_PER,F,IT	: 	: 	: 	: 	: 	: 	887 	929 	934 	1208 	1340 	1431 	1303 	1333 	1303 	1236 b	1168 	1053 	1092 	963 	923 	772 	718 
A,Y20-64,THS_PER,F,LT	: 	: 	: 	: 	: 	: 	78 	109 	95 	85 	76 	67 	60 	49 	41 	39 	39 	55 	47 	41 	48 	48 	44 
A,Y20-64,THS_PER,F,LU	: 	: 	: 	: 	: 	: 	6 	5 	6 	6 	7 	6 	9 b	8 	7 	8 	7 	9 	8 	6 	7 	9 	10 
A,Y20-64,THS_PER,F,LV	: 	: 	: 	: 	: 	: 	74 	84 	68 	70 	55 	48 	42 	41 	37 	31 	26 	33 	29 	26 	25 	26 	28 
A,Y20-64,THS_PER,F,ME	: 	: 	: 	: 	: 	: 	: 	: 	21 	22 	20 	21 	20 	20 	20 	18 	19 	21 	: 	: 	: 	: 	: 
A,Y20-64,THS_PER,F,MK	: 	: 	: 	: 	: 	: 	113 	114 	111 	109 	107 	105 	92 	81 	79 	72 	71 	60 	44 b	40 	37 	35 	34 
A,Y20-64,THS_PER,F,MT	: 	: 	: 	: 	: 	: 	4 	3 	4 	4 	4 	3 	4 	4 	3 	3 	4 	5 	4 	3 	4 	4 	4 
A,Y20-64,THS_PER,F,NL	: 	: 	: 	: 	: 	: 	202 	224 	220 	248 	293 	311 	295 	268 	224 	177 	159 	178 	153 	131 	131 	140 	148 
A,Y20-64,THS_PER,F,NO	: 	: 	: 	: 	: 	: 	27 	31 	33 	30 	37 	39 	45 	43 	41 	41 	37 	48 	42 	31 	34 	37 	39 
A,Y20-64,THS_PER,F,PL	: 	: 	: 	: 	: 	: 	655 	740 b	774 	821 	842 	730 	588 	465 	366 	289 	268 b	249 	263 	226 	222 	236 	263 
A,Y20-64,THS_PER,F,PT	: 	: 	: 	: 	: 	: 	237 	284 	321 	380 	402 	347 	305 	269 	228 	179 	173 	172 	167 	159 	171 	174 	170 
A,Y20-64,THS_PER,F,RO	: 	: 	: 	: 	: 	: 	233 	264 	271 	256 	261 	251 	229 	192 	161 	140 	133 	181 	161 	163 	165 	158 	190 
A,Y20-64,THS_PER,F,RS	: 	: 	: 	: 	: 	: 	: 	288 	318 	333 	334 	280 	253 	226 	202 	196 	155 	131 	162 	134 	136 	121 	123 
A,Y20-64,THS_PER,F,SE	: 	: 	142 	131 	117 	117 	151 	164 	151 	151 	158 	156 	152 	138 	137 	134 	148 	182 	193 	164 	167 	179 	187 
A,Y20-64,THS_PER,F,SI	: 	: 	: 	: 	: 	: 	27 	32 	37 	43 	49 	48 	46 	39 	35 	27 	23 	26 	24 	19 	15 	17 	18 
A,Y20-64,THS_PER,F,SK	: 	: 	: 	: 	: 	: 	160 	184 	168 b	183 	185 	173 	167 	141 	109 	91 	76 	91 	87 	80 	75 	74 	72 
A,Y20-64,THS_PER,F,TR	: 	: 	: 	: 	: 	: 	747 	744 	709 	694 	823 	947 b	1053 	1212 	1307 	1328 	1619 	1353 	1452 b	1445 	1401 	1330 	1260 
A,Y20-64,THS_PER,M,AT	: 	: 	: 	: 	: 	: 	119 	111 	102 	111 	124 	137 	144 	154 	144 	123 	112 	138 	139 	112 	121 	127 	136 
A,Y20-64,THS_PER,M,BA	: 	: 	: 	: 	: 	: 	: 	: 	: 	: 	: 	: 	: 	: 	: 	: 	: 	: 	116 	101 	87 	83 	78 
A,Y20-64,THS_PER,M,BE	: 	: 	: 	: 	: 	: 	196 	207 	180 	195 	225 	236 	240 	211 	185 b	166 	152 	153 	169 	151 	156 	158 	173 
A,Y20-64,THS_PER,M,BG	: 	: 	: 	: 	: 	: 	143 	211 b	230 b	250 	258 	234 	187 	157 	129 	116 	92 b	103 	83 	67 	67 	67 b	55 
A,Y20-64,THS_PER,M,CH	: 	: 	: 	: 	: 	: 	: 	97 b	90 	95 	102 	107 	108 	112 	108 	103 	94 	110 	117 	93 	90 	98 	119 
A,Y20-64,THS_PER,M,CY	: 	: 	: 	: 	: 	: 	11 	13 	18 	28 	36 	37 	32 	26 	23 	18 	15 	18 	17 	14 	15 	12 	10 
A,Y20-64,THS_PER,M,CZ	: 	: 	: 	: 	: 	: 	165 	180 	161 b	166 	168 	143 	119 	97 	66 	50 	49 	63 	64 	49 	58 	58 	64 
A,Y20-64,THS_PER,M,DE	: 	: 	: 	: 	: 	: 	1617 	1434 b	1173 b	1087 	1082 	1038 	982 	887 	816 	748 	689 	813 b	828 	710 	698 	788 	883 
A,Y20-64,THS_PER,M,DK	: 	: 	: 	: 	: 	: 	91 	111 	98 	99 	89 	86 	80 	73 b	73 b	65 	65 	71 	68 	59 	68 b	79 	89 
A,Y20-64,THS_PER,M,EA20	: 	: 	: 	: 	: 	: 	7761 	8241 	8231 	9336 	9910 	9524 	8878 	8080 	7238 	6493 	5988 	6204 	6100 	5284 	5195 	5135 	5202 
A,Y20-64,THS_PER,M,EA21	: 	: 	: 	: 	: 	: 	7904 	8452 	8461 	9586 	10168 	9758 	9065 	8237 	7367 	6610 	6080 	6308 	6183 	5351 	5262 	5203 	5258 
A,Y20-64,THS_PER,M,EE	: 	: 	: 	: 	: 	: 	55 	63 	43 	36 	30 	26 	21 	25 	21 	18 	13 	23 	23 	20 	20 	26 	28 
A,Y20-64,THS_PER,M,EL	: 	: 	: 	: 	: 	: 	199 	284 	418 	587 	657 	621 	569 	522 	470 	405 	366 	356 	278 	231 	210 	202 	176 
A,Y20-64,THS_PER,M,ES	: 	: 	: 	: 	: 	: 	2146 	2395 	2578 	3004 	3081 	2819 	2461 	2129 	1819 	1594 	1454 	1602 	1554 d	1346 d	1276 d	1230 d	1143 d
A,Y20-64,THS_PER,M,EU27_2020	: 	: 	: 	: 	: 	: 	9681 	10458 	10378 	11556 	12154 	11532 	10682 	9604 	8516 	7564 	6940 	7313 	7196 	6237 	6169 	6136 	6252 
A,Y20-64,THS_PER,M,FI	: 	: 	: 	: 	: 	: 	110 	114 	107 	105 	110 	118 	126 	116 	114 	96 	89 	100 	105 	92 	101 	119 	134 
A,Y20-64,THS_PER,M,FR	1060 	1109 	1115 	1113 	1034 	970 	1243 	1261 	1244 	1378 	1477 	1492 	1529 	1451 	1343 	1286 	1219 	1140 	1152 d	1069 d	1077 d	1088 d	1129 d
A,Y20-64,THS_PER,M,HR	: 	: 	: 	: 	: 	: 	71 	101 	129 	152 	162 	150 	141 	107 	90 	64 	51 	61 	60 	50 	47 	43 	46 
A,Y20-64,THS_PER,M,HU	: 	: 	: 	: 	: 	: 	225 	255 	246 	255 	231 	174 	155 	122 	91 	83 b	80 	99 	92 	90 	99 	110 	109 
A,Y20-64,THS_PER,M,IE	: 	: 	: 	: 	: 	: 	173 	195 	199 	198 	167 	143 	121 	103 	81 	66 	59 	66 	76 b	54 	56 	54 	62 
A,Y20-64,THS_PER,M,IS	: 	: 	: 	: 	: 	: 	7 	6 	6 	4 	4 	4 	3 	3 	2 	2 	3 	5 b	5 	4 	4 	4 	5 
A,Y20-64,THS_PER,M,IT	: 	: 	: 	: 	: 	: 	923 	1029 	1038 	1365 	1601 	1652 	1579 	1524 	1453 	1356 b	1260 	1154 	1167 	968 	936 	810 	792 
A,Y20-64,THS_PER,M,LT	: 	: 	: 	: 	: 	: 	125 	155 	128 	108 	94 	88 	72 	65 	60 	49 	50 	68 	56 	46 	55 	59 	60 
A,Y20-64,THS_PER,M,LU	: 	: 	: 	: 	: 	: 	5 	4 	5 	6 	7 	8 	8 b	8 	8 	8 	9 	10 	7 	7 	8 	10 	10 
A,Y20-64,THS_PER,M,LV	: 	: 	: 	: 	: 	: 	108 	114 	93 	79 	62 	57 	54 	53 	46 	40 	33 	43 	39 	36 	35 	37 	35 
A,Y20-64,THS_PER,M,ME	: 	: 	: 	: 	: 	: 	: 	: 	26 	26 	26 	25 	25 	26 	22 	22 	22 	25 	: 	: 	: 	: 	: 
A,Y20-64,THS_PER,M,MK	: 	: 	: 	: 	: 	: 	173 	174 	172 	173 	159 	153 	150 	136 	127 	119 	92 	91 	79 b	73 	65 	59 	54 
A,Y20-64,THS_PER,M,MT	: 	: 	: 	: 	: 	: 	6 	6 	6 	5 	6 	7 	6 	5 	5 	5 	5 	7 	6 	6 	6 	6 	6 
A,Y20-64,THS_PER,M,NL	: 	: 	: 	: 	: 	: 	180 	207 	211 	248 	326 	323 	298 	253 	209 	181 	168 	178 	150 	126 	128 	134 	148 
A,Y20-64,THS_PER,M,NO	: 	: 	: 	: 	: 	: 	42 	51 	41 	44 	48 	47 	62 	67 	57 	51 	51 	62 	55 	39 	42 	47 	53 
A,Y20-64,THS_PER,M,PL	: 	: 	: 	: 	: 	: 	701 	846 b	825 	865 	895 	784 	674 	555 	449 	348 	276 b	285 	316 	262 	253 	247 	258 
A,Y20-64,THS_PER,M,PT	: 	: 	: 	: 	: 	: 	285 	308 	328 	409 	416 	343 	308 	279 	211 	162 	144 	165 	159 	143 	154 	152 	145 
A,Y20-64,THS_PER,M,RO	: 	: 	: 	: 	: 	: 	408 	422 	413 	398 	417 	398 	410 	348 	304 	254 	231 	279 	264 	263 	254 	244 	262 
A,Y20-64,THS_PER,M,RS	: 	: 	: 	: 	: 	: 	: 	332 	392 	403 	369 	323 	295 	261 	229 	214 	171 	144 	165 	145 	141 	134 	134 
A,Y20-64,THS_PER,M,SE	: 	: 	167 	145 	120 	120 	188 	191 	175 	187 	187 	189 	178 	173 	167 	155 	159 	208 	209 	163 	176 	194 	211 
A,Y20-64,THS_PER,M,SI	: 	: 	: 	: 	: 	: 	31 	40 	43 	44 	50 	48 	42 	39 	30 	25 	21 	24 	22 	19 	18 	17 	18 
A,Y20-64,THS_PER,M,SK	: 	: 	: 	: 	: 	: 	158 	199 	189 b	189 	197 	181 	145 	123 	109 	85 	77 	87 	94 	82 	79 	65 	71 
A,Y20-64,THS_PER,M,TR	: 	: 	: 	: 	: 	: 	1952 	1667 	1380 	1299 	1374 	1601 b	1673 	1790 	1794 	1852 	2430 	2375 	2160 b	1858 	1583 	1473 	1412 
A,Y20-64,THS_PER,T,AT	: 	: 	: 	: 	: 	: 	210 	195 	185 	201 	225 	241 	250 	265 	246 	217 	202 	253 	261 	200 	216 	221 	245 
A,Y20-64,THS_PER,T,BA	: 	: 	: 	: 	: 	: 	: 	: 	: 	: 	: 	: 	: 	: 	: 	: 	: 	: 	233 	205 	176 	174 	170 
A,Y20-64,THS_PER,T,BE	: 	: 	: 	: 	: 	: 	366 	389 	332 	357 	406 	413 	416 	381 	345 b	291 	264 	276 	303 	272 	272 	279 	306 
A,Y20-64,THS_PER,T,BG	: 	: 	: 	: 	: 	: 	261 	373 b	396 b	426 	454 	406 	329 	274 	233 	200 	161 b	182 	150 	122 	126 	121 b	101 
A,Y20-64,THS_PER,T,CH	: 	: 	: 	: 	: 	: 	: 	192 b	176 	185 	196 	205 	204 	214 	212 	210 	194 	216 	228 	186 	181 	196 	224 
A,Y20-64,THS_PER,T,CY	: 	: 	: 	: 	: 	: 	21 	25 	33 	50 	67 	67 	61 	52 	46 	35 	31 	34 	33 	30 	28 	24 	21 
A,Y20-64,THS_PER,T,CZ	: 	: 	: 	: 	: 	: 	335 	366 	334 b	348 	355 	310 	257 	204 	148 	115 	104 	131 	143 	110 	124 	126 	137 
A,Y20-64,THS_PER,T,DE	: 	: 	: 	: 	: 	: 	2834 	2504 b	2101 b	1954 	1915 	1825 	1700 	1529 	1379 	1244 	1156 	1385 b	1407 	1239 	1229 	1391 	1548 
A,Y20-64,THS_PER,T,DK	: 	: 	: 	: 	: 	: 	154 	187 	184 	189 	179 	170 	158 	149 b	144 b	130 	130 	144 	131 	115 	133 b	159 	169 
A,Y20-64,THS_PER,T,EA20	: 	: 	: 	: 	: 	: 	14400 	15342 	15490 	17491 	18565 	17978 	16822 	15592 	14090 	12723 	11783 	12146 	12001 	10569 	10354 	10079 	10172 
A,Y20-64,THS_PER,T,EA21	: 	: 	: 	: 	: 	: 	14661 	15715 	15885 	17918 	19019 	18384 	17151 	15866 	14323 	12923 	11944 	12329 	12152 	10691 	10480 	10200 	10273 
A,Y20-64,THS_PER,T,EE	: 	: 	: 	: 	: 	: 	87 	109 	80 	65 	56 	47 	40 	44 	37 	34 	29 	44 	40 	36 	43 	52 	49 
A,Y20-64,THS_PER,T,EL	: 	: 	: 	: 	: 	: 	473 	630 	863 	1174 	1306 	1247 	1173 	1120 	1015 	910 	826 	772 	657 	565 	501 	461 	404 
A,Y20-64,THS_PER,T,ES	: 	: 	: 	: 	: 	: 	3897 	4397 	4789 	5583 	5830 	5430 	4877 	4330 	3768 	3338 	3111 	3391 	3329 d	2931 d	2787 d	2613 d	2471 d
A,Y20-64,THS_PER,T,EU27_2020	: 	: 	: 	: 	: 	: 	17889 	19354 	19468 	21593 	22738 	21703 	20093 	18314 	16381 	14649 	13539 	14175 	14013 	12320 	12160 	11947 	12151 
A,Y20-64,THS_PER,T,FI	: 	: 	: 	: 	: 	: 	190 	195 	183 	179 	190 	202 	222 	206 	204 	175 	155 	180 	182 	165 	173 	204 	238 
A,Y20-64,THS_PER,T,FR	2197 	2294 	2304 	2284 	2083 	1953 	2411 	2481 	2480 	2657 	2825 	2822 	2858 	2775 	2608 	2522 	2355 	2217 	2222 d	2058 d	2089 d	2099 d	2199 d
A,Y20-64,THS_PER,T,HR	: 	: 	: 	: 	: 	: 	158 	203 	235 	278 	293 	298 	278 	213 	182 	135 	104 	114 	119 	109 	97 	81 	79 
A,Y20-64,THS_PER,T,HU	: 	: 	: 	: 	: 	: 	406 	459 	457 	461 	426 	331 	296 	225 	183 	161 b	148 	187 	181 	164 	187 	203 	200 
A,Y20-64,THS_PER,T,IE	: 	: 	: 	: 	: 	: 	259 	298 	314 	314 	282 	245 	206 	176 	141 	120 	105 	122 	137 b	103 	101 	103 	114 
A,Y20-64,THS_PER,T,IS	: 	: 	: 	: 	: 	: 	11 	11 	10 	8 	8 	7 	6 	5 	4 	4 	6 	10 b	11 	6 	6 	6 	8 
A,Y20-64,THS_PER,T,IT	: 	: 	: 	: 	: 	: 	1810 	1957 	1973 	2573 	2940 	3083 	2882 	2857 	2757 	2592 b	2429 	2206 	2258 	1931 	1859 	1582 	1510 
A,Y20-64,THS_PER,T,LT	: 	: 	: 	: 	: 	: 	203 	264 	223 	193 	169 	155 	132 	114 	101 	88 	89 	123 	103 	87 	102 	107 	103 
A,Y20-64,THS_PER,T,LU	: 	: 	: 	: 	: 	: 	11 	10 	11 	12 	14 	14 	17 b	16 	15 	15 	16 	20 	15 	13 	15 	19 	21 
A,Y20-64,THS_PER,T,LV	: 	: 	: 	: 	: 	: 	182 	198 	161 	149 	116 	105 	95 	94 	83 	71 	59 	76 	68 	62 	59 	63 	63 
A,Y20-64,THS_PER,T,ME	: 	: 	: 	: 	: 	: 	: 	: 	47 	48 	47 	45 	45 	45 	42 	41 	42 	46 	: 	: 	: 	: 	: 
A,Y20-64,THS_PER,T,MK	: 	: 	: 	: 	: 	: 	285 	288 	283 	282 	266 	258 	243 	217 	205 	191 	163 	151 	122 b	113 	101 	94 	87 
A,Y20-64,THS_PER,T,MT	: 	: 	: 	: 	: 	: 	10 	10 	9 	9 	10 	10 	10 	9 	8 	8 	9 	12 	9 	9 	10 	9 	9 
A,Y20-64,THS_PER,T,NL	: 	: 	: 	: 	: 	: 	382 	431 	431 	497 	619 	634 	593 	521 	433 	358 	327 	355 	303 	257 	260 	273 	297 
A,Y20-64,THS_PER,T,NO	: 	: 	: 	: 	: 	: 	69 	82 	75 	74 	85 	86 	107 	110 	98 	92 	87 	110 	97 	70 	76 	83 	92 
A,Y20-64,THS_PER,T,PL	: 	: 	: 	: 	: 	: 	1355 	1586 b	1599 	1686 	1736 	1514 	1262 	1020 	814 	636 	543 b	533 	580 	488 	475 	484 	522 
A,Y20-64,THS_PER,T,PT	: 	: 	: 	: 	: 	: 	522 	592 	649 	789 	818 	690 	612 	548 	438 	341 	317 	337 	326 	303 	325 	326 	315 
A,Y20-64,THS_PER,T,RO	: 	: 	: 	: 	: 	: 	641 	686 	683 	653 	678 	649 	639 	540 	465 	395 	364 	460 	424 	426 	419 	402 	452 
A,Y20-64,THS_PER,T,RS	: 	: 	: 	: 	: 	: 	: 	620 	709 	736 	704 	603 	548 	488 	430 	410 	326 	274 	327 	279 	277 	256 	256 
A,Y20-64,THS_PER,T,SE	: 	: 	309 	277 	237 	237 	339 	355 	326 	338 	345 	345 	329 	311 	305 	289 	306 	390 	403 	327 	342 	373 	398 
A,Y20-64,THS_PER,T,SI	: 	: 	: 	: 	: 	: 	58 	72 	80 	87 	99 	95 	88 	78 	65 	51 	44 	49 	46 	38 	34 	34 	36 
A,Y20-64,THS_PER,T,SK	: 	: 	: 	: 	: 	: 	318 	383 	357 b	372 	381 	354 	312 	264 	219 	175 	154 	179 	182 	162 	155 	139 	143 
A,Y20-64,THS_PER,T,TR	: 	: 	: 	: 	: 	: 	2698 	2411 	2089 	1992 	2197 	2548 b	2726 	3002 	3101 	3180 	4050 	3728 	3612 b	3303 	2984 	2803 	2673 
A,Y25-54,PC_ACT,F,AT	: 	: 	: 	: 	: 	: 	4.7 	4.4 	4.3 	4.5 	5.0 	5.2 	5.1 	5.4 	5.0 	4.3 	4.4 	5.6 	5.8 	4.2 	4.4 	4.5 	5.1 
A,Y25-54,PC_ACT,F,BA	: 	: 	: 	: 	: 	: 	: 	: 	: 	: 	: 	: 	: 	: 	: 	: 	: 	: 	21.2 	19.1 	16.9 	16.9 	16.2 
A,Y25-54,PC_ACT,F,BE	: 	: 	: 	: 	: 	: 	6.9 	7.5 	6.4 	6.7 	7.2 	7.1 	7.3 	6.9 	6.3 b	5.1 	4.5 	5.0 	5.2 	4.7 	4.5 	4.8 	5.0 
A,Y25-54,PC_ACT,F,BG	: 	: 	: 	: 	: 	: 	6.9 	9.8 b	10.3 b	10.9 	11.9 	10.5 	8.7 	7.5 	6.8 	5.6 	4.7 b	5.6 	4.9 	4.0 	4.2 	3.8 b	3.1 
A,Y25-54,PC_ACT,F,CH	: 	: 	: 	: 	: 	: 	: 	4.9 b	4.5 	4.5 	4.7 	4.8 	4.6 	4.9 	5.1 	5.2 	4.7 	5.1 	5.2 	4.4 	4.1 	4.5 	4.7 
A,Y25-54,PC_ACT,F,CY	: 	: 	: 	: 	: 	: 	4.5 	5.3 	6.4 	9.8 	13.4 	12.9 	13.2 	12.0 	10.9 	8.6 	7.4 	7.5 	6.9 	6.4 	5.6 	4.9 	4.4 
A,Y25-54,PC_ACT,F,CZ	: 	: 	: 	: 	: 	: 	7.3 	8.0 	7.6 b	7.8 	7.9 	7.1 	5.8 	4.5 	3.4 	2.7 	2.3 	2.8 	3.3 	2.6 	2.9 	2.8 	2.8 
A,Y25-54,PC_ACT,F,DE	: 	: 	: 	: 	: 	: 	6.3 	5.6 b	4.8 b	4.5 	4.2 	4.0 	3.7 	3.2 	2.8 	2.5 	2.4 	2.9 b	2.9 	2.7 	2.8 	3.2 	3.6 
A,Y25-54,PC_ACT,F,DK	: 	: 	: 	: 	: 	: 	4.8 	6.0 	6.9 	6.8 	7.1 	6.6 	6.0 	6.1 b	5.5 b	4.9 	4.8 	5.5 	4.3 	3.7 	4.6 b	5.5 	5.7 
A,Y25-54,PC_ACT,F,EA20	: 	: 	: 	: 	: 	: 	8.9 	9.6 	9.8 	10.9 	11.6 	11.4 	10.7 	10.1 	9.2 	8.4 	7.7 	8.0 	7.8 	6.9 	6.7 	6.3 	6.3 
A,Y25-54,PC_ACT,F,EA21	: 	: 	: 	: 	: 	: 	8.9 	9.6 	9.8 	10.9 	11.6 	11.4 	10.7 	10.0 	9.2 	8.3 	7.7 	8.0 	7.7 	6.9 	6.6 	6.3 	6.2 
A,Y25-54,PC_ACT,F,EE	: 	: 	: 	: 	: 	: 	9.6 	12.5 	11.3 	8.9 	8.0 	7.0 	5.8 	5.6 	5.2 	5.0 	4.8 	6.0 	5.0 	4.3 	6.0 	7.1 	6.4 
A,Y25-54,PC_ACT,F,EL	: 	: 	: 	: 	: 	: 	12.6 	15.8 	20.9 	27.5 	31.2 	30.0 	28.8 	28.5 	26.0 	24.6 	22.6 	21.7 	18.8 	16.1 	14.5 	12.8 	11.0 
A,Y25-54,PC_ACT,F,ES	: 	: 	: 	: 	: 	: 	16.6 	18.9 	20.5 	23.6 	25.2 	24.1 	22.4 	20.3 	18.2 	16.2 	15.0 	16.6 	15.7 d	13.9 d	12.8 d	11.5 d	10.7 d
A,Y25-54,PC_ACT,F,EU27_2020	: 	: 	: 	: 	: 	: 	8.5 	9.3 	9.5 	10.4 	11.0 	10.6 	9.8 	9.0 	8.2 	7.3 	6.8 	7.1 	6.9 	6.1 	6.0 	5.7 	5.7 
A,Y25-54,PC_ACT,F,FI	: 	: 	: 	: 	: 	: 	6.0 	6.2 	5.7 	5.6 	6.3 	6.5 	7.3 	7.2 	6.8 	5.9 	4.9 	5.7 	5.6 	5.4 	5.1 	6.3 	7.4 
A,Y25-54,PC_ACT,F,FR	8.2 	8.3 	8.3 	7.9 	7.1 	6.6 	7.7 	7.9 	8.0 	8.3 	8.7 	8.7 	8.6 	8.5 	8.4 	8.0 	7.2 	6.8 	6.8 d	6.3 d	6.6 d	6.4 d	6.6 d
A,Y25-54,PC_ACT,F,HR	: 	: 	: 	: 	: 	: 	9.7 	11.3 	12.7 	14.8 	15.5 	16.7 	15.7 	13.0 	10.9 	8.4 	6.6 	6.6 	7.1 	7.3 	6.0 	4.2 	3.6 
A,Y25-54,PC_ACT,F,HU	: 	: 	: 	: 	: 	: 	8.3 	9.3 	9.6 	9.0 	8.4 	6.6 	6.1 	4.2 	3.7 	3.4 b	3.0 	3.8 	3.7 	3.2 	3.8 	3.7 	3.9 
A,Y25-54,PC_ACT,F,IE	: 	: 	: 	: 	: 	: 	8.4 	10.2 	11.6 	11.7 	11.2 	9.9 	8.1 	7.0 	5.4 	4.9 	4.0 	4.7 	4.8 b	3.9 	3.3 	3.5 	3.7 
A,Y25-54,PC_ACT,F,IS	: 	: 	: 	: 	: 	: 	4.9 	5.6 	5.7 	4.4 	5.0 	5.0 	3.7 	2.8 	2.0 	1.9 	3.1 	5.0 b	6.4 	3.3 	2.5 	2.0 	3.6 
A,Y25-54,PC_ACT,F,IT	: 	: 	: 	: 	: 	: 	8.5 	9.0 	8.9 	11.1 	12.5 	13.2 	12.2 	12.5 	12.3 	11.8 b	11.3 	10.5 	10.6 	9.5 	8.8 	7.5 	7.0 
A,Y25-54,PC_ACT,F,LT	: 	: 	: 	: 	: 	: 	9.8 	13.5 	12.1 	11.1 	10.1 	8.8 	7.8 	6.4 	5.1 	4.7 	5.0 	6.7 	5.9 	5.0 	6.2 	5.7 	5.7 
A,Y25-54,PC_ACT,F,LU	: 	: 	: 	: 	: 	: 	5.2 	5.0 	5.5 	5.3 	6.2 	5.1 	6.9 b	5.8 	5.0 	5.6 	4.8 	6.2 	5.0 	3.4 	4.2 	5.6 	6.0 
A,Y25-54,PC_ACT,F,LV	: 	: 	: 	: 	: 	: 	13.3 	15.0 	12.4 	12.6 	10.3 	9.5 	8.6 	8.8 	7.5 	6.2 	5.2 	6.9 	6.6 	5.8 	5.4 	5.7 	6.2 
A,Y25-54,PC_ACT,F,ME	: 	: 	: 	: 	: 	: 	: 	: 	19.5 	19.9 	18.1 	17.6 	16.7 	16.6 	17.0 	15.8 	16.1 	18.0 	: 	: 	: 	: 	: 
A,Y25-54,PC_ACT,F,MK	: 	: 	: 	: 	: 	: 	30.3 	30.6 	28.9 	28.9 	27.3 	27.0 	24.4 	21.4 	20.6 	18.7 	17.3 	15.0 	12.1 b	11.6 	11.2 	10.5 	10.1 
A,Y25-54,PC_ACT,F,MT	: 	: 	: 	: 	: 	: 	6.1 	6.1 	5.9 	5.4 	5.2 	4.3 	4.7 	4.2 	3.4 	3.1 	4.4 	4.8 	3.0 	3.0 	3.1 	2.6 	2.5 
A,Y25-54,PC_ACT,F,NL	: 	: 	: 	: 	: 	: 	5.2 	5.8 	5.6 	6.2 	7.3 	7.7 	7.4 	6.5 	5.3 	4.2 	3.8 	4.1 	3.5 	2.7 	2.7 	2.9 	3.2 
A,Y25-54,PC_ACT,F,NO	: 	: 	: 	: 	: 	: 	2.0 	2.4 	2.5 	2.2 	3.0 	3.2 	3.7 	3.4 	3.2 	3.1 	2.7 	3.6 	3.3 	2.4 	2.5 	2.8 	3.0 
A,Y25-54,PC_ACT,F,PL	: 	: 	: 	: 	: 	: 	7.8 	8.9 b	9.3 	9.8 	10.2 	8.8 	7.2 	5.7 	4.4 	3.5 	3.3 b	3.0 	3.0 	2.6 	2.5 	2.8 	3.0 
A,Y25-54,PC_ACT,F,PT	: 	: 	: 	: 	: 	: 	9.8 	12.0 	12.6 	14.9 	15.9 	13.5 	11.6 	10.4 	8.5 	6.7 	6.2 	6.5 	6.1 	5.8 	6.1 	5.9 	5.7 
A,Y25-54,PC_ACT,F,RO	: 	: 	: 	: 	: 	: 	6.2 	7.0 	7.3 	6.8 	6.9 	6.7 	6.1 	5.1 	4.0 	3.5 	3.2 	4.8 	4.2 	4.1 	4.3 	4.1 	5.0 
A,Y25-54,PC_ACT,F,RS	: 	: 	: 	: 	: 	: 	: 	21.8 	24.9 	26.3 	25.7 	21.5 	19.4 	17.4 	15.5 	14.8 	11.8 	10.3 	12.2 	9.7 	9.8 	8.5 	8.7 
A,Y25-54,PC_ACT,F,SE	: 	: 	6.6 	5.8 	5.0 	4.9 	6.3 	6.9 	6.1 	6.0 	6.4 	6.2 	6.1 	5.6 	5.5 	5.5 	5.9 	7.5 	7.7 	6.1 	6.4 	6.8 	7.2 
A,Y25-54,PC_ACT,F,SI	: 	: 	: 	: 	: 	: 	5.4 	6.8 	7.9 	9.0 	10.5 	10.5 	10.2 	8.7 	7.4 	5.7 	4.8 	5.3 	4.9 	3.8 	3.2 	3.6 	3.6 
A,Y25-54,PC_ACT,F,SK	: 	: 	: 	: 	: 	: 	11.9 	13.5 	12.7 b	13.6 	13.7 	12.8 	12.3 	9.9 	8.0 	6.7 	5.4 	6.8 	6.6 	6.1 	5.9 	5.9 	5.6 
A,Y25-54,PC_ACT,F,TR	: 	: 	: 	: 	: 	: 	11.0 	9.9 	8.7 	8.3 	9.4 	10.9 b	11.3 	12.5 	12.4 	12.5 	14.7 	13.0 	13.0 b	12.2 	11.6 	10.8 	10.2 
A,Y25-54,PC_ACT,M,AT	: 	: 	: 	: 	: 	: 	5.4 	5.0 	4.3 	4.7 	5.5 	5.8 	5.9 	6.2 	6.0 	5.1 	4.6 	5.5 	5.8 	4.4 	4.7 	5.1 	5.5 
A,Y25-54,PC_ACT,M,BA	: 	: 	: 	: 	: 	: 	: 	: 	: 	: 	: 	: 	: 	: 	: 	: 	: 	: 	12.7 	11.2 	9.7 	9.1 	8.0 
A,Y25-54,PC_ACT,M,BE	: 	: 	: 	: 	: 	: 	6.7 	7.3 	6.5 	6.9 	7.7 	8.3 	8.3 	7.4 	6.3 b	5.8 	5.2 	5.3 	5.7 	5.1 	5.3 	5.3 	5.8 
A,Y25-54,PC_ACT,M,BG	: 	: 	: 	: 	: 	: 	7.1 	10.9 b	12.6 b	13.4 	13.6 	12.4 	10.1 	8.7 	7.0 	6.4 	5.6 b	6.4 	5.0 	4.1 	4.2 	4.3 b	3.4 
A,Y25-54,PC_ACT,M,CH	: 	: 	: 	: 	: 	: 	: 	4.2 b	3.7 	3.8 	4.3 	4.5 	4.1 	4.5 	4.3 	3.9 	3.5 	4.2 	4.4 	3.5 	3.3 	3.7 	4.8 
A,Y25-54,PC_ACT,M,CY	: 	: 	: 	: 	: 	: 	4.6 	5.5 	7.2 	11.2 	14.4 	14.8 	12.9 	11.4 	10.0 	7.0 	5.9 	7.0 	6.7 	5.1 	5.1 	4.4 	3.9 
A,Y25-54,PC_ACT,M,CZ	: 	: 	: 	: 	: 	: 	4.8 	5.2 	4.6 b	4.8 	4.9 	4.3 	3.7 	2.8 	2.0 	1.5 	1.5 	2.1 	2.1 	1.5 	1.9 	1.9 	2.0 
A,Y25-54,PC_ACT,M,DE	: 	: 	: 	: 	: 	: 	7.1 	6.4 b	5.2 b	4.7 	4.7 	4.6 	4.3 	3.9 	3.6 	3.3 	3.0 	3.7 b	3.8 	3.2 	3.1 	3.7 	4.2 
A,Y25-54,PC_ACT,M,DK	: 	: 	: 	: 	: 	: 	5.9 	7.3 	6.3 	6.7 	6.0 	5.5 	5.4 	4.6 b	4.8 b	4.1 	4.2 	4.4 	4.2 	3.6 	4.2 b	4.6 	5.5 
A,Y25-54,PC_ACT,M,EA20	: 	: 	: 	: 	: 	: 	8.4 	9.1 	9.1 	10.5 	11.2 	10.7 	9.9 	8.9 	8.0 	7.2 	6.7 	7.0 	6.8 	5.8 	5.6 	5.6 	5.6 
A,Y25-54,PC_ACT,M,EA21	: 	: 	: 	: 	: 	: 	8.4 	9.1 	9.2 	10.5 	11.2 	10.7 	9.9 	8.9 	8.0 	7.2 	6.6 	7.0 	6.8 	5.8 	5.6 	5.6 	5.6 
A,Y25-54,PC_ACT,M,EE	: 	: 	: 	: 	: 	: 	15.8 	17.4 	11.4 	9.8 	8.3 	7.1 	5.5 	6.3 	5.3 	4.4 	3.3 	5.9 	5.8 	5.1 	5.2 	6.8 	7.3 
A,Y25-54,PC_ACT,M,EL	: 	: 	: 	: 	: 	: 	6.6 	9.6 	14.7 	21.3 	24.0 	23.0 	20.9 	18.7 	17.0 	15.0 	13.7 	14.0 	10.9 	8.8 	8.3 	7.9 	6.9 
A,Y25-54,PC_ACT,M,ES	: 	: 	: 	: 	: 	: 	16.1 	17.9 	19.4 	23.0 	23.8 	21.7 	18.9 	16.3 	13.9 	12.1 	11.0 	12.6 	11.9 d	10.1 d	9.2 d	8.9 d	8.0 d
A,Y25-54,PC_ACT,M,EU27_2020	: 	: 	: 	: 	: 	: 	8.1 	8.8 	8.8 	9.9 	10.5 	9.9 	9.1 	8.1 	7.2 	6.4 	5.9 	6.3 	6.1 	5.2 	5.1 	5.1 	5.2 
A,Y25-54,PC_ACT,M,FI	: 	: 	: 	: 	: 	: 	7.3 	7.6 	6.9 	6.8 	7.1 	7.8 	8.2 	7.7 	7.5 	6.3 	5.3 	5.9 	7.0 	5.6 	6.4 	7.7 	8.7 
A,Y25-54,PC_ACT,M,FR	6.8 	7.0 	7.1 	6.9 	6.5 	5.8 	7.4 	7.7 	7.7 	8.5 	9.2 	9.3 	9.5 	8.9 	8.2 	7.8 	7.4 	7.1 	6.8 d	6.2 d	6.3 d	6.3 d	6.5 d
A,Y25-54,PC_ACT,M,HR	: 	: 	: 	: 	: 	: 	6.2 	9.1 	11.9 	14.5 	15.5 	13.9 	13.2 	10.4 	9.1 	6.8 	5.8 	6.7 	6.6 	5.3 	4.9 	4.5 	4.5 
A,Y25-54,PC_ACT,M,HU	: 	: 	: 	: 	: 	: 	9.2 	10.7 	9.9 	10.2 	9.1 	6.5 	5.6 	4.5 	3.4 	3.1 b	2.8 	3.6 	3.3 	3.2 	3.5 	3.9 	4.2 
A,Y25-54,PC_ACT,M,IE	: 	: 	: 	: 	: 	: 	13.1 	15.4 	16.1 	15.8 	13.3 	11.3 	9.5 	7.9 	6.2 	4.8 	4.3 	4.8 	5.3 b	3.7 	3.7 	3.5 	4.0 
A,Y25-54,PC_ACT,M,IS	: 	: 	: 	: 	: 	: 	7.2 	7.0 	5.6 	4.7 	4.4 	3.7 	2.6 	2.2 	1.7 	2.2 	2.7 	5.5 b	4.9 	3.2 	3.5 	3.3 	4.5 
A,Y25-54,PC_ACT,M,IT	: 	: 	: 	: 	: 	: 	6.0 	6.7 	6.7 	8.8 	10.5 	11.0 	10.5 	10.1 	9.8 	9.1 b	8.6 	8.1 	8.1 	6.6 	6.4 	5.6 	5.5 
A,Y25-54,PC_ACT,M,LT	: 	: 	: 	: 	: 	: 	15.7 	20.0 	16.5 	14.1 	11.9 	11.1 	9.5 	8.4 	8.1 	6.4 	6.6 	8.1 	7.0 	5.9 	6.2 	6.6 	6.3 
A,Y25-54,PC_ACT,M,LU	: 	: 	: 	: 	: 	: 	3.5 	3.0 	3.3 	3.8 	4.6 	4.7 	5.0 b	5.0 	4.8 	4.5 	4.6 	5.2 	3.7 	3.4 	3.9 	5.3 	5.6 
A,Y25-54,PC_ACT,M,LV	: 	: 	: 	: 	: 	: 	19.3 	21.4 	17.5 	14.9 	11.9 	11.2 	10.4 	9.9 	9.0 	8.2 	6.7 	8.9 	8.8 	7.6 	7.4 	8.0 	7.6 
A,Y25-54,PC_ACT,M,ME	: 	: 	: 	: 	: 	: 	: 	: 	19.1 	18.6 	19.0 	16.6 	16.2 	17.5 	15.1 	14.7 	15.0 	17.1 	: 	: 	: 	: 	: 
A,Y25-54,PC_ACT,M,MK	: 	: 	: 	: 	: 	: 	29.1 	29.2 	28.6 	29.0 	26.6 	25.1 	24.8 	22.7 	20.8 	19.1 	15.8 	15.8 	15.7 b	15.0 	14.1 	12.3 	10.9 
A,Y25-54,PC_ACT,M,MT	: 	: 	: 	: 	: 	: 	4.9 	5.8 	5.2 	4.7 	4.8 	4.8 	4.1 	3.7 	3.1 	3.3 	3.2 	3.7 	3.0 	3.0 	2.9 	2.6 	2.5 
A,Y25-54,PC_ACT,M,NL	: 	: 	: 	: 	: 	: 	2.9 	3.6 	3.9 	4.7 	6.4 	6.3 	5.5 	4.5 	3.8 	3.2 	3.0 	3.3 	2.7 	2.3 	2.4 	2.4 	2.7 
A,Y25-54,PC_ACT,M,NO	: 	: 	: 	: 	: 	: 	2.8 	3.6 	2.9 	2.9 	3.1 	3.3 	4.3 	4.8 	3.8 	3.5 	3.3 	4.0 	3.8 	2.5 	2.9 	3.2 	3.4 
A,Y25-54,PC_ACT,M,PL	: 	: 	: 	: 	: 	: 	6.5 	8.2 b	7.7 	8.2 	8.4 	7.4 	6.3 	5.2 	4.1 	3.3 	2.5 b	2.6 	2.9 	2.4 	2.2 	2.1 	2.3 
A,Y25-54,PC_ACT,M,PT	: 	: 	: 	: 	: 	: 	10.2 	11.0 	11.7 	14.8 	15.6 	12.2 	10.9 	9.8 	7.4 	5.6 	5.1 	5.7 	5.3 	5.1 	5.1 	5.0 	4.7 
A,Y25-54,PC_ACT,M,RO	: 	: 	: 	: 	: 	: 	7.9 	8.1 	7.8 	7.8 	8.2 	7.8 	8.1 	7.0 	5.8 	4.9 	4.4 	5.4 	5.0 	5.0 	5.0 	4.8 	5.1 
A,Y25-54,PC_ACT,M,RS	: 	: 	: 	: 	: 	: 	: 	17.9 	22.3 	22.8 	20.8 	18.2 	17.0 	15.6 	13.6 	12.4 	10.4 	8.8 	9.9 	8.4 	8.2 	7.6 	8.0 
A,Y25-54,PC_ACT,M,SE	: 	: 	6.4 	5.4 	4.3 	4.2 	6.6 	6.5 	5.9 	6.3 	6.3 	6.2 	6.0 	5.8 	5.7 	5.3 	5.2 	6.8 	6.5 	5.3 	5.6 	6.1 	6.7 
A,Y25-54,PC_ACT,M,SI	: 	: 	: 	: 	: 	: 	5.3 	7.1 	7.7 	7.6 	8.9 	8.3 	7.3 	6.9 	5.2 	4.2 	3.7 	4.0 	3.7 	3.2 	2.8 	2.5 	2.9 
A,Y25-54,PC_ACT,M,SK	: 	: 	: 	: 	: 	: 	9.8 	12.2 	11.5 b	11.3 	11.9 	11.3 	8.9 	7.5 	7.1 	5.5 	5.1 	5.7 	6.1 	5.3 	5.1 	4.2 	4.8 
A,Y25-54,PC_ACT,M,TR	: 	: 	: 	: 	: 	: 	11.1 	9.2 	7.3 	6.7 	6.9 	7.8 b	8.0 	8.4 	8.1 	8.2 	11.0 	11.2 	9.5 b	7.9 	6.7 	6.2 	6.1 
A,Y25-54,PC_ACT,T,AT	: 	: 	: 	: 	: 	: 	5.0 	4.7 	4.3 	4.6 	5.3 	5.6 	5.5 	5.8 	5.5 	4.7 	4.5 	5.6 	5.8 	4.3 	4.6 	4.8 	5.3 
A,Y25-54,PC_ACT,T,BA	: 	: 	: 	: 	: 	: 	: 	: 	: 	: 	: 	: 	: 	: 	: 	: 	: 	: 	16.1 	14.4 	12.6 	12.2 	11.3 
A,Y25-54,PC_ACT,T,BE	: 	: 	: 	: 	: 	: 	6.8 	7.4 	6.4 	6.8 	7.5 	7.7 	7.8 	7.2 	6.3 b	5.4 	4.8 	5.2 	5.5 	4.9 	4.9 	5.0 	5.4 
A,Y25-54,PC_ACT,T,BG	: 	: 	: 	: 	: 	: 	7.0 	10.4 b	11.5 b	12.2 	12.8 	11.5 	9.4 	8.1 	6.9 	6.0 	5.2 b	6.0 	5.0 	4.1 	4.2 	4.1 b	3.3 
A,Y25-54,PC_ACT,T,CH	: 	: 	: 	: 	: 	: 	: 	4.5 b	4.1 	4.1 	4.5 	4.6 	4.4 	4.7 	4.7 	4.5 	4.1 	4.6 	4.7 	3.9 	3.7 	4.1 	4.7 
A,Y25-54,PC_ACT,T,CY	: 	: 	: 	: 	: 	: 	4.6 	5.4 	6.8 	10.5 	13.9 	13.9 	13.1 	11.7 	10.4 	7.8 	6.6 	7.3 	6.8 	5.7 	5.3 	4.7 	4.1 
A,Y25-54,PC_ACT,T,CZ	: 	: 	: 	: 	: 	: 	5.9 	6.4 	5.9 b	6.1 	6.2 	5.6 	4.6 	3.5 	2.7 	2.0 	1.8 	2.4 	2.6 	2.0 	2.3 	2.3 	2.4 
A,Y25-54,PC_ACT,T,DE	: 	: 	: 	: 	: 	: 	6.7 	6.0 b	5.0 b	4.6 	4.5 	4.3 	4.0 	3.6 	3.2 	2.9 	2.7 	3.3 b	3.4 	3.0 	3.0 	3.4 	3.9 
A,Y25-54,PC_ACT,T,DK	: 	: 	: 	: 	: 	: 	5.4 	6.7 	6.5 	6.8 	6.5 	6.0 	5.7 	5.3 b	5.1 b	4.5 	4.5 	4.9 	4.2 	3.6 	4.4 b	5.0 	5.6 
A,Y25-54,PC_ACT,T,EA20	: 	: 	: 	: 	: 	: 	8.6 	9.3 	9.4 	10.7 	11.4 	11.0 	10.3 	9.5 	8.6 	7.8 	7.2 	7.5 	7.3 	6.3 	6.1 	5.9 	5.9 
A,Y25-54,PC_ACT,T,EA21	: 	: 	: 	: 	: 	: 	8.6 	9.3 	9.5 	10.7 	11.4 	11.0 	10.3 	9.4 	8.6 	7.7 	7.1 	7.5 	7.2 	6.3 	6.1 	5.9 	5.9 
A,Y25-54,PC_ACT,T,EE	: 	: 	: 	: 	: 	: 	12.7 	15.0 	11.4 	9.4 	8.2 	7.1 	5.6 	5.9 	5.2 	4.7 	4.0 	6.0 	5.4 	4.7 	5.6 	6.9 	6.8 
A,Y25-54,PC_ACT,T,EL	: 	: 	: 	: 	: 	: 	9.2 	12.3 	17.4 	24.0 	27.2 	26.1 	24.5 	23.1 	21.1 	19.3 	17.7 	17.5 	14.4 	12.0 	11.0 	10.1 	8.7 
A,Y25-54,PC_ACT,T,ES	: 	: 	: 	: 	: 	: 	16.3 	18.4 	19.9 	23.3 	24.5 	22.8 	20.6 	18.2 	15.9 	14.0 	12.9 	14.5 	13.7 d	11.9 d	10.9 d	10.1 d	9.3 d
A,Y25-54,PC_ACT,T,EU27_2020	: 	: 	: 	: 	: 	: 	8.3 	9.0 	9.1 	10.1 	10.7 	10.2 	9.4 	8.6 	7.7 	6.9 	6.3 	6.7 	6.5 	5.6 	5.5 	5.4 	5.4 
A,Y25-54,PC_ACT,T,FI	: 	: 	: 	: 	: 	: 	6.7 	6.9 	6.3 	6.3 	6.7 	7.2 	7.8 	7.5 	7.1 	6.1 	5.1 	5.8 	6.4 	5.5 	5.8 	7.0 	8.1 
A,Y25-54,PC_ACT,T,FR	7.5 	7.7 	7.7 	7.4 	6.8 	6.2 	7.5 	7.8 	7.9 	8.4 	8.9 	9.0 	9.0 	8.7 	8.3 	7.9 	7.3 	6.9 	6.8 d	6.3 d	6.5 d	6.4 d	6.6 d
A,Y25-54,PC_ACT,T,HR	: 	: 	: 	: 	: 	: 	7.9 	10.2 	12.3 	14.7 	15.5 	15.3 	14.5 	11.7 	10.0 	7.6 	6.2 	6.7 	6.8 	6.2 	5.4 	4.4 	4.1 
A,Y25-54,PC_ACT,T,HU	: 	: 	: 	: 	: 	: 	8.8 	10.0 	9.7 	9.6 	8.7 	6.6 	5.8 	4.4 	3.6 	3.2 b	2.9 	3.7 	3.5 	3.2 	3.6 	3.8 	4.1 
A,Y25-54,PC_ACT,T,IE	: 	: 	: 	: 	: 	: 	11.0 	13.0 	14.1 	14.0 	12.4 	10.7 	8.8 	7.5 	5.8 	4.8 	4.1 	4.8 	5.0 b	3.8 	3.5 	3.5 	3.9 
A,Y25-54,PC_ACT,T,IS	: 	: 	: 	: 	: 	: 	6.1 	6.3 	5.6 	4.6 	4.6 	4.3 	3.1 	2.5 	1.8 	2.1 	2.9 	5.3 b	5.5 	3.3 	3.0 	2.7 	4.1 
A,Y25-54,PC_ACT,T,IT	: 	: 	: 	: 	: 	: 	7.0 	7.6 	7.6 	9.8 	11.4 	12.0 	11.2 	11.1 	10.9 	10.3 b	9.8 	9.1 	9.2 	7.9 	7.5 	6.4 	6.1 
A,Y25-54,PC_ACT,T,LT	: 	: 	: 	: 	: 	: 	12.7 	16.7 	14.3 	12.6 	11.0 	9.9 	8.6 	7.4 	6.6 	5.6 	5.8 	7.4 	6.5 	5.4 	6.2 	6.2 	6.0 
A,Y25-54,PC_ACT,T,LU	: 	: 	: 	: 	: 	: 	4.2 	3.9 	4.3 	4.5 	5.3 	4.9 	5.8 b	5.3 	4.9 	5.0 	4.7 	5.7 	4.3 	3.4 	4.1 	5.5 	5.8 
A,Y25-54,PC_ACT,T,LV	: 	: 	: 	: 	: 	: 	16.3 	18.2 	14.9 	13.8 	11.1 	10.4 	9.6 	9.4 	8.3 	7.2 	6.0 	8.0 	7.8 	6.7 	6.4 	6.9 	6.9 
A,Y25-54,PC_ACT,T,ME	: 	: 	: 	: 	: 	: 	: 	: 	19.3 	19.2 	18.6 	17.1 	16.4 	17.1 	15.9 	15.2 	15.5 	17.5 	: 	: 	: 	: 	: 
A,Y25-54,PC_ACT,T,MK	: 	: 	: 	: 	: 	: 	29.6 	29.7 	28.7 	29.0 	26.9 	25.8 	24.6 	22.2 	20.7 	18.9 	16.5 	15.5 	14.2 b	13.6 	12.8 	11.5 	10.6 
A,Y25-54,PC_ACT,T,MT	: 	: 	: 	: 	: 	: 	5.3 	5.9 	5.4 	5.0 	5.0 	4.6 	4.3 	3.9 	3.2 	3.2 	3.7 	4.2 	3.0 	3.0 	3.0 	2.6 	2.5 
A,Y25-54,PC_ACT,T,NL	: 	: 	: 	: 	: 	: 	4.0 	4.6 	4.7 	5.4 	6.8 	7.0 	6.4 	5.4 	4.5 	3.6 	3.4 	3.7 	3.1 	2.5 	2.5 	2.7 	2.9 
A,Y25-54,PC_ACT,T,NO	: 	: 	: 	: 	: 	: 	2.4 	3.0 	2.7 	2.6 	3.1 	3.2 	4.0 	4.2 	3.5 	3.3 	3.0 	3.8 	3.6 	2.4 	2.7 	3.0 	3.2 
A,Y25-54,PC_ACT,T,PL	: 	: 	: 	: 	: 	: 	7.1 	8.5 b	8.4 	8.9 	9.2 	8.1 	6.8 	5.5 	4.3 	3.4 	2.9 b	2.8 	2.9 	2.5 	2.4 	2.4 	2.7 
A,Y25-54,PC_ACT,T,PT	: 	: 	: 	: 	: 	: 	10.0 	11.5 	12.1 	14.9 	15.7 	12.8 	11.2 	10.1 	7.9 	6.1 	5.7 	6.1 	5.7 	5.5 	5.6 	5.5 	5.2 
A,Y25-54,PC_ACT,T,RO	: 	: 	: 	: 	: 	: 	7.2 	7.6 	7.6 	7.3 	7.7 	7.3 	7.3 	6.2 	5.0 	4.3 	3.9 	5.2 	4.6 	4.6 	4.7 	4.5 	5.1 
A,Y25-54,PC_ACT,T,RS	: 	: 	: 	: 	: 	: 	: 	19.7 	23.5 	24.4 	23.1 	19.7 	18.1 	16.4 	14.4 	13.5 	11.0 	9.5 	11.0 	9.0 	8.9 	8.1 	8.4 
A,Y25-54,PC_ACT,T,SE	: 	: 	6.5 	5.6 	4.7 	4.5 	6.4 	6.7 	6.0 	6.2 	6.3 	6.2 	6.0 	5.7 	5.6 	5.4 	5.6 	7.1 	7.1 	5.7 	5.9 	6.4 	6.9 
A,Y25-54,PC_ACT,T,SI	: 	: 	: 	: 	: 	: 	5.3 	7.0 	7.8 	8.3 	9.7 	9.3 	8.7 	7.7 	6.3 	4.9 	4.2 	4.6 	4.2 	3.5 	3.0 	3.0 	3.2 
A,Y25-54,PC_ACT,T,SK	: 	: 	: 	: 	: 	: 	10.8 	12.8 	12.1 b	12.3 	12.8 	12.0 	10.5 	8.6 	7.5 	6.1 	5.2 	6.2 	6.3 	5.7 	5.5 	5.0 	5.2 
A,Y25-54,PC_ACT,T,TR	: 	: 	: 	: 	: 	: 	11.1 	9.4 	7.7 	7.2 	7.6 	8.7 b	9.0 	9.7 	9.5 	9.7 	12.2 	11.8 	10.7 b	9.4 	8.4 	7.8 	7.5 
A,Y25-54,PC_POP,F,AT	: 	: 	: 	: 	: 	: 	3.9 	3.6 	3.6 	3.8 	4.3 	4.4 	4.3 	4.6 	4.2 	3.7 	3.7 	4.7 	4.9 	3.7 	3.8 	3.9 	4.4 
A,Y25-54,PC_POP,F,BA	: 	: 	: 	: 	: 	: 	: 	: 	: 	: 	: 	: 	: 	: 	: 	: 	: 	: 	12.7 	11.5 	10.3 	10.8 	10.6 
A,Y25-54,PC_POP,F,BE	: 	: 	: 	: 	: 	: 	5.5 	6.0 	5.0 	5.3 	5.8 	5.7 	5.8 	5.5 	5.0 b	4.1 	3.6 	4.0 	4.2 	3.9 	3.7 	3.9 	4.1 
A,Y25-54,PC_POP,F,BG	: 	: 	: 	: 	: 	: 	5.5 	7.7 b	8.1 b	8.7 	9.5 	8.4 	6.9 	5.9 	5.4 	4.4 	3.8 b	4.5 	3.9 	3.3 	3.5 	3.2 b	2.6 
A,Y25-54,PC_POP,F,CH	: 	: 	: 	: 	: 	: 	: 	4.0 b	3.7 	3.7 	3.9 	4.1 	3.9 	4.2 	4.4 	4.5 	4.1 	4.4 	4.5 	3.8 	3.6 	3.9 	4.1 
A,Y25-54,PC_POP,F,CY	: 	: 	: 	: 	: 	: 	3.6 	4.3 	5.3 	8.0 	11.0 	10.8 	11.1 	9.8 	9.0 	7.0 	6.2 	6.2 	5.7 	5.4 	4.8 	4.1 	3.8 
A,Y25-54,PC_POP,F,CZ	: 	: 	: 	: 	: 	: 	5.8 	6.4 	6.1 b	6.3 	6.5 	5.8 	4.7 	3.7 	2.8 	2.2 	1.9 	2.3 	2.7 	2.2 	2.4 	2.4 	2.4 
A,Y25-54,PC_POP,F,DE	: 	: 	: 	: 	: 	: 	5.0 	4.5 b	3.8 b	3.6 	3.4 	3.3 	3.0 	2.6 	2.3 	2.1 	1.9 	2.4 b	2.4 	2.3 	2.3 	2.7 	3.0 
A,Y25-54,PC_POP,F,DK	: 	: 	: 	: 	: 	: 	4.1 	5.1 	5.8 	5.8 	6.0 	5.5 	5.0 	5.0 b	4.5 b	4.1 	4.0 	4.6 	3.6 	3.1 	3.9 b	4.7 	4.8 
A,Y25-54,PC_POP,F,EA20	: 	: 	: 	: 	: 	: 	6.9 	7.5 	7.6 	8.6 	9.2 	9.0 	8.5 	8.0 	7.4 	6.7 	6.2 	6.3 	6.3 	5.6 	5.5 	5.2 	5.2 
A,Y25-54,PC_POP,F,EA21	: 	: 	: 	: 	: 	: 	6.9 	7.5 	7.6 	8.6 	9.2 	9.0 	8.5 	8.0 	7.3 	6.6 	6.2 	6.3 	6.2 	5.6 	5.4 	5.1 	5.1 
A,Y25-54,PC_POP,F,EE	: 	: 	: 	: 	: 	: 	8.1 	10.8 	9.7 	7.7 	6.8 	5.9 	4.9 	4.6 	4.4 	4.2 	4.1 	5.1 	4.3 	3.8 	5.4 	6.4 	5.8 
A,Y25-54,PC_POP,F,EL	: 	: 	: 	: 	: 	: 	8.9 	11.4 	15.1 	20.2 	23.1 	22.5 	22.2 	22.0 	19.9 	18.7 	17.5 	15.9 	14.1 	12.4 	11.2 	10.0 	8.7 
A,Y25-54,PC_POP,F,ES	: 	: 	: 	: 	: 	: 	12.8 	14.9 	16.3 	19.1 	20.6 	19.7 	18.4 	16.7 	14.9 	13.2 	12.3 	13.4 	13.0 d	11.6 d	10.7 d	9.6 d	9.0 d
A,Y25-54,PC_POP,F,EU27_2020	: 	: 	: 	: 	: 	: 	6.5 	7.2 	7.4 	8.2 	8.7 	8.4 	7.8 	7.2 	6.5 	5.9 	5.4 	5.6 	5.6 	5.0 	4.9 	4.7 	4.8 
A,Y25-54,PC_POP,F,FI	: 	: 	: 	: 	: 	: 	5.1 	5.2 	4.7 	4.7 	5.2 	5.3 	6.0 	5.9 	5.6 	5.0 	4.1 	4.8 	4.8 	4.7 	4.4 	5.4 	6.3 
A,Y25-54,PC_POP,F,FR	6.7 	6.8 	6.8 	6.5 	5.9 	5.5 	6.4 	6.6 	6.7 	7.0 	7.3 	7.3 	7.2 	7.2 	7.1 	6.8 	6.1 	5.6 	5.7 d	5.3 d	5.6 d	5.4 d	5.7 d
A,Y25-54,PC_POP,F,HR	: 	: 	: 	: 	: 	: 	7.6 	8.8 	9.7 	11.4 	11.9 	13.7 	12.9 	10.3 	8.7 	6.8 	5.3 	5.3 	5.8 	6.0 	5.0 	3.6 	3.1 
A,Y25-54,PC_POP,F,HU	: 	: 	: 	: 	: 	: 	6.6 	7.5 	7.7 	7.4 	7.0 	5.6 	5.2 	3.6 	3.2 	2.9 b	2.6 	3.2 	3.2 	2.8 	3.4 	3.3 	3.5 
A,Y25-54,PC_POP,F,IE	: 	: 	: 	: 	: 	: 	6.1 	7.4 	8.4 	8.6 	8.3 	7.4 	6.1 	5.3 	4.1 	3.8 	3.1 	3.5 	3.8 b	3.1 	2.7 	2.9 	3.1 
A,Y25-54,PC_POP,F,IS	: 	: 	: 	: 	: 	: 	4.2 	4.7 	4.8 	3.8 	4.2 	4.3 	3.3 	2.5 	1.8 	1.7 	2.7 	4.3 b	5.4 	2.9 	2.2 	1.8 	3.2 
A,Y25-54,PC_POP,F,IT	: 	: 	: 	: 	: 	: 	5.5 	5.8 	5.7 	7.3 	8.2 	8.8 	8.0 	8.3 	8.3 	8.0 b	7.6 	6.9 	7.2 	6.5 	6.2 	5.2 	4.9 
A,Y25-54,PC_POP,F,LT	: 	: 	: 	: 	: 	: 	8.4 	11.9 	10.8 	9.8 	8.9 	7.8 	6.9 	5.6 	4.5 	4.1 	4.4 	6.0 	5.2 	4.4 	5.5 	5.1 	5.2 
A,Y25-54,PC_POP,F,LU	: 	: 	: 	: 	: 	: 	3.9 	3.8 	4.3 	4.2 	5.0 	4.1 	5.6 b	4.7 	4.2 	4.8 	4.1 	5.3 	4.3 	3.0 	3.7 	4.9 	5.2 
A,Y25-54,PC_POP,F,LV	: 	: 	: 	: 	: 	: 	11.4 	12.9 	10.5 	10.8 	8.7 	8.0 	7.3 	7.5 	6.4 	5.3 	4.4 	6.0 	5.5 	4.9 	4.5 	4.8 	5.3 
A,Y25-54,PC_POP,F,ME	: 	: 	: 	: 	: 	: 	: 	: 	13.3 	13.8 	12.6 	12.8 	12.1 	11.9 	12.1 	11.3 	11.6 	12.4 	: 	: 	: 	: 	: 
A,Y25-54,PC_POP,F,MK	: 	: 	: 	: 	: 	: 	19.3 	19.9 	19.0 	18.6 	18.0 	17.9 	15.9 	13.9 	13.5 	12.3 	11.9 	10.2 	8.5 b	8.0 	7.8 	7.3 	7.2 
A,Y25-54,PC_POP,F,MT	: 	: 	: 	: 	: 	: 	3.0 	3.1 	3.2 	3.2 	3.3 	2.8 	3.2 	3.0 	2.5 	2.3 	3.3 	3.7 	2.4 	2.5 	2.6 	2.2 	2.1 
A,Y25-54,PC_POP,F,NL	: 	: 	: 	: 	: 	: 	4.3 	4.8 	4.7 	5.2 	6.1 	6.4 	6.2 	5.4 	4.4 	3.5 	3.2 	3.5 	3.0 	2.3 	2.3 	2.5 	2.7 
A,Y25-54,PC_POP,F,NO	: 	: 	: 	: 	: 	: 	1.7 	2.1 	2.1 	1.9 	2.5 	2.7 	3.1 	2.9 	2.7 	2.6 	2.3 	3.0 	2.8 	2.0 	2.1 	2.4 	2.5 
A,Y25-54,PC_POP,F,PL	: 	: 	: 	: 	: 	: 	5.8 	6.8 b	7.1 	7.7 	7.9 	6.9 	5.7 	4.5 	3.4 	2.8 	2.6 b	2.4 	2.5 	2.2 	2.1 	2.4 	2.6 
A,Y25-54,PC_POP,F,PT	: 	: 	: 	: 	: 	: 	7.8 	9.7 	10.5 	12.5 	13.4 	11.5 	9.9 	9.0 	7.4 	5.8 	5.5 	5.6 	5.4 	5.2 	5.4 	5.3 	5.2 
A,Y25-54,PC_POP,F,RO	: 	: 	: 	: 	: 	: 	3.7 	4.6 	4.7 	4.4 	4.5 	4.5 	4.1 	3.4 	2.7 	2.4 	2.3 	3.4 	2.9 	2.9 	3.1 	3.0 	3.6 
A,Y25-54,PC_POP,F,RS	: 	: 	: 	: 	: 	: 	: 	15.7 	17.4 	18.3 	18.9 	16.1 	14.5 	13.3 	11.9 	11.6 	9.0 	7.8 	9.6 	7.7 	7.9 	7.0 	7.2 
A,Y25-54,PC_POP,F,SE	: 	: 	5.7 	4.9 	4.3 	4.3 	5.4 	6.0 	5.3 	5.2 	5.6 	5.4 	5.3 	4.9 	4.8 	4.9 	5.2 	6.6 	6.8 	5.5 	5.8 	6.1 	6.4 
A,Y25-54,PC_POP,F,SI	: 	: 	: 	: 	: 	: 	4.7 	6.0 	7.0 	8.0 	9.3 	9.2 	9.0 	7.7 	6.7 	5.1 	4.3 	4.7 	4.4 	3.4 	2.9 	3.3 	3.2 
A,Y25-54,PC_POP,F,SK	: 	: 	: 	: 	: 	: 	10.3 	11.7 	10.9 b	11.7 	11.8 	11.0 	10.6 	8.6 	6.9 	5.7 	4.6 	5.8 	5.6 	5.2 	5.1 	5.1 	4.8 
A,Y25-54,PC_POP,F,TR	: 	: 	: 	: 	: 	: 	3.4 	3.3 	3.1 	3.0 	3.6 	4.2 b	4.5 	5.2 	5.4 	5.6 	6.6 	5.4 	5.7 b	5.8 	5.6 	5.3 	4.9 
A,Y25-54,PC_POP,M,AT	: 	: 	: 	: 	: 	: 	4.9 	4.6 	4.0 	4.4 	5.1 	5.4 	5.5 	5.7 	5.6 	4.7 	4.3 	5.0 	5.4 	4.1 	4.4 	4.7 	5.1 
A,Y25-54,PC_POP,M,BA	: 	: 	: 	: 	: 	: 	: 	: 	: 	: 	: 	: 	: 	: 	: 	: 	: 	: 	11.0 	9.8 	8.5 	8.2 	7.3 
A,Y25-54,PC_POP,M,BE	: 	: 	: 	: 	: 	: 	6.2 	6.7 	5.9 	6.3 	7.0 	7.5 	7.5 	6.7 	5.7 b	5.2 	4.6 	4.7 	5.1 	4.6 	4.8 	4.8 	5.2 
A,Y25-54,PC_POP,M,BG	: 	: 	: 	: 	: 	: 	6.2 	9.4 b	10.6 b	11.4 	11.6 	10.7 	8.7 	7.4 	6.1 	5.7 	5.0 b	5.7 	4.5 	3.7 	3.8 	3.9 b	3.1 
A,Y25-54,PC_POP,M,CH	: 	: 	: 	: 	: 	: 	: 	4.0 b	3.5 	3.6 	4.1 	4.2 	3.9 	4.3 	4.1 	3.7 	3.3 	4.0 	4.2 	3.3 	3.1 	3.5 	4.5 
A,Y25-54,PC_POP,M,CY	: 	: 	: 	: 	: 	: 	4.3 	5.1 	6.7 	10.5 	13.6 	13.9 	12.0 	10.6 	9.3 	6.5 	5.5 	6.6 	6.3 	4.8 	4.8 	4.2 	3.6 
A,Y25-54,PC_POP,M,CZ	: 	: 	: 	: 	: 	: 	4.6 	5.0 	4.4 b	4.6 	4.7 	4.2 	3.5 	2.7 	2.0 	1.5 	1.4 	2.0 	2.0 	1.5 	1.8 	1.9 	1.9 
A,Y25-54,PC_POP,M,DE	: 	: 	: 	: 	: 	: 	6.4 	5.8 b	4.7 b	4.3 	4.3 	4.1 	3.9 	3.5 	3.2 	3.0 	2.8 	3.3 b	3.4 	2.9 	2.9 	3.4 	3.8 
A,Y25-54,PC_POP,M,DK	: 	: 	: 	: 	: 	: 	5.5 	6.7 	5.7 	6.0 	5.3 	4.9 	4.9 	4.1 b	4.3 b	3.7 	3.8 	3.9 	3.8 	3.2 	3.8 b	4.2 	5.0 
A,Y25-54,PC_POP,M,EA20	: 	: 	: 	: 	: 	: 	7.7 	8.3 	8.4 	9.6 	10.2 	9.7 	9.0 	8.1 	7.3 	6.6 	6.0 	6.3 	6.2 	5.3 	5.2 	5.1 	5.1 
A,Y25-54,PC_POP,M,EA21	: 	: 	: 	: 	: 	: 	7.7 	8.3 	8.4 	9.6 	10.2 	9.8 	9.0 	8.1 	7.3 	6.5 	6.0 	6.3 	6.1 	5.3 	5.1 	5.1 	5.1 
A,Y25-54,PC_POP,M,EE	: 	: 	: 	: 	: 	: 	14.5 	16.0 	10.5 	9.0 	7.7 	6.6 	5.1 	5.9 	4.9 	4.1 	3.0 	5.5 	5.3 	4.7 	4.9 	6.4 	6.8 
A,Y25-54,PC_POP,M,EL	: 	: 	: 	: 	: 	: 	6.2 	9.1 	13.8 	20.0 	22.5 	21.5 	19.5 	17.5 	15.9 	14.0 	12.8 	12.6 	9.9 	8.1 	7.7 	7.4 	6.4 
A,Y25-54,PC_POP,M,ES	: 	: 	: 	: 	: 	: 	14.9 	16.6 	17.9 	21.3 	22.0 	20.1 	17.5 	15.1 	12.8 	11.2 	10.1 	11.3 	10.8 d	9.3 d	8.4 d	8.1 d	7.3 d
A,Y25-54,PC_POP,M,EU27_2020	: 	: 	: 	: 	: 	: 	7.3 	8.0 	8.0 	9.0 	9.5 	9.0 	8.3 	7.4 	6.6 	5.8 	5.3 	5.7 	5.5 	4.8 	4.7 	4.7 	4.8 
A,Y25-54,PC_POP,M,FI	: 	: 	: 	: 	: 	: 	6.6 	6.8 	6.2 	6.1 	6.3 	7.0 	7.2 	6.9 	6.6 	5.6 	4.8 	5.3 	6.3 	5.0 	5.7 	6.9 	7.8 
A,Y25-54,PC_POP,M,FR	6.3 	6.6 	6.6 	6.5 	6.1 	5.5 	6.9 	7.2 	7.2 	7.9 	8.5 	8.6 	8.7 	8.2 	7.6 	7.2 	6.8 	6.5 	6.3 d	5.8 d	5.8 d	5.9 d	6.0 d
A,Y25-54,PC_POP,M,HR	: 	: 	: 	: 	: 	: 	5.2 	7.7 	10.2 	12.3 	13.1 	12.1 	11.5 	8.9 	7.9 	5.8 	5.1 	5.9 	5.9 	4.7 	4.4 	4.1 	4.1 
A,Y25-54,PC_POP,M,HU	: 	: 	: 	: 	: 	: 	8.0 	9.3 	8.8 	9.2 	8.1 	5.9 	5.1 	4.2 	3.2 	2.9 b	2.6 	3.4 	3.1 	3.0 	3.3 	3.7 	4.0 
A,Y25-54,PC_POP,M,IE	: 	: 	: 	: 	: 	: 	11.8 	13.7 	14.2 	14.0 	11.8 	10.1 	8.5 	7.1 	5.6 	4.3 	3.8 	4.2 	4.7 b	3.4 	3.4 	3.3 	3.7 
A,Y25-54,PC_POP,M,IS	: 	: 	: 	: 	: 	: 	6.6 	6.5 	5.2 	4.3 	4.0 	3.5 	2.4 	2.1 	1.6 	2.1 	2.6 	5.1 b	4.5 	3.0 	3.3 	3.1 	4.2 
A,Y25-54,PC_POP,M,IT	: 	: 	: 	: 	: 	: 	5.3 	5.9 	5.9 	7.8 	9.2 	9.6 	9.2 	8.9 	8.6 	8.1 b	7.6 	7.0 	7.1 	5.9 	5.7 	5.0 	4.9 
A,Y25-54,PC_POP,M,LT	: 	: 	: 	: 	: 	: 	13.9 	17.8 	15.0 	12.8 	10.8 	10.1 	8.6 	7.6 	7.4 	5.8 	6.0 	7.4 	6.4 	5.4 	5.6 	6.1 	5.8 
A,Y25-54,PC_POP,M,LU	: 	: 	: 	: 	: 	: 	3.3 	2.9 	3.1 	3.6 	4.3 	4.4 	4.7 b	4.6 	4.4 	4.2 	4.3 	4.9 	3.4 	3.2 	3.7 	4.9 	5.2 
A,Y25-54,PC_POP,M,LV	: 	: 	: 	: 	: 	: 	17.5 	19.4 	15.8 	13.6 	10.7 	10.1 	9.5 	8.9 	8.3 	7.5 	6.1 	8.2 	8.0 	6.9 	6.7 	7.3 	6.8 
A,Y25-54,PC_POP,M,ME	: 	: 	: 	: 	: 	: 	: 	: 	15.3 	15.1 	15.5 	13.8 	13.7 	15.1 	13.1 	12.8 	12.9 	13.9 	: 	: 	: 	: 	: 
A,Y25-54,PC_POP,M,MK	: 	: 	: 	: 	: 	: 	27.0 	27.2 	26.4 	26.7 	24.4 	23.3 	22.7 	20.9 	19.2 	17.5 	14.4 	14.1 	14.5 b	13.9 	12.7 	11.0 	9.9 
A,Y25-54,PC_POP,M,MT	: 	: 	: 	: 	: 	: 	4.6 	5.5 	4.9 	4.4 	4.6 	4.6 	3.9 	3.5 	3.0 	3.2 	3.1 	3.6 	2.9 	2.9 	2.8 	2.5 	2.4 
A,Y25-54,PC_POP,M,NL	: 	: 	: 	: 	: 	: 	2.7 	3.3 	3.7 	4.4 	5.9 	5.8 	5.1 	4.1 	3.5 	2.9 	2.8 	3.1 	2.5 	2.2 	2.2 	2.2 	2.5 
A,Y25-54,PC_POP,M,NO	: 	: 	: 	: 	: 	: 	2.5 	3.2 	2.6 	2.6 	2.8 	2.9 	3.8 	4.3 	3.4 	3.1 	2.9 	3.6 	3.4 	2.2 	2.5 	2.8 	3.0 
A,Y25-54,PC_POP,M,PL	: 	: 	: 	: 	: 	: 	5.7 	7.1 b	6.7 	7.2 	7.4 	6.5 	5.6 	4.7 	3.7 	2.9 	2.3 b	2.4 	2.6 	2.2 	2.1 	2.0 	2.2 
A,Y25-54,PC_POP,M,PT	: 	: 	: 	: 	: 	: 	9.3 	10.0 	10.7 	13.5 	14.1 	11.0 	9.9 	8.9 	6.8 	5.2 	4.7 	5.2 	4.9 	4.8 	4.8 	4.7 	4.4 
A,Y25-54,PC_POP,M,RO	: 	: 	: 	: 	: 	: 	6.2 	6.8 	6.5 	6.5 	6.9 	6.6 	6.9 	6.0 	5.1 	4.3 	3.9 	4.8 	4.5 	4.6 	4.6 	4.4 	4.7 
A,Y25-54,PC_POP,M,RS	: 	: 	: 	: 	: 	: 	: 	15.4 	18.9 	19.3 	18.3 	16.1 	15.0 	13.9 	12.1 	11.3 	9.1 	7.7 	8.9 	7.7 	7.4 	7.0 	7.4 
A,Y25-54,PC_POP,M,SE	: 	: 	5.9 	5.0 	4.0 	3.9 	6.1 	6.0 	5.5 	5.9 	5.8 	5.8 	5.6 	5.4 	5.4 	5.0 	4.9 	6.4 	6.1 	5.0 	5.2 	5.7 	6.3 
A,Y25-54,PC_POP,M,SI	: 	: 	: 	: 	: 	: 	4.8 	6.4 	7.0 	6.9 	8.2 	7.6 	6.7 	6.3 	4.8 	3.9 	3.4 	3.7 	3.5 	3.0 	2.7 	2.3 	2.7 
A,Y25-54,PC_POP,M,SK	: 	: 	: 	: 	: 	: 	9.1 	11.2 	10.7 b	10.5 	11.1 	10.5 	8.2 	7.0 	6.6 	5.1 	4.7 	5.2 	5.6 	5.0 	4.7 	3.9 	4.5 
A,Y25-54,PC_POP,M,TR	: 	: 	: 	: 	: 	: 	9.7 	8.1 	6.5 	6.0 	6.1 	7.0 b	7.2 	7.6 	7.4 	7.5 	10.0 	9.9 	8.6 b	7.2 	6.1 	5.6 	5.4 
A,Y25-54,PC_POP,T,AT	: 	: 	: 	: 	: 	: 	4.4 	4.1 	3.8 	4.1 	4.7 	4.9 	4.9 	5.2 	4.9 	4.2 	4.0 	4.9 	5.2 	3.9 	4.1 	4.3 	4.8 
A,Y25-54,PC_POP,T,BA	: 	: 	: 	: 	: 	: 	: 	: 	: 	: 	: 	: 	: 	: 	: 	: 	: 	: 	11.9 	10.6 	9.4 	9.5 	8.9 
A,Y25-54,PC_POP,T,BE	: 	: 	: 	: 	: 	: 	5.9 	6.4 	5.5 	5.8 	6.4 	6.6 	6.7 	6.1 	5.4 b	4.6 	4.1 	4.3 	4.7 	4.2 	4.2 	4.3 	4.7 
A,Y25-54,PC_POP,T,BG	: 	: 	: 	: 	: 	: 	5.9 	8.6 b	9.4 b	10.0 	10.6 	9.6 	7.8 	6.7 	5.8 	5.1 	4.4 b	5.1 	4.2 	3.5 	3.6 	3.6 b	2.8 
A,Y25-54,PC_POP,T,CH	: 	: 	: 	: 	: 	: 	: 	4.0 b	3.6 	3.7 	4.0 	4.2 	3.9 	4.3 	4.2 	4.1 	3.7 	4.2 	4.3 	3.5 	3.3 	3.7 	4.3 
A,Y25-54,PC_POP,T,CY	: 	: 	: 	: 	: 	: 	4.0 	4.7 	6.0 	9.2 	12.2 	12.3 	11.5 	10.2 	9.1 	6.8 	5.9 	6.4 	6.0 	5.1 	4.8 	4.1 	3.7 
A,Y25-54,PC_POP,T,CZ	: 	: 	: 	: 	: 	: 	5.2 	5.7 	5.2 b	5.4 	5.5 	5.0 	4.1 	3.2 	2.4 	1.8 	1.6 	2.1 	2.3 	1.8 	2.1 	2.1 	2.1 
A,Y25-54,PC_POP,T,DE	: 	: 	: 	: 	: 	: 	5.8 	5.2 b	4.3 b	4.0 	3.9 	3.7 	3.5 	3.1 	2.8 	2.5 	2.4 	2.9 b	2.9 	2.6 	2.6 	3.0 	3.4 
A,Y25-54,PC_POP,T,DK	: 	: 	: 	: 	: 	: 	4.8 	5.9 	5.8 	5.9 	5.7 	5.2 	4.9 	4.6 b	4.4 b	3.9 	3.9 	4.3 	3.7 	3.2 	3.9 b	4.4 	4.9 
A,Y25-54,PC_POP,T,EA20	: 	: 	: 	: 	: 	: 	7.3 	7.9 	8.0 	9.1 	9.7 	9.4 	8.7 	8.1 	7.3 	6.6 	6.1 	6.3 	6.2 	5.5 	5.3 	5.1 	5.1 
A,Y25-54,PC_POP,T,EA21	: 	: 	: 	: 	: 	: 	7.3 	7.9 	8.0 	9.1 	9.7 	9.4 	8.7 	8.0 	7.3 	6.6 	6.1 	6.3 	6.2 	5.4 	5.3 	5.1 	5.1 
A,Y25-54,PC_POP,T,EE	: 	: 	: 	: 	: 	: 	11.3 	13.4 	10.1 	8.3 	7.2 	6.2 	5.0 	5.3 	4.7 	4.2 	3.5 	5.3 	4.8 	4.3 	5.1 	6.4 	6.3 
A,Y25-54,PC_POP,T,EL	: 	: 	: 	: 	: 	: 	7.6 	10.2 	14.5 	20.1 	22.8 	22.0 	20.9 	19.8 	17.9 	16.4 	15.1 	14.2 	12.0 	10.3 	9.4 	8.7 	7.5 
A,Y25-54,PC_POP,T,ES	: 	: 	: 	: 	: 	: 	13.9 	15.7 	17.1 	20.2 	21.3 	19.9 	18.0 	15.9 	13.9 	12.2 	11.2 	12.4 	11.9 d	10.4 d	9.5 d	8.9 d	8.2 d
A,Y25-54,PC_POP,T,EU27_2020	: 	: 	: 	: 	: 	: 	6.9 	7.6 	7.7 	8.6 	9.1 	8.7 	8.0 	7.3 	6.5 	5.9 	5.4 	5.7 	5.6 	4.9 	4.8 	4.7 	4.8 
A,Y25-54,PC_POP,T,FI	: 	: 	: 	: 	: 	: 	5.8 	6.0 	5.5 	5.4 	5.7 	6.2 	6.6 	6.4 	6.1 	5.3 	4.4 	5.0 	5.6 	4.9 	5.1 	6.2 	7.1 
A,Y25-54,PC_POP,T,FR	6.5 	6.7 	6.7 	6.5 	6.0 	5.5 	6.7 	6.9 	7.0 	7.4 	7.9 	7.9 	7.9 	7.7 	7.3 	7.0 	6.4 	6.1 	6.0 d	5.5 d	5.7 d	5.6 d	5.8 d
A,Y25-54,PC_POP,T,HR	: 	: 	: 	: 	: 	: 	6.4 	8.2 	9.9 	11.9 	12.5 	12.9 	12.2 	9.6 	8.3 	6.3 	5.2 	5.6 	5.8 	5.4 	4.7 	3.9 	3.6 
A,Y25-54,PC_POP,T,HU	: 	: 	: 	: 	: 	: 	7.3 	8.4 	8.2 	8.3 	7.6 	5.8 	5.2 	3.9 	3.2 	2.9 b	2.6 	3.3 	3.2 	2.9 	3.3 	3.5 	3.7 
A,Y25-54,PC_POP,T,IE	: 	: 	: 	: 	: 	: 	8.9 	10.5 	11.3 	11.3 	10.0 	8.7 	7.2 	6.1 	4.8 	4.0 	3.5 	3.9 	4.3 b	3.3 	3.0 	3.1 	3.4 
A,Y25-54,PC_POP,T,IS	: 	: 	: 	: 	: 	: 	5.4 	5.6 	5.0 	4.0 	4.1 	3.9 	2.9 	2.3 	1.7 	1.9 	2.6 	4.7 b	4.9 	2.9 	2.8 	2.5 	3.7 
A,Y25-54,PC_POP,T,IT	: 	: 	: 	: 	: 	: 	5.4 	5.8 	5.8 	7.6 	8.7 	9.2 	8.6 	8.6 	8.5 	8.0 b	7.6 	6.9 	7.1 	6.2 	6.0 	5.1 	4.9 
A,Y25-54,PC_POP,T,LT	: 	: 	: 	: 	: 	: 	11.1 	14.8 	12.8 	11.3 	9.8 	8.9 	7.7 	6.6 	5.9 	5.0 	5.2 	6.7 	5.8 	4.9 	5.6 	5.6 	5.5 
A,Y25-54,PC_POP,T,LU	: 	: 	: 	: 	: 	: 	3.6 	3.4 	3.7 	3.9 	4.7 	4.3 	5.1 b	4.6 	4.3 	4.5 	4.2 	5.1 	3.8 	3.1 	3.7 	4.9 	5.2 
A,Y25-54,PC_POP,T,LV	: 	: 	: 	: 	: 	: 	14.4 	16.1 	13.1 	12.1 	9.7 	9.0 	8.4 	8.2 	7.3 	6.4 	5.3 	7.1 	6.8 	5.9 	5.6 	6.1 	6.1 
A,Y25-54,PC_POP,T,ME	: 	: 	: 	: 	: 	: 	: 	: 	14.3 	14.4 	14.0 	13.3 	12.9 	13.5 	12.6 	12.1 	12.3 	13.2 	: 	: 	: 	: 	: 
A,Y25-54,PC_POP,T,MK	: 	: 	: 	: 	: 	: 	23.2 	23.6 	22.8 	22.7 	21.3 	20.7 	19.4 	17.5 	16.4 	14.9 	13.2 	12.2 	11.5 b	11.0 	10.3 	9.2 	8.5 
A,Y25-54,PC_POP,T,MT	: 	: 	: 	: 	: 	: 	3.8 	4.3 	4.1 	3.8 	3.9 	3.7 	3.5 	3.2 	2.7 	2.7 	3.2 	3.6 	2.7 	2.7 	2.7 	2.4 	2.3 
A,Y25-54,PC_POP,T,NL	: 	: 	: 	: 	: 	: 	3.5 	4.1 	4.2 	4.8 	6.0 	6.1 	5.6 	4.8 	4.0 	3.2 	3.0 	3.3 	2.7 	2.2 	2.3 	2.4 	2.6 
A,Y25-54,PC_POP,T,NO	: 	: 	: 	: 	: 	: 	2.1 	2.7 	2.3 	2.2 	2.7 	2.8 	3.5 	3.6 	3.0 	2.9 	2.6 	3.3 	3.1 	2.1 	2.3 	2.6 	2.8 
A,Y25-54,PC_POP,T,PL	: 	: 	: 	: 	: 	: 	5.8 	7.0 b	6.9 	7.4 	7.7 	6.7 	5.7 	4.6 	3.6 	2.9 	2.4 b	2.4 	2.6 	2.2 	2.1 	2.2 	2.4 
A,Y25-54,PC_POP,T,PT	: 	: 	: 	: 	: 	: 	8.5 	9.9 	10.6 	13.0 	13.7 	11.3 	9.9 	8.9 	7.1 	5.5 	5.1 	5.4 	5.2 	5.0 	5.1 	5.0 	4.8 
A,Y25-54,PC_POP,T,RO	: 	: 	: 	: 	: 	: 	4.9 	5.7 	5.6 	5.5 	5.7 	5.5 	5.6 	4.8 	3.9 	3.4 	3.1 	4.1 	3.7 	3.8 	3.9 	3.7 	4.1 
A,Y25-54,PC_POP,T,RS	: 	: 	: 	: 	: 	: 	: 	15.6 	18.2 	18.8 	18.6 	16.1 	14.8 	13.6 	12.0 	11.4 	9.1 	7.7 	9.3 	7.7 	7.7 	7.0 	7.3 
A,Y25-54,PC_POP,T,SE	: 	: 	5.8 	5.0 	4.2 	4.1 	5.8 	6.0 	5.4 	5.6 	5.7 	5.6 	5.5 	5.2 	5.1 	4.9 	5.1 	6.5 	6.4 	5.2 	5.5 	5.9 	6.4 
A,Y25-54,PC_POP,T,SI	: 	: 	: 	: 	: 	: 	4.8 	6.2 	7.0 	7.4 	8.7 	8.4 	7.8 	6.9 	5.7 	4.5 	3.8 	4.2 	3.9 	3.2 	2.8 	2.8 	3.0 
A,Y25-54,PC_POP,T,SK	: 	: 	: 	: 	: 	: 	9.7 	11.4 	10.8 b	11.1 	11.5 	10.8 	9.4 	7.8 	6.7 	5.4 	4.6 	5.5 	5.6 	5.1 	4.9 	4.5 	4.7 
A,Y25-54,PC_POP,T,TR	: 	: 	: 	: 	: 	: 	6.6 	5.7 	4.8 	4.5 	4.9 	5.6 b	5.9 	6.4 	6.4 	6.6 	8.3 	7.7 	7.2 b	6.5 	5.8 	5.4 	5.2 
A,Y25-54,THS_PER,F,AT	: 	: 	: 	: 	: 	: 	70 	66 	65 	69 	78 	81 	79 	84 	78 	68 	69 	86 	90 	67 	70 	71 	80 
A,Y25-54,THS_PER,F,BA	: 	: 	: 	: 	: 	: 	: 	: 	: 	: 	: 	: 	: 	: 	: 	: 	: 	: 	89 	80 	72 	74 	72 
A,Y25-54,THS_PER,F,BE	: 	: 	: 	: 	: 	: 	123 	136 	113 	119 	130 	129 	131 	125 	113 b	92 	81 	90 	95 	88 	83 	88 	94 
A,Y25-54,THS_PER,F,BG	: 	: 	: 	: 	: 	: 	88 	118 b	123 b	130 	141 	124 	102 	86 	79 	64 	50 b	58 	50 	41 	43 	39 b	31 
A,Y25-54,THS_PER,F,CH	: 	: 	: 	: 	: 	: 	: 	69 b	63 	64 	68 	72 	70 	75 	78 	81 	73 	79 	80 	68 	65 	71 	75 
A,Y25-54,THS_PER,F,CY	: 	: 	: 	: 	: 	: 	7 	8 	10 	16 	22 	21 	21 	19 	17 	13 	12 	13 	12 	12 	10 	9 	8 
A,Y25-54,THS_PER,F,CZ	: 	: 	: 	: 	: 	: 	132 	144 	135 b	140 	143 	129 	105 	82 	63 	49 	42 	51 	60 	46 	48 	50 	51 
A,Y25-54,THS_PER,F,DE	: 	: 	: 	: 	: 	: 	869 	759 b	642 b	603 	569 	539 	494 	437 	380 	334 	312 	373 b	376 	350 	363 	415 	469 
A,Y25-54,THS_PER,F,DK	: 	: 	: 	: 	: 	: 	46 	56 	64 	63 	66 	60 	55 	56 b	50 b	45 	45 	51 	40 	35 	44 b	53 	54 
A,Y25-54,THS_PER,F,EA20	: 	: 	: 	: 	: 	: 	4987 	5381 	5480 	6174 	6557 	6400 	5982 	5623 	5125 	4622 	4257 	4303 	4208 	3778 	3662 	3468 	3447 
A,Y25-54,THS_PER,F,EA21	: 	: 	: 	: 	: 	: 	5075 	5499 	5603 	6304 	6698 	6523 	6084 	5709 	5204 	4686 	4307 	4361 	4258 	3819 	3705 	3507 	3478 
A,Y25-54,THS_PER,F,EE	: 	: 	: 	: 	: 	: 	23 	30 	27 	21 	19 	16 	13 	13 	12 	11 	11 	14 	11 	10 	15 	17 	15 
A,Y25-54,THS_PER,F,EL	: 	: 	: 	: 	: 	: 	217 	274 	361 	477 	540 	520 	507 	497 	444 	412 	378 	340 	297 	256 	226 	198 	169 
A,Y25-54,THS_PER,F,ES	: 	: 	: 	: 	: 	: 	1361 	1589 	1744 	2028 	2164 	2045 	1886 	1699 	1504 	1329 	1236 	1342 	1287 d	1144 d	1066 d	962 d	897 d
A,Y25-54,THS_PER,F,EU27_2020	: 	: 	: 	: 	: 	: 	6144 	6695 	6818 	7538 	7957 	7644 	7054 	6495 	5847 	5241 	4841 	4974 	4865 	4346 	4258 	4092 	4106 
A,Y25-54,THS_PER,F,FI	: 	: 	: 	: 	: 	: 	53 	53 	48 	48 	53 	55 	62 	60 	57 	51 	42 	48 	49 	48 	45 	56 	66 
A,Y25-54,THS_PER,F,FR	865 	883 	883 	850 	767 	720 	835 	860 	872 	904 	944 	947 	925 	921 	904 	865 	776 	717 	724 d	678 d	710 d	684 d	724 d
A,Y25-54,THS_PER,F,HR	: 	: 	: 	: 	: 	: 	68 	78 	85 	100 	103 	116 	108 	84 	70 	53 	40 	40 	43 	44 	36 	26 	23 
A,Y25-54,THS_PER,F,HU	: 	: 	: 	: 	: 	: 	141 	158 	161 	152 	144 	114 	105 	73 	65 	58 b	52 	65 	64 	56 	66 	65 	67 
A,Y25-54,THS_PER,F,IE	: 	: 	: 	: 	: 	: 	61 	75 	86 	87 	85 	75 	62 	54 	43 	39 	32 	37 	41 b	35 	30 	33 	36 
A,Y25-54,THS_PER,F,IS	: 	: 	: 	: 	: 	: 	3 	3 	3 	2 	3 	3 	2 	2 	1 	1 	2 	3 b	4 	2 	2 	1 	3 
A,Y25-54,THS_PER,F,IT	: 	: 	: 	: 	: 	: 	706 	745 	738 	944 	1055 	1121 	1019 	1042 	1026 	973 b	920 	814 	830 	738 	689 	583 	537 
A,Y25-54,THS_PER,F,LT	: 	: 	: 	: 	: 	: 	58 	81 	70 	63 	56 	48 	42 	33 	26 	23 	25 	33 	28 	25 	31 	29 	29 
A,Y25-54,THS_PER,F,LU	: 	: 	: 	: 	: 	: 	4 	4 	5 	5 	6 	5 	7 b	6 	6 	6 	6 	7 	6 	4 	5 	7 	8 
A,Y25-54,THS_PER,F,LV	: 	: 	: 	: 	: 	: 	53 	58 	47 	47 	38 	33 	30 	30 	25 	21 	17 	23 	20 	18 	16 	17 	19 
A,Y25-54,THS_PER,F,ME	: 	: 	: 	: 	: 	: 	: 	: 	17 	18 	16 	17 	16 	16 	16 	15 	15 	16 	: 	: 	: 	: 	: 
A,Y25-54,THS_PER,F,MK	: 	: 	: 	: 	: 	: 	85 	88 	85 	83 	81 	81 	72 	63 	61 	56 	54 	46 	31 b	30 	29 	26 	26 
A,Y25-54,THS_PER,F,MT	: 	: 	: 	: 	: 	: 	2 	3 	3 	3 	3 	2 	3 	3 	2 	2 	4 	4 	3 	3 	3 	3 	3 
A,Y25-54,THS_PER,F,NL	: 	: 	: 	: 	: 	: 	148 	164 	159 	176 	207 	217 	206 	181 	149 	116 	108 	117 	100 	77 	79 	86 	92 
A,Y25-54,THS_PER,F,NO	: 	: 	: 	: 	: 	: 	17 	21 	21 	19 	26 	28 	32 	30 	28 	28 	25 	32 	30 	21 	23 	26 	27 
A,Y25-54,THS_PER,F,PL	: 	: 	: 	: 	: 	: 	481 	536 b	560 	597 	615 	532 	435 	341 	260 	208 	201 b	182 	192 	165 	160 	179 	196 
A,Y25-54,THS_PER,F,PT	: 	: 	: 	: 	: 	: 	183 	227 	243 	288 	304 	257 	220 	196 	160 	124 	116 	119 	113 	108 	113 	112 	110 
A,Y25-54,THS_PER,F,RO	: 	: 	: 	: 	: 	: 	172 	194 	199 	186 	189 	185 	170 	142 	111 	98 	90 	135 	115 	116 	120 	116 	131 
A,Y25-54,THS_PER,F,RS	: 	: 	: 	: 	: 	: 	: 	233 	256 	266 	271 	229 	204 	184 	164 	158 	121 	104 	127 	101 	103 	89 	91 
A,Y25-54,THS_PER,F,SE	: 	: 	100 	87 	77 	76 	97 	107 	96 	95 	103 	100 	100 	94 	94 	96 	104 	131 	136 	109 	115 	123 	129 
A,Y25-54,THS_PER,F,SI	: 	: 	: 	: 	: 	: 	21 	27 	31 	35 	40 	39 	38 	32 	28 	21 	18 	19 	17 	13 	11 	13 	12 
A,Y25-54,THS_PER,F,SK	: 	: 	: 	: 	: 	: 	126 	143 	132 b	141 	142 	132 	127 	104 	82 	68 	54 	68 	66 	60 	59 	58 	55 
A,Y25-54,THS_PER,F,TR	: 	: 	: 	: 	: 	: 	511 	508 	481 	484 	581 	690 b	750 	871 	921 	960 	1148 	947 	1012 b	1041 	1016 	967 	906 
A,Y25-54,THS_PER,M,AT	: 	: 	: 	: 	: 	: 	90 	84 	72 	80 	92 	99 	101 	107 	104 	88 	79 	93 	99 	76 	81 	87 	93 
A,Y25-54,THS_PER,M,BA	: 	: 	: 	: 	: 	: 	: 	: 	: 	: 	: 	: 	: 	: 	: 	: 	: 	: 	79 	70 	61 	59 	52 
A,Y25-54,THS_PER,M,BE	: 	: 	: 	: 	: 	: 	141 	153 	134 	144 	160 	172 	171 	153 	129 b	117 	104 	106 	115 	104 	109 	109 	118 
A,Y25-54,THS_PER,M,BG	: 	: 	: 	: 	: 	: 	99 	149 b	167 b	178 	181 	166 	135 	114 	93 	85 	69 b	76 	59 	48 	49 	50 b	39 
A,Y25-54,THS_PER,M,CH	: 	: 	: 	: 	: 	: 	: 	69 b	61 	64 	72 	76 	71 	79 	74 	68 	61 	73 	76 	61 	57 	65 	84 
A,Y25-54,THS_PER,M,CY	: 	: 	: 	: 	: 	: 	7 	9 	12 	19 	24 	24 	21 	18 	16 	12 	10 	13 	12 	9 	10 	9 	8 
A,Y25-54,THS_PER,M,CZ	: 	: 	: 	: 	: 	: 	108 	117 	103 b	107 	109 	97 	83 	63 	46 	34 	33 	47 	47 	33 	40 	41 	41 
A,Y25-54,THS_PER,M,DE	: 	: 	: 	: 	: 	: 	1131 	993 b	796 b	724 	718 	697 	658 	598 	548 	500 	453 	537 b	546 	467 	464 	538 	611 
A,Y25-54,THS_PER,M,DK	: 	: 	: 	: 	: 	: 	61 	75 	64 	67 	59 	55 	55 	47 b	49 b	42 	43 	45 	43 	37 	44 b	48 	58 
A,Y25-54,THS_PER,M,EA20	: 	: 	: 	: 	: 	: 	5592 	5969 	5976 	6804 	7202 	6860 	6316 	5685 	5076 	4522 	4140 	4290 	4162 	3565 	3471 	3443 	3467 
A,Y25-54,THS_PER,M,EA21	: 	: 	: 	: 	: 	: 	5691 	6118 	6143 	6982 	7383 	7026 	6451 	5799 	5169 	4607 	4208 	4366 	4221 	3613 	3520 	3493 	3507 
A,Y25-54,THS_PER,M,EE	: 	: 	: 	: 	: 	: 	40 	44 	29 	25 	21 	18 	14 	16 	13 	11 	8 	15 	15 	13 	14 	18 	19 
A,Y25-54,THS_PER,M,EL	: 	: 	: 	: 	: 	: 	150 	217 	328 	468 	521 	494 	445 	396 	355 	309 	278 	270 	209 	171 	159 	153 	129 
A,Y25-54,THS_PER,M,ES	: 	: 	: 	: 	: 	: 	1642 	1827 	1967 	2317 	2352 	2110 	1820 	1546 	1295 	1127 	1019 	1132 	1084 d	926 d	843 d	814 d	742 d
A,Y25-54,THS_PER,M,EU27_2020	: 	: 	: 	: 	: 	: 	6896 	7476 	7408 	8302 	8707 	8209 	7544 	6722 	5940 	5255 	4783 	5050 	4897 	4215 	4121 	4106 	4162 
A,Y25-54,THS_PER,M,FI	: 	: 	: 	: 	: 	: 	70 	73 	66 	65 	67 	74 	77 	73 	71 	60 	51 	56 	68 	54 	62 	75 	86 
A,Y25-54,THS_PER,M,FR	797 	822 	823 	809 	764 	684 	863 	897 	897 	982 	1054 	1061 	1080 	1008 	930 	879 	821 	787 	761 d	699 d	708 d	707 d	729 d
A,Y25-54,THS_PER,M,HR	: 	: 	: 	: 	: 	: 	47 	69 	91 	108 	113 	102 	95 	72 	62 	45 	38 	44 	44 	35 	33 	31 	32 
A,Y25-54,THS_PER,M,HU	: 	: 	: 	: 	: 	: 	168 	193 	179 	188 	165 	121 	104 	85 	65 	60 b	53 	70 	65 	62 	67 	75 	80 
A,Y25-54,THS_PER,M,IE	: 	: 	: 	: 	: 	: 	119 	137 	143 	140 	117 	100 	84 	70 	56 	43 	39 	43 	49 b	36 	37 	36 	42 
A,Y25-54,THS_PER,M,IS	: 	: 	: 	: 	: 	: 	4 	4 	3 	3 	3 	2 	2 	1 	1 	2 	2 	4 b	3 	2 	3 	3 	4 
A,Y25-54,THS_PER,M,IT	: 	: 	: 	: 	: 	: 	679 	753 	750 	985 	1165 	1204 	1143 	1104 	1058 	978 b	914 	823 	822 	669 	646 	564 	545 
A,Y25-54,THS_PER,M,LT	: 	: 	: 	: 	: 	: 	90 	114 	91 	77 	64 	59 	50 	43 	41 	32 	34 	42 	37 	30 	33 	37 	35 
A,Y25-54,THS_PER,M,LU	: 	: 	: 	: 	: 	: 	4 	3 	4 	4 	5 	5 	6 b	6 	6 	6 	6 	7 	5 	5 	6 	8 	8 
A,Y25-54,THS_PER,M,LV	: 	: 	: 	: 	: 	: 	76 	83 	66 	56 	44 	41 	38 	35 	32 	29 	23 	31 	30 	25 	24 	26 	25 
A,Y25-54,THS_PER,M,ME	: 	: 	: 	: 	: 	: 	: 	: 	20 	20 	20 	18 	18 	20 	17 	17 	17 	18 	: 	: 	: 	: 	: 
A,Y25-54,THS_PER,M,MK	: 	: 	: 	: 	: 	: 	124 	125 	121 	124 	114 	109 	106 	98 	90 	82 	68 	66 	55 b	52 	47 	41 	36 
A,Y25-54,THS_PER,M,MT	: 	: 	: 	: 	: 	: 	4 	5 	4 	4 	4 	4 	4 	3 	3 	4 	4 	5 	4 	4 	4 	4 	4 
A,Y25-54,THS_PER,M,NL	: 	: 	: 	: 	: 	: 	95 	115 	125 	151 	203 	197 	171 	139 	116 	98 	92 	102 	82 	73 	74 	75 	85 
A,Y25-54,THS_PER,M,NO	: 	: 	: 	: 	: 	: 	26 	33 	27 	27 	30 	32 	42 	47 	38 	35 	33 	40 	38 	25 	29 	32 	35 
A,Y25-54,THS_PER,M,PL	: 	: 	: 	: 	: 	: 	460 	565 b	535 	568 	581 	512 	440 	361 	286 	226 	179 b	187 	208 	174 	160 	152 	166 
A,Y25-54,THS_PER,M,PT	: 	: 	: 	: 	: 	: 	208 	224 	236 	294 	301 	232 	206 	183 	137 	103 	93 	103 	97 	94 	95 	95 	91 
A,Y25-54,THS_PER,M,RO	: 	: 	: 	: 	: 	: 	296 	296 	281 	280 	298 	286 	302 	260 	217 	184 	164 	202 	188 	191 	182 	177 	181 
A,Y25-54,THS_PER,M,RS	: 	: 	: 	: 	: 	: 	: 	229 	277 	280 	263 	229 	211 	194 	168 	155 	124 	104 	119 	102 	97 	91 	95 
A,Y25-54,THS_PER,M,SE	: 	: 	108 	90 	74 	72 	113 	112 	102 	111 	111 	112 	109 	108 	108 	102 	102 	133 	126 	104 	109 	119 	131 
A,Y25-54,THS_PER,M,SI	: 	: 	: 	: 	: 	: 	23 	30 	32 	32 	38 	35 	31 	28 	21 	18 	15 	17 	15 	13 	12 	10 	12 
A,Y25-54,THS_PER,M,SK	: 	: 	: 	: 	: 	: 	113 	140 	132 b	129 	137 	130 	102 	86 	82 	64 	58 	64 	68 	60 	56 	47 	53 
A,Y25-54,THS_PER,M,TR	: 	: 	: 	: 	: 	: 	1468 	1245 	1016 	958 	999 	1159 b	1206 	1288 	1259 	1298 	1739 	1738 	1531 b	1295 	1107 	1023 	1001 
A,Y25-54,THS_PER,T,AT	: 	: 	: 	: 	: 	: 	160 	150 	137 	149 	170 	180 	181 	191 	182 	156 	148 	179 	189 	143 	151 	158 	173 
A,Y25-54,THS_PER,T,BA	: 	: 	: 	: 	: 	: 	: 	: 	: 	: 	: 	: 	: 	: 	: 	: 	: 	: 	168 	150 	133 	133 	124 
A,Y25-54,THS_PER,T,BE	: 	: 	: 	: 	: 	: 	264 	288 	248 	264 	290 	301 	303 	278 	242 b	209 	185 	195 	210 	191 	192 	197 	212 
A,Y25-54,THS_PER,T,BG	: 	: 	: 	: 	: 	: 	186 	267 b	290 b	308 	322 	290 	237 	200 	172 	149 	119 b	134 	109 	89 	92 	89 b	70 
A,Y25-54,THS_PER,T,CH	: 	: 	: 	: 	: 	: 	: 	137 b	125 	128 	140 	148 	141 	154 	152 	149 	134 	152 	156 	129 	122 	137 	159 
A,Y25-54,THS_PER,T,CY	: 	: 	: 	: 	: 	: 	14 	17 	22 	35 	46 	46 	42 	37 	34 	25 	23 	25 	24 	21 	20 	18 	16 
A,Y25-54,THS_PER,T,CZ	: 	: 	: 	: 	: 	: 	240 	261 	239 b	247 	253 	226 	188 	144 	109 	83 	75 	98 	106 	80 	88 	91 	92 
A,Y25-54,THS_PER,T,DE	: 	: 	: 	: 	: 	: 	2000 	1751 b	1437 b	1327 	1287 	1235 	1152 	1035 	927 	833 	765 	910 b	922 	817 	827 	954 	1080 
A,Y25-54,THS_PER,T,DK	: 	: 	: 	: 	: 	: 	107 	131 	128 	131 	125 	115 	109 	102 b	99 b	88 	88 	96 	83 	72 	87 b	101 	112 
A,Y25-54,THS_PER,T,EA20	: 	: 	: 	: 	: 	: 	10579 	11350 	11456 	12978 	13759 	13259 	12298 	11308 	10201 	9144 	8396 	8593 	8371 	7343 	7133 	6911 	6915 
A,Y25-54,THS_PER,T,EA21	: 	: 	: 	: 	: 	: 	10766 	11617 	11746 	13286 	14081 	13549 	12535 	11508 	10373 	9293 	8515 	8727 	8480 	7432 	7225 	7000 	6984 
A,Y25-54,THS_PER,T,EE	: 	: 	: 	: 	: 	: 	63 	74 	56 	46 	40 	34 	27 	29 	25 	23 	19 	29 	26 	23 	28 	36 	34 
A,Y25-54,THS_PER,T,EL	: 	: 	: 	: 	: 	: 	367 	492 	688 	945 	1061 	1015 	953 	893 	799 	721 	656 	609 	506 	427 	385 	350 	298 
A,Y25-54,THS_PER,T,ES	: 	: 	: 	: 	: 	: 	3003 	3416 	3711 	4345 	4516 	4154 	3706 	3245 	2799 	2455 	2255 	2474 	2371 d	2070 d	1909 d	1776 d	1639 d
A,Y25-54,THS_PER,T,EU27_2020	: 	: 	: 	: 	: 	: 	13040 	14170 	14226 	15840 	16664 	15853 	14599 	13217 	11787 	10496 	9623 	10024 	9762 	8560 	8379 	8198 	8268 
A,Y25-54,THS_PER,T,FI	: 	: 	: 	: 	: 	: 	123 	126 	115 	113 	120 	129 	138 	133 	128 	111 	93 	105 	116 	102 	106 	131 	152 
A,Y25-54,THS_PER,T,FR	1662 	1705 	1706 	1659 	1531 	1404 	1698 	1756 	1769 	1886 	1998 	2008 	2005 	1929 	1834 	1744 	1598 	1504 	1485 d	1377 d	1418 d	1391 d	1453 d
A,Y25-54,THS_PER,T,HR	: 	: 	: 	: 	: 	: 	115 	147 	176 	208 	216 	219 	204 	156 	132 	98 	79 	84 	86 	79 	69 	58 	54 
A,Y25-54,THS_PER,T,HU	: 	: 	: 	: 	: 	: 	309 	351 	341 	340 	309 	235 	210 	158 	130 	118 b	105 	135 	129 	118 	133 	139 	146 
A,Y25-54,THS_PER,T,IE	: 	: 	: 	: 	: 	: 	180 	212 	229 	227 	202 	175 	146 	124 	98 	82 	71 	80 	90 b	71 	67 	69 	78 
A,Y25-54,THS_PER,T,IS	: 	: 	: 	: 	: 	: 	7 	7 	6 	5 	5 	5 	4 	3 	2 	3 	4 	7 b	7 	5 	4 	4 	6 
A,Y25-54,THS_PER,T,IT	: 	: 	: 	: 	: 	: 	1385 	1498 	1488 	1930 	2220 	2325 	2163 	2146 	2084 	1952 b	1833 	1638 	1652 	1408 	1335 	1147 	1082 
A,Y25-54,THS_PER,T,LT	: 	: 	: 	: 	: 	: 	149 	195 	161 	139 	120 	107 	91 	77 	67 	56 	58 	75 	65 	56 	65 	67 	65 
A,Y25-54,THS_PER,T,LU	: 	: 	: 	: 	: 	: 	8 	8 	8 	9 	11 	11 	13 b	12 	12 	12 	12 	14 	11 	9 	11 	15 	16 
A,Y25-54,THS_PER,T,LV	: 	: 	: 	: 	: 	: 	129 	141 	113 	103 	81 	74 	68 	66 	57 	50 	40 	53 	50 	43 	41 	43 	43 
A,Y25-54,THS_PER,T,ME	: 	: 	: 	: 	: 	: 	: 	: 	37 	38 	36 	34 	34 	35 	33 	32 	32 	35 	: 	: 	: 	: 	: 
A,Y25-54,THS_PER,T,MK	: 	: 	: 	: 	: 	: 	209 	213 	206 	207 	195 	189 	178 	161 	151 	138 	121 	112 	86 b	81 	76 	67 	62 
A,Y25-54,THS_PER,T,MT	: 	: 	: 	: 	: 	: 	6 	7 	7 	7 	7 	7 	6 	6 	5 	6 	7 	9 	6 	7 	7 	7 	7 
A,Y25-54,THS_PER,T,NL	: 	: 	: 	: 	: 	: 	243 	279 	285 	327 	410 	414 	377 	319 	265 	214 	200 	219 	183 	150 	153 	161 	178 
A,Y25-54,THS_PER,T,NO	: 	: 	: 	: 	: 	: 	43 	54 	48 	46 	56 	59 	74 	78 	66 	63 	58 	73 	68 	47 	52 	58 	62 
A,Y25-54,THS_PER,T,PL	: 	: 	: 	: 	: 	: 	941 	1101 b	1094 	1165 	1196 	1044 	875 	702 	546 	434 	380 b	369 	399 	339 	320 	331 	362 
A,Y25-54,THS_PER,T,PT	: 	: 	: 	: 	: 	: 	391 	452 	479 	582 	605 	490 	425 	379 	297 	228 	209 	222 	210 	202 	208 	206 	201 
A,Y25-54,THS_PER,T,RO	: 	: 	: 	: 	: 	: 	468 	489 	481 	466 	487 	471 	472 	402 	329 	282 	254 	337 	304 	307 	301 	293 	312 
A,Y25-54,THS_PER,T,RS	: 	: 	: 	: 	: 	: 	: 	462 	533 	547 	534 	458 	416 	378 	332 	313 	246 	208 	246 	203 	200 	180 	186 
A,Y25-54,THS_PER,T,SE	: 	: 	208 	178 	150 	148 	210 	219 	198 	206 	214 	212 	210 	202 	202 	198 	206 	263 	262 	213 	224 	242 	260 
A,Y25-54,THS_PER,T,SI	: 	: 	: 	: 	: 	: 	44 	57 	63 	67 	78 	75 	69 	61 	50 	39 	33 	36 	33 	27 	23 	23 	24 
A,Y25-54,THS_PER,T,SK	: 	: 	: 	: 	: 	: 	239 	283 	264 b	270 	280 	262 	229 	190 	164 	132 	113 	133 	133 	120 	115 	104 	108 
A,Y25-54,THS_PER,T,TR	: 	: 	: 	: 	: 	: 	1978 	1753 	1497 	1443 	1580 	1848 b	1956 	2159 	2179 	2257 	2887 	2685 	2543 b	2336 	2123 	1990 	1907 
A,Y25-74,PC_ACT,F,AT	: 	: 	: 	: 	: 	: 	4.5 	4.1 	4.1 	4.3 	4.8 	4.9 	4.9 	5.1 	4.8 	4.2 	4.1 	5.3 	5.5 	3.9 	4.1 	4.1 	4.7 
A,Y25-74,PC_ACT,F,BA	: 	: 	: 	: 	: 	: 	: 	: 	: 	: 	: 	: 	: 	: 	: 	: 	: 	: 	19.9 	18.0 	15.7 	15.5 	15.4 
A,Y25-74,PC_ACT,F,BE	: 	: 	: 	: 	: 	: 	6.8 	7.3 	6.1 	6.5 	7.0 	6.8 	6.9 	6.8 	6.3 b	4.8 	4.4 	4.7 	5.0 	4.5 	4.2 	4.4 	4.7 
A,Y25-74,PC_ACT,F,BG	: 	: 	: 	: 	: 	: 	7.0 	9.6 b	10.0 b	10.6 	11.8 	10.5 	8.6 	7.4 	6.5 	5.2 	4.5 b	5.3 	4.6 	3.7 	4.0 	3.7 b	3.1 
A,Y25-74,PC_ACT,F,CH	: 	: 	: 	: 	: 	: 	: 	4.6 b	4.3 	4.2 	4.3 	4.4 	4.4 	4.5 	4.6 	4.8 	4.4 	4.6 	4.9 	4.1 	3.9 	4.1 	4.3 
A,Y25-74,PC_ACT,F,CY	: 	: 	: 	: 	: 	: 	4.4 	5.1 	6.1 	9.4 	12.8 	12.8 	13.0 	11.4 	10.0 	7.9 	7.1 	7.2 	6.7 	6.0 	5.2 	4.6 	4.3 
A,Y25-74,PC_ACT,F,CZ	: 	: 	: 	: 	: 	: 	7.0 	7.7 	7.2 b	7.5 	7.5 	6.8 	5.5 	4.3 	3.3 	2.6 	2.2 	2.7 	3.2 	2.5 	2.7 	2.7 	2.7 
A,Y25-74,PC_ACT,F,DE	: 	: 	: 	: 	: 	: 	6.4 	5.7 b	4.9 b	4.5 	4.3 	4.0 	3.7 	3.2 	2.8 	2.4 	2.3 	2.8 b	2.8 	2.6 	2.6 	2.9 	3.1 
A,Y25-74,PC_ACT,F,DK	: 	: 	: 	: 	: 	: 	4.6 	5.6 	6.4 	6.5 	6.7 	6.1 	5.7 	5.5 b	5.0 b	4.6 	4.5 	5.2 	4.2 	3.5 	4.2 b	5.1 	5.0 
A,Y25-74,PC_ACT,F,EA20	: 	: 	: 	: 	: 	: 	8.6 	9.2 	9.3 	10.3 	10.9 	10.7 	10.0 	9.4 	8.6 	7.8 	7.2 	7.4 	7.3 	6.5 	6.2 	5.9 	5.8 
A,Y25-74,PC_ACT,F,EA21	: 	: 	: 	: 	: 	: 	8.5 	9.2 	9.3 	10.3 	11.0 	10.7 	10.0 	9.4 	8.6 	7.8 	7.2 	7.4 	7.3 	6.5 	6.2 	5.9 	5.8 
A,Y25-74,PC_ACT,F,EE	: 	: 	: 	: 	: 	: 	9.0 	12.4 	10.6 	8.0 	6.9 	6.4 	5.7 	5.7 	4.8 	4.7 	4.2 	5.7 	4.8 	4.0 	5.8 	6.4 	5.5 
A,Y25-74,PC_ACT,F,EL	: 	: 	: 	: 	: 	: 	11.8 	14.7 	19.4 	25.9 	29.3 	28.3 	27.2 	27.1 	25.0 	23.5 	21.3 	20.4 	17.8 	15.2 	13.4 	12.1 	10.6 
A,Y25-74,PC_ACT,F,ES	: 	: 	: 	: 	: 	: 	16.2 	18.3 	19.7 	22.8 	24.4 	23.4 	21.8 	19.8 	17.7 	15.9 	14.7 	16.0 	15.5 d	13.8 d	12.8 d	11.6 d	10.8 d
A,Y25-74,PC_ACT,F,EU27_2020	: 	: 	: 	: 	: 	: 	8.2 	8.9 	9.0 	9.9 	10.4 	10.0 	9.2 	8.5 	7.7 	6.9 	6.4 	6.7 	6.6 	5.8 	5.6 	5.4 	5.4 
A,Y25-74,PC_ACT,F,FI	: 	: 	: 	: 	: 	: 	5.9 	6.0 	5.6 	5.5 	6.1 	6.4 	7.1 	6.9 	6.7 	5.8 	4.9 	5.8 	5.8 	5.4 	5.2 	6.1 	7.3 
A,Y25-74,PC_ACT,F,FR	7.8 	8.0 	7.8 	7.5 	6.7 	6.2 	7.3 	7.5 	7.7 	7.9 	8.3 	8.3 	8.2 	8.1 	7.9 	7.7 	7.1 	6.5 	6.6 d	6.2 d	6.3 d	6.1 d	6.3 d
A,Y25-74,PC_ACT,F,HR	: 	: 	: 	: 	: 	: 	9.0 	10.4 	11.7 	14.0 	14.2 	16.0 	14.9 	12.1 	10.4 	7.7 	6.2 	6.4 	6.7 	6.8 	5.7 	4.2 	3.5 
A,Y25-74,PC_ACT,F,HU	: 	: 	: 	: 	: 	: 	8.0 	9.0 	9.3 	8.8 	8.3 	6.5 	6.0 	4.2 	3.8 	3.3 b	2.8 	3.6 	3.5 	3.1 	3.7 	3.7 	3.7 
A,Y25-74,PC_ACT,F,IE	: 	: 	: 	: 	: 	: 	7.9 	9.7 	10.9 	11.1 	10.9 	9.6 	7.9 	6.7 	5.4 	4.8 	3.9 	4.5 	4.9 b	3.8 	3.2 	3.4 	3.6 
A,Y25-74,PC_ACT,F,IS	: 	: 	: 	: 	: 	: 	4.3 	5.1 	5.3 	4.2 	4.5 	4.4 	3.5 	2.4 	1.8 	1.9 	2.6 	4.6 b	5.6 	3.0 	2.3 	2.1 	3.3 
A,Y25-74,PC_ACT,F,IT	: 	: 	: 	: 	: 	: 	7.9 	8.3 	8.1 	10.2 	11.3 	11.8 	10.9 	11.1 	10.9 	10.4 b	9.9 	9.2 	9.4 	8.4 	7.8 	6.6 	6.0 
A,Y25-74,PC_ACT,F,LT	: 	: 	: 	: 	: 	: 	9.5 	13.2 	11.7 	10.8 	9.7 	8.5 	7.5 	6.2 	5.3 	5.1 	5.2 	7.1 	6.1 	5.2 	6.2 	5.8 	5.5 
A,Y25-74,PC_ACT,F,LU	: 	: 	: 	: 	: 	: 	5.1 	4.7 	5.2 	5.0 	6.1 	5.0 	6.6 b	5.6 	4.9 	5.4 	4.7 	5.8 	4.7 	3.6 	4.1 	5.3 	5.9 
A,Y25-74,PC_ACT,F,LV	: 	: 	: 	: 	: 	: 	12.5 	14.4 	12.2 	12.6 	10.0 	9.1 	8.2 	8.2 	7.2 	6.1 	5.2 	6.6 	6.1 	5.3 	5.1 	5.2 	5.6 
A,Y25-74,PC_ACT,F,ME	: 	: 	: 	: 	: 	: 	: 	: 	18.7 	18.5 	17.1 	16.6 	15.6 	15.1 	15.3 	14.3 	14.7 	16.4 	: 	: 	: 	: 	: 
A,Y25-74,PC_ACT,F,MK	: 	: 	: 	: 	: 	: 	29.4 	29.8 	28.2 	27.8 	26.5 	25.9 	23.3 	20.4 	19.5 	18.0 	16.6 	14.2 	11.8 b	10.7 	10.3 	9.7 	9.3 
A,Y25-74,PC_ACT,F,MT	: 	: 	: 	: 	: 	: 	6.2 	5.8 	5.6 	5.5 	5.2 	4.2 	4.5 	4.1 	3.3 	3.2 	4.1 	4.7 	3.3 	2.8 	2.9 	2.5 	2.3 
A,Y25-74,PC_ACT,F,NL	: 	: 	: 	: 	: 	: 	5.3 	5.8 	5.7 	6.3 	7.3 	7.8 	7.6 	6.9 	5.7 	4.5 	3.9 	4.0 	3.5 	2.9 	2.7 	2.8 	3.0 
A,Y25-74,PC_ACT,F,NO	: 	: 	: 	: 	: 	: 	1.7 	2.1 	2.2 	1.9 	2.6 	2.6 	3.1 	2.9 	2.7 	2.6 	2.3 	3.2 	2.9 	2.1 	2.2 	2.5 	2.5 
A,Y25-74,PC_ACT,F,PL	: 	: 	: 	: 	: 	: 	7.6 	8.7 b	8.9 	9.4 	9.7 	8.5 	6.8 	5.4 	4.2 	3.2 	3.1 b	2.8 	2.8 	2.4 	2.3 	2.6 	2.8 
A,Y25-74,PC_ACT,F,PT	: 	: 	: 	: 	: 	: 	9.4 	11.3 	12.3 	14.5 	15.4 	13.2 	11.4 	10.2 	8.4 	6.6 	6.2 	6.1 	5.8 	5.7 	5.9 	5.8 	5.5 
A,Y25-74,PC_ACT,F,RO	: 	: 	: 	: 	: 	: 	5.8 	6.6 	6.7 	6.3 	6.5 	6.3 	5.8 	4.9 	3.9 	3.4 	3.2 	4.7 	4.0 	3.9 	4.2 	3.9 	4.7 
A,Y25-74,PC_ACT,F,RS	: 	: 	: 	: 	: 	: 	: 	20.5 	23.8 	25.1 	24.0 	19.9 	18.1 	15.9 	14.0 	13.7 	10.9 	9.2 	11.1 	9.1 	8.9 	8.0 	8.1 
A,Y25-74,PC_ACT,F,SE	: 	: 	5.9 	5.3 	4.7 	4.6 	5.9 	6.4 	5.7 	5.7 	5.8 	5.8 	5.7 	5.3 	5.2 	5.1 	5.5 	6.8 	7.3 	5.8 	6.1 	6.5 	6.7 
A,Y25-74,PC_ACT,F,SI	: 	: 	: 	: 	: 	: 	5.1 	6.5 	7.5 	8.6 	10.0 	9.8 	9.7 	8.2 	7.1 	5.5 	4.7 	5.1 	4.7 	3.8 	3.4 	3.5 	3.5 
A,Y25-74,PC_ACT,F,SK	: 	: 	: 	: 	: 	: 	11.5 	13.0 	12.0 b	13.1 	13.2 	12.4 	11.8 	9.7 	7.6 	6.4 	5.2 	6.3 	6.3 	5.7 	5.5 	5.4 	5.4 
A,Y25-74,PC_ACT,F,TR	: 	: 	: 	: 	: 	: 	9.9 	9.0 	7.9 	7.5 	8.5 	10.0 b	10.4 	11.4 	11.4 	11.5 	13.5 	12.0 	11.9 b	11.2 	10.7 	9.9 	9.3 
A,Y25-74,PC_ACT,M,AT	: 	: 	: 	: 	: 	: 	5.0 	4.7 	4.3 	4.6 	5.2 	5.6 	5.9 	6.1 	5.8 	4.9 	4.4 	5.3 	5.7 	4.4 	4.7 	5.0 	5.2 
A,Y25-74,PC_ACT,M,BA	: 	: 	: 	: 	: 	: 	: 	: 	: 	: 	: 	: 	: 	: 	: 	: 	: 	: 	12.3 	10.9 	9.5 	8.9 	7.9 
A,Y25-74,PC_ACT,M,BE	: 	: 	: 	: 	: 	: 	6.5 	6.8 	6.1 	6.5 	7.3 	7.8 	8.0 	7.1 	6.1 b	5.6 	5.0 	5.2 	5.5 	4.8 	4.9 	4.9 	5.5 
A,Y25-74,PC_ACT,M,BG	: 	: 	: 	: 	: 	: 	6.9 	10.6 b	12.0 b	13.0 	13.5 	12.4 	9.9 	8.5 	6.9 	6.2 	5.2 b	5.9 	4.9 	4.0 	4.0 	4.0 b	3.2 
A,Y25-74,PC_ACT,M,CH	: 	: 	: 	: 	: 	: 	: 	4.0 b	3.6 	3.6 	4.0 	4.1 	4.1 	4.3 	4.1 	3.9 	3.5 	4.1 	4.4 	3.5 	3.3 	3.7 	4.4 
A,Y25-74,PC_ACT,M,CY	: 	: 	: 	: 	: 	: 	4.4 	5.2 	6.6 	10.9 	14.2 	15.1 	13.4 	11.6 	9.7 	6.7 	5.8 	6.7 	6.2 	4.9 	4.9 	4.1 	3.4 
A,Y25-74,PC_ACT,M,CZ	: 	: 	: 	: 	: 	: 	4.9 	5.4 	4.8 b	4.9 	4.9 	4.3 	3.7 	2.9 	2.0 	1.5 	1.5 	1.9 	2.0 	1.6 	1.9 	1.9 	2.0 
A,Y25-74,PC_ACT,M,DE	: 	: 	: 	: 	: 	: 	7.0 	6.4 b	5.2 b	4.8 	4.8 	4.6 	4.3 	3.8 	3.4 	3.1 	2.9 	3.5 b	3.6 	3.0 	2.9 	3.3 	3.8 
A,Y25-74,PC_ACT,M,DK	: 	: 	: 	: 	: 	: 	5.6 	7.1 	6.1 	6.3 	5.6 	5.3 	4.9 	4.4 b	4.4 b	3.8 	3.9 	4.2 	4.2 	3.4 	3.9 b	4.4 	5.0 
A,Y25-74,PC_ACT,M,EA20	: 	: 	: 	: 	: 	: 	8.1 	8.8 	8.8 	10.0 	10.7 	10.3 	9.6 	8.6 	7.7 	6.9 	6.4 	6.6 	6.5 	5.6 	5.4 	5.2 	5.3 
A,Y25-74,PC_ACT,M,EA21	: 	: 	: 	: 	: 	: 	8.1 	8.8 	8.9 	10.1 	10.8 	10.3 	9.6 	8.6 	7.7 	6.9 	6.3 	6.6 	6.5 	5.5 	5.3 	5.2 	5.3 
A,Y25-74,PC_ACT,M,EE	: 	: 	: 	: 	: 	: 	14.7 	17.3 	11.7 	9.5 	8.2 	6.8 	5.6 	6.7 	5.6 	4.9 	3.5 	6.2 	6.0 	5.0 	5.2 	6.6 	7.1 
A,Y25-74,PC_ACT,M,EL	: 	: 	: 	: 	: 	: 	6.0 	8.9 	13.6 	20.0 	22.7 	22.1 	20.3 	18.8 	16.9 	14.6 	13.3 	13.6 	10.4 	8.5 	7.6 	7.3 	6.4 
A,Y25-74,PC_ACT,M,ES	: 	: 	: 	: 	: 	: 	15.4 	17.4 	18.7 	22.2 	23.2 	21.4 	18.8 	16.3 	14.0 	12.2 	11.1 	12.3 	11.8 d	10.1 d	9.3 d	8.8 d	8.1 d
A,Y25-74,PC_ACT,M,EU27_2020	: 	: 	: 	: 	: 	: 	7.8 	8.6 	8.5 	9.5 	10.1 	9.5 	8.8 	7.9 	7.0 	6.2 	5.6 	6.0 	5.9 	5.0 	4.9 	4.8 	4.9 
A,Y25-74,PC_ACT,M,FI	: 	: 	: 	: 	: 	: 	7.1 	7.4 	7.0 	6.9 	7.1 	7.7 	8.2 	7.7 	7.6 	6.5 	5.7 	6.2 	7.0 	6.2 	6.8 	7.9 	8.8 
A,Y25-74,PC_ACT,M,FR	6.6 	6.8 	6.8 	6.7 	6.3 	5.7 	7.2 	7.5 	7.5 	8.2 	8.9 	9.0 	9.2 	8.7 	8.0 	7.7 	7.2 	6.8 	6.7 d	6.1 d	6.1 d	6.1 d	6.2 d
A,Y25-74,PC_ACT,M,HR	: 	: 	: 	: 	: 	: 	6.0 	8.7 	11.2 	13.7 	14.6 	13.4 	12.9 	10.4 	8.7 	6.3 	5.2 	6.2 	6.0 	5.1 	4.6 	4.1 	4.3 
A,Y25-74,PC_ACT,M,HU	: 	: 	: 	: 	: 	: 	8.8 	10.3 	9.8 	10.0 	8.9 	6.5 	5.6 	4.4 	3.3 	2.9 b	2.7 	3.5 	3.3 	3.2 	3.4 	3.8 	3.9 
A,Y25-74,PC_ACT,M,IE	: 	: 	: 	: 	: 	: 	12.1 	14.3 	15.1 	15.0 	12.8 	10.9 	9.1 	7.6 	6.0 	4.7 	4.0 	4.6 	5.2 b	3.6 	3.5 	3.3 	3.7 
A,Y25-74,PC_ACT,M,IS	: 	: 	: 	: 	: 	: 	6.5 	6.4 	5.8 	4.6 	4.1 	3.4 	2.6 	2.2 	1.7 	2.2 	2.5 	4.8 b	4.6 	2.9 	2.9 	2.9 	3.7 
A,Y25-74,PC_ACT,M,IT	: 	: 	: 	: 	: 	: 	5.6 	6.3 	6.3 	8.3 	9.8 	10.0 	9.6 	9.3 	8.9 	8.4 b	7.9 	7.3 	7.5 	6.1 	5.8 	5.0 	4.9 
A,Y25-74,PC_ACT,M,LT	: 	: 	: 	: 	: 	: 	15.0 	19.3 	16.2 	13.7 	12.0 	11.4 	9.5 	8.4 	8.0 	6.5 	6.4 	8.3 	7.1 	6.0 	6.6 	7.2 	7.3 
A,Y25-74,PC_ACT,M,LU	: 	: 	: 	: 	: 	: 	3.3 	2.9 	3.2 	3.6 	4.5 	4.6 	5.0 b	5.0 	4.6 	4.4 	4.6 	5.2 	3.9 	3.6 	4.1 	5.0 	5.3 
A,Y25-74,PC_ACT,M,LV	: 	: 	: 	: 	: 	: 	18.7 	21.0 	17.2 	14.8 	11.6 	11.1 	10.4 	10.0 	9.1 	8.1 	6.7 	8.8 	8.1 	7.2 	7.1 	7.6 	7.0 
A,Y25-74,PC_ACT,M,ME	: 	: 	: 	: 	: 	: 	: 	: 	17.7 	17.1 	17.6 	15.7 	15.3 	16.1 	13.7 	13.1 	13.3 	15.6 	: 	: 	: 	: 	: 
A,Y25-74,PC_ACT,M,MK	: 	: 	: 	: 	: 	: 	28.8 	28.9 	28.7 	28.6 	26.2 	24.9 	24.2 	21.9 	20.3 	18.7 	14.9 	15.1 	15.2 b	14.5 	13.1 	11.8 	10.4 
A,Y25-74,PC_ACT,M,MT	: 	: 	: 	: 	: 	: 	4.9 	5.5 	4.7 	4.4 	4.8 	5.1 	4.3 	3.6 	2.9 	3.2 	2.8 	3.6 	3.0 	2.9 	2.9 	2.7 	2.6 
A,Y25-74,PC_ACT,M,NL	: 	: 	: 	: 	: 	: 	3.1 	3.8 	4.2 	5.0 	6.7 	6.8 	6.3 	5.2 	4.3 	3.6 	3.3 	3.3 	2.9 	2.5 	2.3 	2.4 	2.7 
A,Y25-74,PC_ACT,M,NO	: 	: 	: 	: 	: 	: 	2.6 	3.1 	2.5 	2.5 	2.7 	2.9 	3.7 	4.2 	3.4 	3.0 	2.9 	3.6 	3.3 	2.2 	2.5 	2.8 	3.1 
A,Y25-74,PC_ACT,M,PL	: 	: 	: 	: 	: 	: 	6.6 	8.1 b	7.7 	8.1 	8.4 	7.3 	6.2 	5.2 	4.1 	3.3 	2.5 b	2.6 	2.8 	2.3 	2.2 	2.1 	2.3 
A,Y25-74,PC_ACT,M,PT	: 	: 	: 	: 	: 	: 	10.0 	10.9 	11.7 	14.8 	15.4 	12.7 	11.4 	10.2 	7.7 	5.7 	5.2 	5.8 	5.4 	4.8 	5.0 	4.9 	4.6 
A,Y25-74,PC_ACT,M,RO	: 	: 	: 	: 	: 	: 	7.5 	7.8 	7.7 	7.5 	7.9 	7.4 	7.7 	6.6 	5.6 	4.7 	4.2 	5.2 	4.8 	4.9 	4.8 	4.4 	4.9 
A,Y25-74,PC_ACT,M,RS	: 	: 	: 	: 	: 	: 	: 	17.1 	21.3 	22.3 	20.3 	17.2 	16.0 	14.2 	12.5 	11.6 	9.5 	8.1 	9.1 	7.9 	7.8 	7.2 	7.3 
A,Y25-74,PC_ACT,M,SE	: 	: 	6.1 	5.2 	4.3 	4.1 	6.3 	6.4 	5.7 	6.0 	6.0 	6.1 	5.9 	5.7 	5.6 	5.1 	5.1 	6.5 	6.6 	5.3 	5.5 	6.0 	6.8 
A,Y25-74,PC_ACT,M,SI	: 	: 	: 	: 	: 	: 	5.0 	6.6 	7.5 	7.3 	8.6 	8.1 	7.3 	6.9 	5.4 	4.3 	3.8 	3.8 	3.7 	3.4 	3.0 	2.8 	3.0 
A,Y25-74,PC_ACT,M,SK	: 	: 	: 	: 	: 	: 	9.2 	11.6 	11.2 b	11.0 	11.5 	10.9 	8.6 	7.5 	6.8 	5.3 	4.8 	5.3 	5.8 	5.1 	4.7 	3.9 	4.4 
A,Y25-74,PC_ACT,M,TR	: 	: 	: 	: 	: 	: 	10.6 	8.8 	7.0 	6.4 	6.6 	7.7 b	7.9 	8.2 	7.9 	8.1 	10.6 	10.7 	9.2 b	7.7 	6.5 	6.1 	6.0 
A,Y25-74,PC_ACT,T,AT	: 	: 	: 	: 	: 	: 	4.7 	4.4 	4.2 	4.5 	5.0 	5.3 	5.4 	5.7 	5.3 	4.6 	4.3 	5.3 	5.6 	4.2 	4.4 	4.5 	5.0 
A,Y25-74,PC_ACT,T,BA	: 	: 	: 	: 	: 	: 	: 	: 	: 	: 	: 	: 	: 	: 	: 	: 	: 	: 	15.3 	13.7 	12.0 	11.5 	10.9 
A,Y25-74,PC_ACT,T,BE	: 	: 	: 	: 	: 	: 	6.6 	7.0 	6.1 	6.5 	7.2 	7.4 	7.5 	6.9 	6.2 b	5.2 	4.7 	5.0 	5.3 	4.6 	4.6 	4.7 	5.1 
A,Y25-74,PC_ACT,T,BG	: 	: 	: 	: 	: 	: 	6.9 	10.1 b	11.0 b	11.9 	12.7 	11.5 	9.3 	8.0 	6.7 	5.8 	4.9 b	5.6 	4.8 	3.9 	4.0 	3.8 b	3.1 
A,Y25-74,PC_ACT,T,CH	: 	: 	: 	: 	: 	: 	: 	4.3 b	3.9 	3.9 	4.1 	4.3 	4.2 	4.4 	4.4 	4.3 	3.9 	4.3 	4.6 	3.8 	3.6 	3.9 	4.4 
A,Y25-74,PC_ACT,T,CY	: 	: 	: 	: 	: 	: 	4.4 	5.1 	6.4 	10.2 	13.6 	14.0 	13.2 	11.5 	9.9 	7.3 	6.4 	6.9 	6.5 	5.4 	5.1 	4.3 	3.8 
A,Y25-74,PC_ACT,T,CZ	: 	: 	: 	: 	: 	: 	5.8 	6.4 	5.9 b	6.0 	6.1 	5.4 	4.5 	3.5 	2.6 	2.0 	1.8 	2.3 	2.5 	2.0 	2.2 	2.2 	2.3 
A,Y25-74,PC_ACT,T,DE	: 	: 	: 	: 	: 	: 	6.7 	6.1 b	5.1 b	4.7 	4.5 	4.3 	4.0 	3.5 	3.1 	2.8 	2.6 	3.1 b	3.2 	2.8 	2.8 	3.1 	3.5 
A,Y25-74,PC_ACT,T,DK	: 	: 	: 	: 	: 	: 	5.1 	6.4 	6.2 	6.4 	6.1 	5.7 	5.3 	4.9 b	4.7 b	4.2 	4.2 	4.7 	4.2 	3.5 	4.0 b	4.7 	5.0 
A,Y25-74,PC_ACT,T,EA20	: 	: 	: 	: 	: 	: 	8.3 	8.9 	9.0 	10.2 	10.8 	10.5 	9.8 	9.0 	8.1 	7.3 	6.8 	7.0 	6.9 	6.0 	5.8 	5.6 	5.5 
A,Y25-74,PC_ACT,T,EA21	: 	: 	: 	: 	: 	: 	8.3 	9.0 	9.1 	10.2 	10.8 	10.5 	9.8 	9.0 	8.1 	7.3 	6.7 	7.0 	6.8 	6.0 	5.7 	5.5 	5.5 
A,Y25-74,PC_ACT,T,EE	: 	: 	: 	: 	: 	: 	11.9 	14.8 	11.2 	8.8 	7.6 	6.6 	5.7 	6.2 	5.2 	4.8 	3.9 	6.0 	5.4 	4.5 	5.5 	6.5 	6.3 
A,Y25-74,PC_ACT,T,EL	: 	: 	: 	: 	: 	: 	8.4 	11.3 	16.1 	22.5 	25.6 	24.8 	23.3 	22.4 	20.5 	18.5 	16.8 	16.6 	13.7 	11.4 	10.2 	9.4 	8.3 
A,Y25-74,PC_ACT,T,ES	: 	: 	: 	: 	: 	: 	15.7 	17.8 	19.2 	22.5 	23.8 	22.3 	20.2 	17.9 	15.7 	13.9 	12.8 	14.0 	13.5 d	11.8 d	10.9 d	10.2 d	9.4 d
A,Y25-74,PC_ACT,T,EU27_2020	: 	: 	: 	: 	: 	: 	8.0 	8.7 	8.7 	9.7 	10.2 	9.7 	9.0 	8.2 	7.3 	6.5 	6.0 	6.3 	6.2 	5.4 	5.2 	5.1 	5.1 
A,Y25-74,PC_ACT,T,FI	: 	: 	: 	: 	: 	: 	6.5 	6.7 	6.3 	6.2 	6.6 	7.1 	7.6 	7.3 	7.2 	6.1 	5.3 	6.0 	6.5 	5.8 	6.0 	7.1 	8.1 
A,Y25-74,PC_ACT,T,FR	7.1 	7.3 	7.3 	7.1 	6.5 	6.0 	7.2 	7.5 	7.6 	8.1 	8.6 	8.7 	8.7 	8.4 	8.0 	7.7 	7.2 	6.7 	6.7 d	6.1 d	6.2 d	6.1 d	6.3 d
A,Y25-74,PC_ACT,T,HR	: 	: 	: 	: 	: 	: 	7.4 	9.5 	11.4 	13.8 	14.4 	14.6 	13.8 	11.2 	9.5 	7.0 	5.7 	6.3 	6.3 	5.9 	5.1 	4.2 	3.9 
A,Y25-74,PC_ACT,T,HU	: 	: 	: 	: 	: 	: 	8.5 	9.7 	9.6 	9.4 	8.6 	6.5 	5.8 	4.3 	3.5 	3.1 b	2.7 	3.5 	3.4 	3.2 	3.5 	3.8 	3.8 
A,Y25-74,PC_ACT,T,IE	: 	: 	: 	: 	: 	: 	10.3 	12.3 	13.2 	13.2 	11.9 	10.3 	8.5 	7.2 	5.7 	4.7 	4.0 	4.6 	5.0 b	3.7 	3.4 	3.4 	3.7 
A,Y25-74,PC_ACT,T,IS	: 	: 	: 	: 	: 	: 	5.5 	5.8 	5.5 	4.4 	4.3 	3.9 	3.0 	2.3 	1.7 	2.1 	2.6 	4.7 b	5.1 	3.0 	2.6 	2.6 	3.5 
A,Y25-74,PC_ACT,T,IT	: 	: 	: 	: 	: 	: 	6.5 	7.1 	7.1 	9.1 	10.5 	10.8 	10.2 	10.1 	9.8 	9.2 b	8.7 	8.1 	8.3 	7.1 	6.7 	5.7 	5.4 
A,Y25-74,PC_ACT,T,LT	: 	: 	: 	: 	: 	: 	12.2 	16.1 	13.9 	12.2 	10.9 	9.9 	8.5 	7.3 	6.6 	5.8 	5.8 	7.7 	6.6 	5.6 	6.4 	6.5 	6.4 
A,Y25-74,PC_ACT,T,LU	: 	: 	: 	: 	: 	: 	4.1 	3.7 	4.1 	4.2 	5.2 	4.8 	5.7 b	5.3 	4.7 	4.9 	4.6 	5.5 	4.3 	3.6 	4.1 	5.1 	5.6 
A,Y25-74,PC_ACT,T,LV	: 	: 	: 	: 	: 	: 	15.5 	17.6 	14.7 	13.7 	10.8 	10.0 	9.3 	9.1 	8.1 	7.1 	5.9 	7.7 	7.1 	6.2 	6.1 	6.4 	6.3 
A,Y25-74,PC_ACT,T,ME	: 	: 	: 	: 	: 	: 	: 	: 	18.1 	17.8 	17.4 	16.1 	15.4 	15.7 	14.4 	13.6 	13.9 	15.9 	: 	: 	: 	: 	: 
A,Y25-74,PC_ACT,T,MK	: 	: 	: 	: 	: 	: 	29.0 	29.3 	28.5 	28.3 	26.4 	25.3 	23.8 	21.3 	19.9 	18.4 	15.6 	14.7 	13.8 b	12.9 	11.9 	10.9 	9.9 
A,Y25-74,PC_ACT,T,MT	: 	: 	: 	: 	: 	: 	5.3 	5.6 	5.0 	4.8 	4.9 	4.7 	4.4 	3.8 	3.1 	3.2 	3.3 	4.1 	3.1 	2.9 	2.9 	2.6 	2.5 
A,Y25-74,PC_ACT,T,NL	: 	: 	: 	: 	: 	: 	4.1 	4.7 	4.9 	5.6 	7.0 	7.3 	6.9 	5.9 	4.9 	4.0 	3.6 	3.7 	3.2 	2.7 	2.5 	2.6 	2.8 
A,Y25-74,PC_ACT,T,NO	: 	: 	: 	: 	: 	: 	2.1 	2.6 	2.4 	2.2 	2.6 	2.8 	3.4 	3.6 	3.1 	2.8 	2.7 	3.4 	3.1 	2.1 	2.3 	2.6 	2.8 
A,Y25-74,PC_ACT,T,PL	: 	: 	: 	: 	: 	: 	7.0 	8.4 b	8.2 	8.7 	9.0 	7.8 	6.5 	5.3 	4.1 	3.2 	2.8 b	2.7 	2.8 	2.4 	2.2 	2.3 	2.5 
A,Y25-74,PC_ACT,T,PT	: 	: 	: 	: 	: 	: 	9.7 	11.1 	12.0 	14.6 	15.4 	12.9 	11.4 	10.2 	8.0 	6.2 	5.7 	6.0 	5.6 	5.3 	5.5 	5.3 	5.1 
A,Y25-74,PC_ACT,T,RO	: 	: 	: 	: 	: 	: 	6.8 	7.3 	7.3 	7.0 	7.3 	6.9 	6.9 	5.9 	4.9 	4.2 	3.8 	5.0 	4.5 	4.5 	4.6 	4.2 	4.8 
A,Y25-74,PC_ACT,T,RS	: 	: 	: 	: 	: 	: 	: 	18.6 	22.3 	23.5 	21.9 	18.4 	16.9 	15.0 	13.2 	12.5 	10.1 	8.6 	10.0 	8.4 	8.3 	7.6 	7.7 
A,Y25-74,PC_ACT,T,SE	: 	: 	6.0 	5.3 	4.5 	4.3 	6.1 	6.4 	5.7 	5.9 	5.9 	5.9 	5.8 	5.5 	5.4 	5.1 	5.3 	6.7 	6.9 	5.6 	5.7 	6.2 	6.7 
A,Y25-74,PC_ACT,T,SI	: 	: 	: 	: 	: 	: 	5.0 	6.5 	7.5 	7.9 	9.2 	8.9 	8.4 	7.5 	6.2 	4.8 	4.2 	4.4 	4.2 	3.6 	3.2 	3.1 	3.2 
A,Y25-74,PC_ACT,T,SK	: 	: 	: 	: 	: 	: 	10.3 	12.3 	11.6 b	12.0 	12.3 	11.6 	10.1 	8.5 	7.2 	5.8 	5.0 	5.8 	6.1 	5.4 	5.1 	4.6 	4.9 
A,Y25-74,PC_ACT,T,TR	: 	: 	: 	: 	: 	: 	10.4 	8.8 	7.2 	6.7 	7.2 	8.3 b	8.6 	9.2 	9.0 	9.2 	11.5 	11.1 	10.1 b	8.9 	7.9 	7.4 	7.1 
A,Y25-74,PC_POP,F,AT	: 	: 	: 	: 	: 	: 	2.7 	2.5 	2.5 	2.7 	3.0 	3.1 	3.1 	3.3 	3.1 	2.7 	2.7 	3.4 	3.6 	2.6 	2.7 	2.7 	3.1 
A,Y25-74,PC_POP,F,BA	: 	: 	: 	: 	: 	: 	: 	: 	: 	: 	: 	: 	: 	: 	: 	: 	: 	: 	8.5 	7.6 	6.8 	7.1 	7.1 
A,Y25-74,PC_POP,F,BE	: 	: 	: 	: 	: 	: 	3.9 	4.3 	3.6 	3.8 	4.2 	4.1 	4.1 	4.1 	3.8 b	2.9 	2.7 	2.9 	3.1 	2.8 	2.6 	2.8 	3.0 
A,Y25-74,PC_POP,F,BG	: 	: 	: 	: 	: 	: 	4.1 	5.6 b	5.8 b	6.2 	7.0 	6.3 	5.1 	4.4 	4.0 	3.2 	2.8 b	3.2 	2.8 	2.3 	2.5 	2.3 b	2.0 
A,Y25-74,PC_POP,F,CH	: 	: 	: 	: 	: 	: 	: 	3.1 b	2.9 	2.9 	3.0 	3.1 	3.1 	3.2 	3.3 	3.4 	3.2 	3.3 	3.5 	2.9 	2.8 	3.0 	3.1 
A,Y25-74,PC_POP,F,CY	: 	: 	: 	: 	: 	: 	2.9 	3.4 	4.1 	6.2 	8.5 	8.6 	8.7 	7.4 	6.6 	5.3 	4.8 	4.8 	4.5 	4.2 	3.7 	3.2 	3.0 
A,Y25-74,PC_POP,F,CZ	: 	: 	: 	: 	: 	: 	4.2 	4.6 	4.3 b	4.5 	4.6 	4.1 	3.4 	2.7 	2.1 	1.6 	1.4 	1.7 	2.0 	1.6 	1.8 	1.8 	1.9 
A,Y25-74,PC_POP,F,DE	: 	: 	: 	: 	: 	: 	3.9 	3.5 b	3.0 b	2.8 	2.7 	2.6 	2.4 	2.1 	1.9 	1.6 	1.5 	1.8 b	1.9 	1.7 	1.7 	2.0 	2.1 
A,Y25-74,PC_POP,F,DK	: 	: 	: 	: 	: 	: 	3.0 	3.7 	4.2 	4.3 	4.3 	4.0 	3.7 	3.6 b	3.2 b	3.0 	3.0 	3.5 	2.8 	2.4 	2.9 b	3.6 	3.5 
A,Y25-74,PC_POP,F,EA20	: 	: 	: 	: 	: 	: 	5.0 	5.4 	5.5 	6.3 	6.7 	6.5 	6.2 	5.8 	5.4 	4.9 	4.5 	4.6 	4.6 	4.1 	4.0 	3.8 	3.8 
A,Y25-74,PC_POP,F,EA21	: 	: 	: 	: 	: 	: 	5.0 	5.4 	5.5 	6.3 	6.7 	6.5 	6.1 	5.8 	5.3 	4.8 	4.5 	4.6 	4.5 	4.1 	4.0 	3.8 	3.7 
A,Y25-74,PC_POP,F,EE	: 	: 	: 	: 	: 	: 	6.2 	8.6 	7.3 	5.6 	4.8 	4.4 	4.0 	4.0 	3.5 	3.3 	3.1 	4.1 	3.5 	3.0 	4.4 	5.0 	4.2 
A,Y25-74,PC_POP,F,EL	: 	: 	: 	: 	: 	: 	6.2 	7.9 	10.3 	13.9 	15.8 	15.4 	15.1 	15.2 	13.9 	13.1 	11.9 	10.9 	10.0 	8.7 	7.7 	7.0 	6.3 
A,Y25-74,PC_POP,F,ES	: 	: 	: 	: 	: 	: 	9.8 	11.3 	12.4 	14.6 	15.7 	15.0 	14.0 	12.7 	11.3 	10.2 	9.5 	10.1 	10.1 d	8.9 d	8.4 d	7.7 d	7.2 d
A,Y25-74,PC_POP,F,EU27_2020	: 	: 	: 	: 	: 	: 	4.7 	5.2 	5.3 	5.9 	6.2 	6.0 	5.6 	5.2 	4.7 	4.3 	4.0 	4.1 	4.1 	3.7 	3.6 	3.5 	3.5 
A,Y25-74,PC_POP,F,FI	: 	: 	: 	: 	: 	: 	3.9 	4.0 	3.6 	3.6 	3.9 	4.1 	4.6 	4.4 	4.3 	3.7 	3.2 	3.8 	3.9 	3.7 	3.6 	4.2 	5.1 
A,Y25-74,PC_POP,F,FR	4.8 	5.0 	4.9 	4.7 	4.3 	4.0 	4.7 	4.8 	4.9 	5.1 	5.4 	5.4 	5.3 	5.2 	5.1 	4.9 	4.5 	4.1 	4.2 d	3.9 d	4.1 d	3.9 d	4.1 d
A,Y25-74,PC_POP,F,HR	: 	: 	: 	: 	: 	: 	5.1 	5.8 	6.4 	7.7 	7.9 	9.2 	8.6 	6.7 	5.8 	4.3 	3.4 	3.5 	3.8 	4.0 	3.4 	2.6 	2.1 
A,Y25-74,PC_POP,F,HU	: 	: 	: 	: 	: 	: 	4.5 	5.2 	5.4 	5.2 	4.9 	3.9 	3.6 	2.6 	2.4 	2.1 b	1.8 	2.3 	2.3 	2.1 	2.5 	2.6 	2.5 
A,Y25-74,PC_POP,F,IE	: 	: 	: 	: 	: 	: 	4.8 	5.9 	6.7 	6.8 	6.7 	6.0 	4.9 	4.2 	3.4 	3.0 	2.5 	2.8 	3.2 b	2.5 	2.2 	2.4 	2.5 
A,Y25-74,PC_POP,F,IS	: 	: 	: 	: 	: 	: 	3.3 	3.9 	4.0 	3.2 	3.4 	3.5 	2.8 	1.9 	1.4 	1.5 	2.0 	3.4 b	4.2 	2.3 	1.7 	1.6 	2.5 
A,Y25-74,PC_POP,F,IT	: 	: 	: 	: 	: 	: 	3.7 	3.9 	3.8 	5.0 	5.5 	5.9 	5.4 	5.6 	5.6 	5.4 b	5.2 	4.7 	4.8 	4.4 	4.2 	3.5 	3.2 
A,Y25-74,PC_POP,F,LT	: 	: 	: 	: 	: 	: 	6.3 	8.8 	7.9 	7.3 	6.6 	5.8 	5.2 	4.4 	3.7 	3.6 	3.8 	5.1 	4.4 	3.8 	4.4 	4.2 	4.0 
A,Y25-74,PC_POP,F,LU	: 	: 	: 	: 	: 	: 	2.9 	2.8 	3.1 	3.0 	3.8 	3.1 	4.2 b	3.6 	3.2 	3.6 	3.1 	4.0 	3.2 	2.4 	2.8 	3.7 	4.1 
A,Y25-74,PC_POP,F,LV	: 	: 	: 	: 	: 	: 	8.4 	9.4 	8.0 	8.4 	6.6 	6.0 	5.5 	5.6 	4.9 	4.3 	3.6 	4.7 	4.2 	3.6 	3.5 	3.7 	4.0 
A,Y25-74,PC_POP,F,ME	: 	: 	: 	: 	: 	: 	: 	: 	9.4 	9.6 	9.0 	9.2 	8.8 	8.5 	8.6 	8.1 	8.6 	9.1 	: 	: 	: 	: 	: 
A,Y25-74,PC_POP,F,MK	: 	: 	: 	: 	: 	: 	14.7 	15.2 	14.6 	14.0 	13.8 	13.4 	11.8 	10.1 	9.8 	9.1 	8.7 	7.3 	6.0 b	5.4 	5.3 	5.0 	4.8 
A,Y25-74,PC_POP,F,MT	: 	: 	: 	: 	: 	: 	2.1 	2.1 	2.1 	2.3 	2.3 	1.9 	2.2 	2.0 	1.7 	1.7 	2.3 	2.8 	2.0 	1.8 	1.9 	1.6 	1.6 
A,Y25-74,PC_POP,F,NL	: 	: 	: 	: 	: 	: 	3.4 	3.8 	3.7 	4.1 	4.8 	5.1 	5.0 	4.5 	3.7 	3.0 	2.6 	2.7 	2.4 	2.0 	1.9 	1.9 	2.1 
A,Y25-74,PC_POP,F,NO	: 	: 	: 	: 	: 	: 	1.2 	1.5 	1.6 	1.4 	1.8 	1.9 	2.2 	2.0 	1.9 	1.9 	1.7 	2.2 	2.0 	1.5 	1.6 	1.7 	1.7 
A,Y25-74,PC_POP,F,PL	: 	: 	: 	: 	: 	: 	4.1 	4.8 b	5.0 	5.3 	5.5 	4.8 	3.9 	3.1 	2.4 	1.8 	1.8 b	1.6 	1.7 	1.5 	1.4 	1.6 	1.7 
A,Y25-74,PC_POP,F,PT	: 	: 	: 	: 	: 	: 	5.7 	7.0 	7.7 	9.1 	9.8 	8.4 	7.4 	6.6 	5.5 	4.4 	4.1 	4.0 	3.9 	3.9 	4.1 	4.0 	3.9 
A,Y25-74,PC_POP,F,RO	: 	: 	: 	: 	: 	: 	2.6 	3.1 	3.1 	3.0 	3.1 	3.0 	2.8 	2.4 	1.9 	1.7 	1.6 	2.4 	2.0 	2.1 	2.2 	2.0 	2.5 
A,Y25-74,PC_POP,F,RS	: 	: 	: 	: 	: 	: 	: 	10.0 	11.2 	11.9 	12.0 	10.2 	9.2 	8.4 	7.5 	7.4 	5.8 	4.9 	6.2 	5.1 	5.2 	4.8 	4.9 
A,Y25-74,PC_POP,F,SE	: 	: 	4.2 	3.8 	3.3 	3.3 	4.2 	4.5 	4.0 	4.0 	4.2 	4.1 	4.1 	3.8 	3.8 	3.7 	4.0 	5.0 	5.3 	4.3 	4.6 	4.9 	5.1 
A,Y25-74,PC_POP,F,SI	: 	: 	: 	: 	: 	: 	3.3 	4.1 	4.7 	5.4 	6.3 	6.2 	6.1 	5.2 	4.6 	3.6 	3.0 	3.3 	3.1 	2.5 	2.2 	2.3 	2.4 
A,Y25-74,PC_POP,F,SK	: 	: 	: 	: 	: 	: 	7.5 	8.6 	7.9 b	8.6 	8.7 	8.2 	7.9 	6.6 	5.1 	4.3 	3.5 	4.3 	4.2 	3.9 	3.7 	3.6 	3.7 
A,Y25-74,PC_POP,F,TR	: 	: 	: 	: 	: 	: 	2.7 	2.6 	2.4 	2.4 	2.8 	3.3 b	3.5 	4.0 	4.1 	4.3 	5.0 	4.0 	4.3 b	4.3 	4.2 	3.9 	3.7 
A,Y25-74,PC_POP,M,AT	: 	: 	: 	: 	: 	: 	3.7 	3.5 	3.1 	3.4 	3.9 	4.1 	4.3 	4.6 	4.4 	3.7 	3.4 	4.0 	4.3 	3.3 	3.5 	3.7 	3.9 
A,Y25-74,PC_POP,M,BA	: 	: 	: 	: 	: 	: 	: 	: 	: 	: 	: 	: 	: 	: 	: 	: 	: 	: 	8.3 	7.4 	6.5 	6.2 	5.6 
A,Y25-74,PC_POP,M,BE	: 	: 	: 	: 	: 	: 	4.7 	4.9 	4.3 	4.6 	5.2 	5.6 	5.6 	5.0 	4.3 b	3.9 	3.5 	3.6 	3.9 	3.4 	3.5 	3.5 	4.0 
A,Y25-74,PC_POP,M,BG	: 	: 	: 	: 	: 	: 	4.9 	7.4 b	8.2 b	8.9 	9.4 	8.7 	7.0 	5.9 	4.9 	4.5 	3.8 b	4.3 	3.6 	3.0 	3.0 	3.0 b	2.4 
A,Y25-74,PC_POP,M,CH	: 	: 	: 	: 	: 	: 	: 	3.3 b	2.9 	3.0 	3.3 	3.4 	3.4 	3.6 	3.4 	3.2 	2.9 	3.4 	3.6 	2.9 	2.7 	3.0 	3.6 
A,Y25-74,PC_POP,M,CY	: 	: 	: 	: 	: 	: 	3.6 	4.3 	5.4 	8.8 	11.5 	12.0 	10.5 	9.0 	7.6 	5.3 	4.6 	5.3 	5.0 	4.0 	4.0 	3.3 	2.8 
A,Y25-74,PC_POP,M,CZ	: 	: 	: 	: 	: 	: 	3.8 	4.2 	3.7 b	3.8 	3.8 	3.4 	2.9 	2.3 	1.6 	1.2 	1.2 	1.5 	1.6 	1.2 	1.5 	1.5 	1.6 
A,Y25-74,PC_POP,M,DE	: 	: 	: 	: 	: 	: 	5.1 	4.7 b	3.9 b	3.6 	3.6 	3.4 	3.2 	2.9 	2.6 	2.4 	2.2 	2.6 b	2.7 	2.3 	2.3 	2.5 	2.9 
A,Y25-74,PC_POP,M,DK	: 	: 	: 	: 	: 	: 	4.3 	5.3 	4.6 	4.7 	4.1 	3.9 	3.6 	3.2 b	3.3 b	2.9 	3.0 	3.2 	3.2 	2.6 	3.0 b	3.5 	4.0 
A,Y25-74,PC_POP,M,EA20	: 	: 	: 	: 	: 	: 	5.9 	6.4 	6.5 	7.4 	7.9 	7.6 	7.0 	6.4 	5.7 	5.1 	4.7 	4.8 	4.8 	4.1 	4.0 	3.9 	4.0 
A,Y25-74,PC_POP,M,EA21	: 	: 	: 	: 	: 	: 	5.9 	6.5 	6.5 	7.4 	7.9 	7.6 	7.0 	6.4 	5.7 	5.1 	4.7 	4.8 	4.8 	4.1 	4.0 	3.9 	3.9 
A,Y25-74,PC_POP,M,EE	: 	: 	: 	: 	: 	: 	11.5 	13.4 	9.2 	7.5 	6.5 	5.4 	4.5 	5.4 	4.5 	4.0 	2.8 	5.0 	4.7 	4.0 	4.3 	5.5 	5.8 
A,Y25-74,PC_POP,M,EL	: 	: 	: 	: 	: 	: 	4.6 	6.8 	10.2 	14.8 	16.8 	16.2 	14.9 	13.8 	12.5 	10.8 	9.9 	9.7 	7.6 	6.4 	5.7 	5.5 	4.9 
A,Y25-74,PC_POP,M,ES	: 	: 	: 	: 	: 	: 	12.0 	13.5 	14.5 	17.2 	17.8 	16.3 	14.3 	12.4 	10.5 	9.2 	8.3 	9.1 	8.8 d	7.6 d	7.0 d	6.6 d	6.1 d
A,Y25-74,PC_POP,M,EU27_2020	: 	: 	: 	: 	: 	: 	5.7 	6.2 	6.2 	7.0 	7.4 	7.0 	6.5 	5.8 	5.2 	4.6 	4.2 	4.4 	4.3 	3.8 	3.7 	3.6 	3.7 
A,Y25-74,PC_POP,M,FI	: 	: 	: 	: 	: 	: 	5.1 	5.3 	5.0 	4.9 	5.0 	5.4 	5.7 	5.4 	5.4 	4.7 	4.1 	4.4 	5.1 	4.6 	5.0 	5.8 	6.6 
A,Y25-74,PC_POP,M,FR	4.8 	4.9 	4.9 	4.9 	4.6 	4.1 	5.2 	5.4 	5.4 	5.9 	6.4 	6.5 	6.6 	6.2 	5.7 	5.4 	5.1 	4.8 	4.7 d	4.4 d	4.4 d	4.4 d	4.5 d
A,Y25-74,PC_POP,M,HR	: 	: 	: 	: 	: 	: 	4.1 	5.9 	7.7 	9.4 	9.8 	9.1 	8.8 	6.8 	5.8 	4.1 	3.4 	4.1 	4.1 	3.4 	3.1 	2.8 	3.0 
A,Y25-74,PC_POP,M,HU	: 	: 	: 	: 	: 	: 	6.0 	7.0 	6.8 	6.9 	6.3 	4.7 	4.1 	3.3 	2.5 	2.2 b	2.0 	2.7 	2.6 	2.5 	2.7 	3.0 	3.1 
A,Y25-74,PC_POP,M,IE	: 	: 	: 	: 	: 	: 	9.5 	11.1 	11.6 	11.5 	9.8 	8.4 	7.1 	5.9 	4.7 	3.6 	3.2 	3.5 	4.1 b	2.9 	2.8 	2.7 	3.1 
A,Y25-74,PC_POP,M,IS	: 	: 	: 	: 	: 	: 	5.7 	5.6 	5.0 	3.9 	3.5 	3.0 	2.3 	1.9 	1.4 	1.9 	2.2 	4.1 b	3.9 	2.5 	2.5 	2.5 	3.2 
A,Y25-74,PC_POP,M,IT	: 	: 	: 	: 	: 	: 	3.9 	4.3 	4.4 	5.8 	6.8 	7.0 	6.8 	6.6 	6.4 	6.0 b	5.7 	5.1 	5.2 	4.4 	4.2 	3.6 	3.6 
A,Y25-74,PC_POP,M,LT	: 	: 	: 	: 	: 	: 	11.2 	14.4 	12.3 	10.5 	9.2 	8.7 	7.3 	6.6 	6.2 	5.1 	5.1 	6.6 	5.6 	4.7 	5.2 	5.7 	5.7 
A,Y25-74,PC_POP,M,LU	: 	: 	: 	: 	: 	: 	2.5 	2.2 	2.4 	2.7 	3.5 	3.5 	3.8 b	3.8 	3.4 	3.3 	3.5 	3.9 	2.9 	2.7 	3.1 	3.8 	4.1 
A,Y25-74,PC_POP,M,LV	: 	: 	: 	: 	: 	: 	14.3 	15.7 	13.0 	11.3 	8.8 	8.4 	8.0 	7.7 	7.0 	6.4 	5.2 	6.9 	6.3 	5.7 	5.6 	6.0 	5.5 
A,Y25-74,PC_POP,M,ME	: 	: 	: 	: 	: 	: 	: 	: 	11.8 	11.5 	11.9 	10.9 	10.8 	11.6 	10.0 	9.8 	9.9 	10.9 	: 	: 	: 	: 	: 
A,Y25-74,PC_POP,M,MK	: 	: 	: 	: 	: 	: 	22.7 	22.9 	22.5 	22.2 	20.3 	19.5 	18.7 	17.0 	15.6 	14.4 	11.3 	11.3 	11.4 b	10.8 	9.4 	8.4 	7.5 
A,Y25-74,PC_POP,M,MT	: 	: 	: 	: 	: 	: 	3.6 	4.1 	3.5 	3.3 	3.6 	3.9 	3.3 	2.8 	2.3 	2.5 	2.2 	2.9 	2.4 	2.3 	2.4 	2.2 	2.1 
A,Y25-74,PC_POP,M,NL	: 	: 	: 	: 	: 	: 	2.5 	3.0 	3.2 	3.9 	5.2 	5.3 	4.9 	4.0 	3.3 	2.8 	2.5 	2.6 	2.2 	1.9 	1.9 	1.9 	2.1 
A,Y25-74,PC_POP,M,NO	: 	: 	: 	: 	: 	: 	2.0 	2.4 	1.9 	2.0 	2.1 	2.2 	2.9 	3.2 	2.6 	2.3 	2.3 	2.8 	2.6 	1.7 	1.9 	2.2 	2.4 
A,Y25-74,PC_POP,M,PL	: 	: 	: 	: 	: 	: 	4.6 	5.7 b	5.4 	5.8 	6.0 	5.3 	4.5 	3.7 	3.0 	2.4 	1.8 b	1.9 	2.1 	1.7 	1.6 	1.6 	1.8 
A,Y25-74,PC_POP,M,PT	: 	: 	: 	: 	: 	: 	7.5 	8.1 	8.6 	10.8 	11.2 	9.2 	8.3 	7.5 	5.7 	4.2 	3.9 	4.3 	4.0 	3.7 	3.8 	3.7 	3.6 
A,Y25-74,PC_POP,M,RO	: 	: 	: 	: 	: 	: 	4.9 	5.2 	5.0 	5.0 	5.3 	5.0 	5.3 	4.5 	3.9 	3.3 	2.9 	3.7 	3.5 	3.5 	3.5 	3.2 	3.6 
A,Y25-74,PC_POP,M,RS	: 	: 	: 	: 	: 	: 	: 	11.4 	14.0 	14.7 	13.8 	11.8 	10.9 	9.9 	8.7 	8.2 	6.5 	5.5 	6.4 	5.7 	5.7 	5.3 	5.4 
A,Y25-74,PC_POP,M,SE	: 	: 	4.8 	4.1 	3.4 	3.2 	5.0 	5.0 	4.5 	4.7 	4.7 	4.8 	4.6 	4.5 	4.4 	4.1 	4.1 	5.3 	5.3 	4.3 	4.4 	4.9 	5.5 
A,Y25-74,PC_POP,M,SI	: 	: 	: 	: 	: 	: 	3.7 	4.8 	5.4 	5.3 	6.2 	5.9 	5.2 	4.8 	3.9 	3.1 	2.7 	2.8 	2.7 	2.5 	2.2 	2.0 	2.2 
A,Y25-74,PC_POP,M,SK	: 	: 	: 	: 	: 	: 	7.2 	9.1 	8.7 b	8.6 	8.9 	8.4 	6.6 	5.7 	5.1 	4.0 	3.6 	4.0 	4.4 	3.9 	3.6 	3.0 	3.4 
A,Y25-74,PC_POP,M,TR	: 	: 	: 	: 	: 	: 	8.2 	6.9 	5.5 	5.1 	5.2 	6.0 b	6.3 	6.5 	6.3 	6.5 	8.4 	8.1 	7.1 b	6.0 	5.1 	4.7 	4.6 
A,Y25-74,PC_POP,T,AT	: 	: 	: 	: 	: 	: 	3.2 	3.0 	2.8 	3.0 	3.4 	3.6 	3.7 	3.9 	3.7 	3.2 	3.0 	3.7 	3.9 	2.9 	3.1 	3.2 	3.5 
A,Y25-74,PC_POP,T,BA	: 	: 	: 	: 	: 	: 	: 	: 	: 	: 	: 	: 	: 	: 	: 	: 	: 	: 	8.4 	7.5 	6.7 	6.7 	6.4 
A,Y25-74,PC_POP,T,BE	: 	: 	: 	: 	: 	: 	4.3 	4.6 	4.0 	4.2 	4.7 	4.8 	4.9 	4.5 	4.1 b	3.4 	3.1 	3.2 	3.5 	3.1 	3.1 	3.1 	3.5 
A,Y25-74,PC_POP,T,BG	: 	: 	: 	: 	: 	: 	4.5 	6.5 b	7.0 b	7.5 	8.2 	7.5 	6.0 	5.1 	4.4 	3.8 	3.3 b	3.7 	3.2 	2.6 	2.7 	2.7 b	2.2 
A,Y25-74,PC_POP,T,CH	: 	: 	: 	: 	: 	: 	: 	3.2 b	2.9 	2.9 	3.1 	3.2 	3.2 	3.4 	3.3 	3.3 	3.0 	3.4 	3.5 	2.9 	2.8 	3.0 	3.4 
A,Y25-74,PC_POP,T,CY	: 	: 	: 	: 	: 	: 	3.2 	3.8 	4.7 	7.4 	9.9 	10.3 	9.6 	8.2 	7.1 	5.3 	4.7 	5.0 	4.7 	4.1 	3.8 	3.2 	2.9 
A,Y25-74,PC_POP,T,CZ	: 	: 	: 	: 	: 	: 	4.0 	4.4 	4.0 b	4.2 	4.2 	3.8 	3.1 	2.5 	1.8 	1.4 	1.3 	1.6 	1.8 	1.4 	1.6 	1.6 	1.7 
A,Y25-74,PC_POP,T,DE	: 	: 	: 	: 	: 	: 	4.5 	4.1 b	3.4 b	3.2 	3.2 	3.0 	2.8 	2.5 	2.2 	2.0 	1.9 	2.2 b	2.3 	2.0 	2.0 	2.2 	2.5 
A,Y25-74,PC_POP,T,DK	: 	: 	: 	: 	: 	: 	3.6 	4.5 	4.4 	4.5 	4.2 	3.9 	3.7 	3.4 b	3.3 b	3.0 	3.0 	3.3 	3.0 	2.5 	3.0 b	3.5 	3.7 
A,Y25-74,PC_POP,T,EA20	: 	: 	: 	: 	: 	: 	5.5 	5.9 	6.0 	6.8 	7.2 	7.0 	6.6 	6.1 	5.5 	5.0 	4.6 	4.7 	4.7 	4.1 	4.0 	3.9 	3.9 
A,Y25-74,PC_POP,T,EA21	: 	: 	: 	: 	: 	: 	5.5 	5.9 	6.0 	6.8 	7.3 	7.0 	6.6 	6.1 	5.5 	5.0 	4.6 	4.7 	4.7 	4.1 	4.0 	3.8 	3.8 
A,Y25-74,PC_POP,T,EE	: 	: 	: 	: 	: 	: 	8.7 	10.9 	8.2 	6.5 	5.6 	4.9 	4.2 	4.7 	4.0 	3.6 	3.0 	4.6 	4.1 	3.5 	4.3 	5.2 	5.0 
A,Y25-74,PC_POP,T,EL	: 	: 	: 	: 	: 	: 	5.4 	7.3 	10.3 	14.4 	16.3 	15.8 	15.0 	14.5 	13.2 	12.0 	10.9 	10.3 	8.8 	7.5 	6.7 	6.3 	5.6 
A,Y25-74,PC_POP,T,ES	: 	: 	: 	: 	: 	: 	10.9 	12.4 	13.5 	15.9 	16.7 	15.6 	14.1 	12.6 	10.9 	9.7 	8.9 	9.6 	9.4 d	8.3 d	7.7 d	7.2 d	6.6 d
A,Y25-74,PC_POP,T,EU27_2020	: 	: 	: 	: 	: 	: 	5.2 	5.7 	5.8 	6.4 	6.8 	6.5 	6.0 	5.5 	4.9 	4.4 	4.1 	4.2 	4.2 	3.7 	3.6 	3.5 	3.6 
A,Y25-74,PC_POP,T,FI	: 	: 	: 	: 	: 	: 	4.5 	4.6 	4.3 	4.3 	4.5 	4.8 	5.1 	4.9 	4.8 	4.2 	3.6 	4.1 	4.5 	4.1 	4.3 	5.0 	5.8 
A,Y25-74,PC_POP,T,FR	4.8 	5.0 	4.9 	4.8 	4.4 	4.0 	4.9 	5.1 	5.1 	5.5 	5.9 	5.9 	5.9 	5.7 	5.4 	5.2 	4.8 	4.4 	4.5 d	4.1 d	4.2 d	4.2 d	4.3 d
A,Y25-74,PC_POP,T,HR	: 	: 	: 	: 	: 	: 	4.6 	5.9 	7.1 	8.5 	8.8 	9.2 	8.7 	6.8 	5.8 	4.2 	3.4 	3.8 	3.9 	3.7 	3.3 	2.7 	2.6 
A,Y25-74,PC_POP,T,HU	: 	: 	: 	: 	: 	: 	5.2 	6.0 	6.0 	6.0 	5.5 	4.3 	3.9 	2.9 	2.4 	2.1 b	1.9 	2.5 	2.4 	2.3 	2.6 	2.8 	2.8 
A,Y25-74,PC_POP,T,IE	: 	: 	: 	: 	: 	: 	7.2 	8.5 	9.1 	9.1 	8.3 	7.2 	5.9 	5.0 	4.0 	3.3 	2.8 	3.2 	3.6 b	2.7 	2.5 	2.5 	2.8 
A,Y25-74,PC_POP,T,IS	: 	: 	: 	: 	: 	: 	4.5 	4.8 	4.5 	3.6 	3.5 	3.2 	2.5 	1.9 	1.4 	1.7 	2.1 	3.8 b	4.0 	2.4 	2.1 	2.1 	2.8 
A,Y25-74,PC_POP,T,IT	: 	: 	: 	: 	: 	: 	3.8 	4.1 	4.1 	5.4 	6.2 	6.5 	6.1 	6.1 	6.0 	5.7 b	5.4 	4.9 	5.0 	4.4 	4.2 	3.6 	3.4 
A,Y25-74,PC_POP,T,LT	: 	: 	: 	: 	: 	: 	8.5 	11.4 	9.9 	8.8 	7.8 	7.2 	6.2 	5.4 	4.9 	4.3 	4.4 	5.8 	5.0 	4.2 	4.8 	4.9 	4.9 
A,Y25-74,PC_POP,T,LU	: 	: 	: 	: 	: 	: 	2.7 	2.5 	2.8 	2.9 	3.6 	3.3 	4.0 b	3.7 	3.3 	3.4 	3.3 	3.9 	3.1 	2.6 	3.0 	3.7 	4.1 
A,Y25-74,PC_POP,T,LV	: 	: 	: 	: 	: 	: 	11.1 	12.3 	10.2 	9.7 	7.6 	7.1 	6.7 	6.6 	5.9 	5.3 	4.4 	5.7 	5.2 	4.6 	4.5 	4.8 	4.7 
A,Y25-74,PC_POP,T,ME	: 	: 	: 	: 	: 	: 	: 	: 	10.6 	10.6 	10.4 	10.0 	9.8 	10.0 	9.3 	8.9 	9.3 	10.0 	: 	: 	: 	: 	: 
A,Y25-74,PC_POP,T,MK	: 	: 	: 	: 	: 	: 	18.7 	19.0 	18.5 	18.1 	17.1 	16.5 	15.3 	13.6 	12.7 	11.8 	10.0 	9.3 	8.7 b	8.1 	7.3 	6.7 	6.1 
A,Y25-74,PC_POP,T,MT	: 	: 	: 	: 	: 	: 	2.9 	3.1 	2.8 	2.8 	2.9 	2.9 	2.7 	2.4 	2.0 	2.1 	2.2 	2.8 	2.2 	2.1 	2.1 	2.0 	1.9 
A,Y25-74,PC_POP,T,NL	: 	: 	: 	: 	: 	: 	2.9 	3.4 	3.5 	4.0 	5.0 	5.2 	4.9 	4.2 	3.5 	2.9 	2.6 	2.6 	2.3 	2.0 	1.9 	1.9 	2.1 
A,Y25-74,PC_POP,T,NO	: 	: 	: 	: 	: 	: 	1.6 	2.0 	1.8 	1.7 	2.0 	2.1 	2.6 	2.7 	2.3 	2.1 	2.0 	2.5 	2.3 	1.6 	1.7 	2.0 	2.1 
A,Y25-74,PC_POP,T,PL	: 	: 	: 	: 	: 	: 	4.4 	5.2 b	5.2 	5.6 	5.8 	5.0 	4.2 	3.4 	2.7 	2.1 	1.8 b	1.7 	1.9 	1.6 	1.5 	1.6 	1.8 
A,Y25-74,PC_POP,T,PT	: 	: 	: 	: 	: 	: 	6.5 	7.6 	8.1 	9.9 	10.4 	8.8 	7.8 	7.0 	5.6 	4.3 	4.0 	4.1 	4.0 	3.8 	4.0 	3.9 	3.7 
A,Y25-74,PC_POP,T,RO	: 	: 	: 	: 	: 	: 	3.7 	4.1 	4.1 	4.0 	4.1 	4.0 	4.0 	3.4 	2.9 	2.5 	2.3 	3.0 	2.8 	2.8 	2.8 	2.6 	3.0 
A,Y25-74,PC_POP,T,RS	: 	: 	: 	: 	: 	: 	: 	10.7 	12.6 	13.3 	12.9 	11.0 	10.0 	9.1 	8.1 	7.8 	6.2 	5.2 	6.3 	5.4 	5.4 	5.0 	5.1 
A,Y25-74,PC_POP,T,SE	: 	: 	4.5 	3.9 	3.3 	3.2 	4.6 	4.8 	4.3 	4.4 	4.4 	4.5 	4.3 	4.1 	4.1 	3.9 	4.0 	5.1 	5.3 	4.3 	4.5 	4.9 	5.3 
A,Y25-74,PC_POP,T,SI	: 	: 	: 	: 	: 	: 	3.5 	4.5 	5.1 	5.3 	6.2 	6.1 	5.7 	5.0 	4.2 	3.4 	2.9 	3.0 	2.9 	2.5 	2.2 	2.2 	2.3 
A,Y25-74,PC_POP,T,SK	: 	: 	: 	: 	: 	: 	7.4 	8.8 	8.3 b	8.6 	8.8 	8.3 	7.3 	6.2 	5.1 	4.2 	3.6 	4.1 	4.3 	3.9 	3.7 	3.3 	3.6 
A,Y25-74,PC_POP,T,TR	: 	: 	: 	: 	: 	: 	5.4 	4.7 	4.0 	3.7 	4.0 	4.7 b	4.9 	5.3 	5.2 	5.3 	6.7 	6.0 	5.7 b	5.2 	4.6 	4.3 	4.1 
A,Y25-74,THS_PER,F,AT	: 	: 	: 	: 	: 	: 	74 	69 	70 	75 	84 	87 	87 	94 	88 	79 	78 	99 	106 	77 	81 	81 	94 
A,Y25-74,THS_PER,F,BA	: 	: 	: 	: 	: 	: 	: 	: 	: 	: 	: 	: 	: 	: 	: 	: 	: 	: 	99 	89 	80 	82 	82 
A,Y25-74,THS_PER,F,BE	: 	: 	: 	: 	: 	: 	134 	147 	123 	132 	145 	144 	145 	145 	135 b	105 	96 	104 	113 	102 	97 	103 	112 
A,Y25-74,THS_PER,F,BG	: 	: 	: 	: 	: 	: 	105 	142 b	145 b	156 	175 	156 	127 	108 	97 	78 	65 b	73 	63 	51 	55 	51 b	42 
A,Y25-74,THS_PER,F,CH	: 	: 	: 	: 	: 	: 	: 	78 b	74 	75 	78 	82 	83 	87 	91 	95 	88 	93 	99 	83 	80 	86 	91 
A,Y25-74,THS_PER,F,CY	: 	: 	: 	: 	: 	: 	7 	9 	11 	17 	24 	24 	24 	21 	19 	15 	14 	15 	14 	13 	12 	11 	10 
A,Y25-74,THS_PER,F,CZ	: 	: 	: 	: 	: 	: 	149 	163 	153 b	160 	165 	148 	122 	96 	74 	59 	50 	61 	72 	56 	59 	61 	64 
A,Y25-74,THS_PER,F,DE	: 	: 	: 	: 	: 	: 	1061 	936 b	811 b	759 	728 	687 	631 	563 	492 	432 	409 	489 b	505 	470 	469 	531 	584 
A,Y25-74,THS_PER,F,DK	: 	: 	: 	: 	: 	: 	52 	64 	73 	75 	77 	70 	65 	65 b	59 b	55 	54 	63 	51 	44 	54 b	66 	66 
A,Y25-74,THS_PER,F,EA20	: 	: 	: 	: 	: 	: 	5553 	5983 	6118 	6924 	7381 	7255 	6849 	6493 	5968 	5444 	5066 	5133 	5138 	4647 	4524 	4309 	4299 
A,Y25-74,THS_PER,F,EA21	: 	: 	: 	: 	: 	: 	5659 	6125 	6263 	7080 	7556 	7411 	6976 	6600 	6065 	5521 	5131 	5206 	5201 	4699 	4579 	4360 	4342 
A,Y25-74,THS_PER,F,EE	: 	: 	: 	: 	: 	: 	28 	39 	33 	25 	22 	20 	18 	18 	15 	15 	14 	18 	15 	13 	20 	22 	19 
A,Y25-74,THS_PER,F,EL	: 	: 	: 	: 	: 	: 	227 	287 	377 	505 	572 	553 	542 	544 	495 	464 	421 	382 	347 	300 	265 	241 	213 
A,Y25-74,THS_PER,F,ES	: 	: 	: 	: 	: 	: 	1487 	1727 	1906 	2241 	2410 	2300 	2150 	1962 	1752 	1576 	1479 	1598 	1590 d	1423 d	1360 d	1243 d	1181 d
A,Y25-74,THS_PER,F,EU27_2020	: 	: 	: 	: 	: 	: 	6830 	7446 	7610 	8461 	8970 	8680 	8079 	7499 	6812 	6158 	5744 	5913 	5911 	5316 	5235 	5050 	5084 
A,Y25-74,THS_PER,F,FI	: 	: 	: 	: 	: 	: 	66 	67 	62 	61 	68 	71 	79 	77 	75 	65 	56 	67 	68 	65 	63 	74 	89 
A,Y25-74,THS_PER,F,FR	919 	950 	946 	921 	831 	780 	921 	959 	978 	1025 	1082 	1098 	1080 	1071 	1047 	1024 	950 	867 	888 d	834 d	858 d	833 d	878 d
A,Y25-74,THS_PER,F,HR	: 	: 	: 	: 	: 	: 	73 	83 	91 	109 	111 	128 	119 	92 	79 	58 	46 	46 	49 	52 	44 	33 	28 
A,Y25-74,THS_PER,F,HU	: 	: 	: 	: 	: 	: 	154 	176 	183 	175 	164 	131 	122 	88 	79 	68 b	59 	74 	74 	67 	79 	82 	81 
A,Y25-74,THS_PER,F,IE	: 	: 	: 	: 	: 	: 	66 	82 	94 	96 	96 	86 	71 	62 	51 	46 	38 	44 	51 b	41 	37 	40 	43 
A,Y25-74,THS_PER,F,IS	: 	: 	: 	: 	: 	: 	3 	4 	4 	3 	3 	3 	3 	2 	1 	2 	2 	4 b	5 	3 	2 	2 	3 
A,Y25-74,THS_PER,F,IT	: 	: 	: 	: 	: 	: 	736 	778 	770 	1003 	1115 	1189 	1089 	1126 	1121 	1070 b	1021 	919 	946 	850 	806 	684 	629 
A,Y25-74,THS_PER,F,LT	: 	: 	: 	: 	: 	: 	67 	93 	82 	74 	66 	58 	51 	43 	36 	35 	36 	48 	41 	37 	44 	42 	40 
A,Y25-74,THS_PER,F,LU	: 	: 	: 	: 	: 	: 	5 	4 	5 	5 	6 	5 	7 b	7 	6 	7 	6 	8 	7 	5 	6 	8 	9 
A,Y25-74,THS_PER,F,LV	: 	: 	: 	: 	: 	: 	62 	69 	57 	60 	47 	41 	38 	38 	33 	28 	24 	30 	27 	23 	22 	23 	25 
A,Y25-74,THS_PER,F,ME	: 	: 	: 	: 	: 	: 	: 	: 	18 	19 	17 	18 	17 	17 	17 	16 	17 	18 	: 	: 	: 	: 	: 
A,Y25-74,THS_PER,F,MK	: 	: 	: 	: 	: 	: 	93 	97 	94 	92 	91 	89 	79 	69 	66 	62 	60 	51 	37 b	33 	32 	30 	29 
A,Y25-74,THS_PER,F,MT	: 	: 	: 	: 	: 	: 	3 	3 	3 	3 	3 	3 	3 	3 	3 	3 	4 	5 	3 	3 	3 	3 	3 
A,Y25-74,THS_PER,F,NL	: 	: 	: 	: 	: 	: 	177 	196 	195 	215 	253 	270 	265 	241 	200 	163 	143 	149 	130 	110 	106 	109 	118 
A,Y25-74,THS_PER,F,NO	: 	: 	: 	: 	: 	: 	18 	23 	24 	21 	28 	29 	35 	33 	31 	31 	27 	37 	34 	25 	26 	30 	30 
A,Y25-74,THS_PER,F,PL	: 	: 	: 	: 	: 	: 	515 	583 b	610 	657 	682 	598 	488 	380 	296 	230 	223 b	200 	215 	184 	180 	198 	215 
A,Y25-74,THS_PER,F,PT	: 	: 	: 	: 	: 	: 	203 	252 	276 	325 	347 	297 	260 	232 	195 	155 	146 	143 	138 	138 	147 	145 	143 
A,Y25-74,THS_PER,F,RO	: 	: 	: 	: 	: 	: 	184 	206 	210 	198 	204 	200 	183 	155 	125 	109 	102 	152 	129 	129 	139 	129 	156 
A,Y25-74,THS_PER,F,RS	: 	: 	: 	: 	: 	: 	: 	248 	275 	291 	292 	246 	220 	200 	179 	175 	137 	114 	144 	119 	119 	109 	109 
A,Y25-74,THS_PER,F,SE	: 	: 	115 	104 	93 	92 	117 	129 	117 	117 	122 	123 	122 	115 	116 	116 	126 	157 	168 	137 	145 	155 	161 
A,Y25-74,THS_PER,F,SI	: 	: 	: 	: 	: 	: 	22 	28 	32 	37 	43 	43 	42 	35 	31 	24 	21 	22 	21 	16 	15 	15 	16 
A,Y25-74,THS_PER,F,SK	: 	: 	: 	: 	: 	: 	135 	155 	142 b	157 	160 	151 	146 	122 	95 	81 	66 	80 	78 	72 	69 	67 	67 
A,Y25-74,THS_PER,F,TR	: 	: 	: 	: 	: 	: 	517 	513 	488 	493 	594 	705 b	771 	892 	944 	988 	1184 	976 	1053 b	1081 	1061 	1015 	949 
A,Y25-74,THS_PER,M,AT	: 	: 	: 	: 	: 	: 	97 	92 	84 	91 	105 	113 	120 	128 	122 	105 	95 	113 	123 	95 	104 	110 	116 
A,Y25-74,THS_PER,M,BA	: 	: 	: 	: 	: 	: 	: 	: 	: 	: 	: 	: 	: 	: 	: 	: 	: 	: 	94 	84 	74 	71 	63 
A,Y25-74,THS_PER,M,BE	: 	: 	: 	: 	: 	: 	156 	167 	147 	158 	179 	192 	196 	175 	152 b	139 	124 	129 	140 	124 	128 	128 	144 
A,Y25-74,THS_PER,M,BG	: 	: 	: 	: 	: 	: 	117 	177 b	196 b	213 	223 	208 	166 	140 	117 	106 	85 b	94 	77 	63 	62 	62 b	49 
A,Y25-74,THS_PER,M,CH	: 	: 	: 	: 	: 	: 	: 	82 b	75 	77 	86 	90 	91 	97 	93 	88 	81 	95 	101 	82 	78 	87 	105 
A,Y25-74,THS_PER,M,CY	: 	: 	: 	: 	: 	: 	9 	10 	14 	23 	29 	30 	27 	23 	20 	14 	13 	15 	15 	12 	12 	10 	9 
A,Y25-74,THS_PER,M,CZ	: 	: 	: 	: 	: 	: 	133 	147 	130 b	134 	135 	119 	102 	81 	56 	43 	43 	55 	57 	43 	51 	51 	54 
A,Y25-74,THS_PER,M,DE	: 	: 	: 	: 	: 	: 	1375 	1239 b	1007 b	932 	934 	899 	853 	761 	698 	638 	586 	690 b	720 	624 	609 	686 	785 
A,Y25-74,THS_PER,M,DK	: 	: 	: 	: 	: 	: 	74 	92 	80 	81 	73 	69 	65 	58 b	59 b	52 	54 	58 	58 	48 	55 b	64 	74 
A,Y25-74,THS_PER,M,EA20	: 	: 	: 	: 	: 	: 	6371 	6862 	6894 	7870 	8409 	8092 	7551 	6873 	6170 	5529 	5099 	5253 	5204 	4504 	4382 	4326 	4402 
A,Y25-74,THS_PER,M,EA21	: 	: 	: 	: 	: 	: 	6488 	7040 	7089 	8083 	8632 	8300 	7717 	7014 	6287 	5634 	5184 	5347 	5280 	4567 	4444 	4389 	4451 
A,Y25-74,THS_PER,M,EE	: 	: 	: 	: 	: 	: 	45 	53 	36 	30 	26 	21 	18 	22 	18 	16 	12 	21 	20 	17 	18 	23 	24 
A,Y25-74,THS_PER,M,EL	: 	: 	: 	: 	: 	: 	164 	240 	358 	516 	581 	557 	510 	473 	426 	367 	334 	326 	254 	211 	187 	182 	159 
A,Y25-74,THS_PER,M,ES	: 	: 	: 	: 	: 	: 	1820 	2055 	2213 	2614 	2690 	2460 	2155 	1863 	1586 	1386 	1268 	1386 	1356 d	1178 d	1091 d	1054 d	973 d
A,Y25-74,THS_PER,M,EU27_2020	: 	: 	: 	: 	: 	: 	7880 	8624 	8589 	9645 	10210 	9716 	9021 	8123 	7216 	6414 	5879 	6170 	6112 	5298 	5183 	5144 	5274 
A,Y25-74,THS_PER,M,FI	: 	: 	: 	: 	: 	: 	86 	89 	85 	84 	85 	94 	99 	94 	93 	82 	71 	78 	90 	80 	88 	104 	117 
A,Y25-74,THS_PER,M,FR	857 	890 	894 	890 	840 	759 	966 	1009 	1012 	1120 	1220 	1236 	1260 	1195 	1106 	1053 	993 	936 	935 d	859 d	867 d	865 d	895 d
A,Y25-74,THS_PER,M,HR	: 	: 	: 	: 	: 	: 	56 	79 	104 	125 	131 	120 	115 	88 	73 	52 	43 	51 	50 	42 	39 	35 	38 
A,Y25-74,THS_PER,M,HU	: 	: 	: 	: 	: 	: 	184 	215 	208 	214 	193 	144 	127 	102 	77 	69 b	64 	84 	79 	77 	83 	92 	95 
A,Y25-74,THS_PER,M,IE	: 	: 	: 	: 	: 	: 	130 	153 	160 	160 	137 	118 	99 	84 	67 	53 	47 	53 	63 b	45 	45 	44 	51 
A,Y25-74,THS_PER,M,IS	: 	: 	: 	: 	: 	: 	5 	5 	5 	4 	3 	3 	2 	2 	1 	2 	2 	5 b	4 	3 	3 	3 	4 
A,Y25-74,THS_PER,M,IT	: 	: 	: 	: 	: 	: 	748 	830 	843 	1113 	1315 	1348 	1300 	1269 	1227 	1155 b	1082 	975 	994 	821 	793 	687 	675 
A,Y25-74,THS_PER,M,LT	: 	: 	: 	: 	: 	: 	102 	130 	107 	90 	79 	75 	62 	55 	52 	43 	43 	57 	49 	41 	48 	53 	54 
A,Y25-74,THS_PER,M,LU	: 	: 	: 	: 	: 	: 	4 	4 	4 	5 	6 	6 	7 b	7 	7 	7 	7 	8 	6 	6 	7 	8 	9 
A,Y25-74,THS_PER,M,LV	: 	: 	: 	: 	: 	: 	88 	96 	78 	67 	52 	49 	47 	45 	41 	37 	30 	40 	35 	32 	31 	33 	31 
A,Y25-74,THS_PER,M,ME	: 	: 	: 	: 	: 	: 	: 	: 	22 	22 	22 	20 	20 	22 	19 	18 	19 	21 	: 	: 	: 	: 	: 
A,Y25-74,THS_PER,M,MK	: 	: 	: 	: 	: 	: 	144 	146 	145 	146 	134 	129 	126 	115 	106 	99 	78 	78 	68 b	64 	56 	50 	44 
A,Y25-74,THS_PER,M,MT	: 	: 	: 	: 	: 	: 	5 	5 	5 	4 	5 	6 	5 	4 	4 	4 	4 	5 	4 	5 	5 	5 	5 
A,Y25-74,THS_PER,M,NL	: 	: 	: 	: 	: 	: 	127 	154 	168 	202 	274 	280 	257 	212 	177 	150 	138 	140 	121 	106 	103 	106 	119 
A,Y25-74,THS_PER,M,NO	: 	: 	: 	: 	: 	: 	30 	37 	30 	31 	34 	36 	48 	54 	44 	39 	39 	48 	45 	29 	34 	38 	43 
A,Y25-74,THS_PER,M,PL	: 	: 	: 	: 	: 	: 	531 	654 b	629 	678 	702 	621 	531 	439 	351 	278 	220 b	227 	251 	207 	193 	191 	207 
A,Y25-74,THS_PER,M,PT	: 	: 	: 	: 	: 	: 	246 	268 	282 	350 	361 	296 	267 	240 	181 	135 	124 	137 	129 	119 	125 	125 	121 
A,Y25-74,THS_PER,M,RO	: 	: 	: 	: 	: 	: 	327 	331 	321 	316 	335 	321 	340 	291 	248 	209 	186 	230 	216 	217 	212 	197 	214 
A,Y25-74,THS_PER,M,RS	: 	: 	: 	: 	: 	: 	: 	269 	327 	342 	319 	271 	249 	225 	198 	185 	147 	123 	142 	125 	123 	113 	113 
A,Y25-74,THS_PER,M,SE	: 	: 	134 	114 	95 	92 	142 	145 	132 	140 	140 	144 	140 	139 	139 	129 	130 	169 	171 	140 	144 	160 	180 
A,Y25-74,THS_PER,M,SI	: 	: 	: 	: 	: 	: 	25 	33 	37 	36 	43 	41 	37 	34 	27 	22 	19 	20 	19 	17 	15 	14 	15 
A,Y25-74,THS_PER,M,SK	: 	: 	: 	: 	: 	: 	122 	155 	150 b	149 	157 	148 	117 	103 	93 	72 	66 	73 	80 	70 	65 	54 	61 
A,Y25-74,THS_PER,M,TR	: 	: 	: 	: 	: 	: 	1554 	1330 	1094 	1031 	1087 	1285 b	1352 	1438 	1424 	1483 	1957 	1923 	1734 b	1487 	1272 	1199 	1179 
A,Y25-74,THS_PER,T,AT	: 	: 	: 	: 	: 	: 	172 	161 	153 	165 	189 	201 	207 	222 	211 	183 	173 	212 	228 	172 	185 	191 	210 
A,Y25-74,THS_PER,T,BA	: 	: 	: 	: 	: 	: 	: 	: 	: 	: 	: 	: 	: 	: 	: 	: 	: 	: 	193 	173 	154 	153 	146 
A,Y25-74,THS_PER,T,BE	: 	: 	: 	: 	: 	: 	290 	314 	270 	290 	325 	336 	341 	319 	287 b	243 	220 	233 	252 	226 	226 	230 	256 
A,Y25-74,THS_PER,T,BG	: 	: 	: 	: 	: 	: 	222 	319 b	341 b	369 	398 	364 	293 	248 	214 	183 	150 b	167 	140 	114 	117 	113 b	92 
A,Y25-74,THS_PER,T,CH	: 	: 	: 	: 	: 	: 	: 	161 b	149 	152 	164 	172 	174 	184 	183 	183 	169 	188 	200 	164 	158 	173 	196 
A,Y25-74,THS_PER,T,CY	: 	: 	: 	: 	: 	: 	16 	19 	25 	40 	53 	54 	51 	44 	38 	29 	27 	30 	29 	25 	24 	21 	19 
A,Y25-74,THS_PER,T,CZ	: 	: 	: 	: 	: 	: 	282 	310 	284 b	294 	300 	267 	224 	177 	130 	102 	93 	116 	129 	99 	110 	112 	117 
A,Y25-74,THS_PER,T,DE	: 	: 	: 	: 	: 	: 	2435 	2175 b	1818 b	1692 	1662 	1586 	1485 	1324 	1191 	1071 	995 	1179 b	1225 	1094 	1078 	1217 	1370 
A,Y25-74,THS_PER,T,DK	: 	: 	: 	: 	: 	: 	126 	156 	153 	156 	149 	139 	130 	123 b	118 b	107 	108 	121 	109 	92 	109 b	130 	139 
A,Y25-74,THS_PER,T,EA20	: 	: 	: 	: 	: 	: 	11925 	12846 	13012 	14794 	15789 	15346 	14400 	13366 	12138 	10972 	10164 	10385 	10342 	9151 	8906 	8636 	8701 
A,Y25-74,THS_PER,T,EA21	: 	: 	: 	: 	: 	: 	12147 	13165 	13353 	15163 	16188 	15710 	14693 	13614 	12352 	11155 	10314 	10553 	10481 	9265 	9024 	8749 	8793 
A,Y25-74,THS_PER,T,EE	: 	: 	: 	: 	: 	: 	73 	92 	70 	55 	47 	41 	35 	39 	33 	31 	25 	39 	35 	30 	38 	45 	43 
A,Y25-74,THS_PER,T,EL	: 	: 	: 	: 	: 	: 	391 	527 	735 	1022 	1153 	1110 	1052 	1016 	921 	830 	754 	707 	601 	511 	452 	423 	372 
A,Y25-74,THS_PER,T,ES	: 	: 	: 	: 	: 	: 	3307 	3782 	4118 	4855 	5100 	4760 	4305 	3825 	3339 	2962 	2747 	2983 	2947 d	2601 d	2451 d	2297 d	2155 d
A,Y25-74,THS_PER,T,EU27_2020	: 	: 	: 	: 	: 	: 	14710 	16070 	16198 	18106 	19180 	18396 	17100 	15622 	14028 	12572 	11623 	12083 	12023 	10614 	10418 	10194 	10358 
A,Y25-74,THS_PER,T,FI	: 	: 	: 	: 	: 	: 	152 	157 	147 	145 	153 	165 	178 	170 	168 	147 	127 	145 	158 	145 	151 	178 	205 
A,Y25-74,THS_PER,T,FR	1775 	1840 	1840 	1811 	1671 	1540 	1887 	1968 	1990 	2145 	2302 	2334 	2340 	2266 	2153 	2077 	1943 	1803 	1823 d	1693 d	1725 d	1698 d	1773 d
A,Y25-74,THS_PER,T,HR	: 	: 	: 	: 	: 	: 	128 	162 	195 	234 	241 	248 	234 	180 	152 	110 	88 	97 	100 	94 	82 	69 	65 
A,Y25-74,THS_PER,T,HU	: 	: 	: 	: 	: 	: 	339 	391 	391 	388 	357 	275 	249 	190 	155 	137 b	122 	158 	154 	144 	162 	173 	175 
A,Y25-74,THS_PER,T,IE	: 	: 	: 	: 	: 	: 	196 	235 	255 	256 	233 	203 	170 	146 	118 	99 	85 	97 	113 b	86 	82 	84 	94 
A,Y25-74,THS_PER,T,IS	: 	: 	: 	: 	: 	: 	8 	9 	8 	7 	6 	6 	5 	4 	3 	4 	5 	8 b	9 	5 	5 	5 	7 
A,Y25-74,THS_PER,T,IT	: 	: 	: 	: 	: 	: 	1484 	1608 	1613 	2115 	2430 	2537 	2390 	2394 	2347 	2225 b	2103 	1893 	1940 	1672 	1600 	1371 	1304 
A,Y25-74,THS_PER,T,LT	: 	: 	: 	: 	: 	: 	170 	224 	189 	165 	145 	133 	114 	98 	88 	78 	79 	106 	90 	78 	92 	95 	94 
A,Y25-74,THS_PER,T,LU	: 	: 	: 	: 	: 	: 	9 	8 	9 	10 	12 	12 	14 b	14 	13 	13 	13 	16 	13 	11 	13 	16 	18 
A,Y25-74,THS_PER,T,LV	: 	: 	: 	: 	: 	: 	150 	165 	135 	127 	99 	91 	85 	83 	73 	65 	54 	70 	62 	55 	54 	56 	56 
A,Y25-74,THS_PER,T,ME	: 	: 	: 	: 	: 	: 	: 	: 	40 	40 	39 	38 	37 	38 	35 	34 	36 	38 	: 	: 	: 	: 	: 
A,Y25-74,THS_PER,T,MK	: 	: 	: 	: 	: 	: 	237 	243 	239 	238 	225 	218 	205 	184 	173 	161 	137 	129 	104 b	97 	87 	80 	73 
A,Y25-74,THS_PER,T,MT	: 	: 	: 	: 	: 	: 	8 	8 	8 	8 	8 	8 	8 	7 	6 	7 	8 	10 	8 	8 	8 	8 	8 
A,Y25-74,THS_PER,T,NL	: 	: 	: 	: 	: 	: 	304 	350 	363 	418 	527 	550 	522 	452 	377 	313 	281 	290 	252 	216 	209 	215 	236 
A,Y25-74,THS_PER,T,NO	: 	: 	: 	: 	: 	: 	48 	59 	54 	52 	62 	66 	82 	87 	75 	70 	66 	85 	78 	54 	60 	68 	73 
A,Y25-74,THS_PER,T,PL	: 	: 	: 	: 	: 	: 	1046 	1237 b	1239 	1334 	1385 	1218 	1019 	819 	646 	508 	442 b	428 	466 	391 	373 	389 	422 
A,Y25-74,THS_PER,T,PT	: 	: 	: 	: 	: 	: 	449 	520 	557 	675 	708 	593 	527 	472 	376 	290 	270 	280 	267 	257 	272 	270 	263 
A,Y25-74,THS_PER,T,RO	: 	: 	: 	: 	: 	: 	511 	537 	531 	514 	539 	520 	523 	446 	373 	318 	288 	382 	345 	346 	352 	326 	370 
A,Y25-74,THS_PER,T,RS	: 	: 	: 	: 	: 	: 	: 	516 	601 	632 	611 	517 	470 	425 	376 	360 	284 	237 	286 	244 	242 	222 	223 
A,Y25-74,THS_PER,T,SE	: 	: 	248 	218 	187 	184 	260 	274 	248 	257 	262 	266 	262 	254 	254 	245 	255 	326 	338 	277 	289 	315 	341 
A,Y25-74,THS_PER,T,SI	: 	: 	: 	: 	: 	: 	47 	61 	69 	74 	86 	84 	78 	69 	58 	46 	40 	42 	40 	34 	30 	30 	31 
A,Y25-74,THS_PER,T,SK	: 	: 	: 	: 	: 	: 	257 	310 	292 b	306 	317 	299 	263 	224 	188 	153 	132 	153 	158 	142 	134 	120 	129 
A,Y25-74,THS_PER,T,TR	: 	: 	: 	: 	: 	: 	2071 	1844 	1582 	1524 	1681 	1990 b	2124 	2330 	2368 	2471 	3141 	2899 	2787 b	2568 	2333 	2214 	2128 
A,Y55-74,PC_ACT,F,AT	: 	: 	: 	: 	: 	: 	2.3 u	1.8 u	2.4 u	2.6 u	3.1 	2.7 	3.3 	3.7 	3.6 	3.7 	2.9 	3.9 	4.4 	2.8 	2.9 	2.6 	3.3 
A,Y55-74,PC_ACT,F,BA	: 	: 	: 	: 	: 	: 	: 	: 	: 	: 	: 	: 	: 	: 	: 	: 	: 	: 	12.7 	11.6 	9.7 	9.0 	11.1 
A,Y55-74,PC_ACT,F,BE	: 	: 	: 	: 	: 	: 	5.1 	5.2 	4.2 	4.9 	5.3 	5.1 	4.6 	6.0 	6.4 b	3.6 	3.9 	3.6 	4.2 	3.4 	3.2 	3.1 	3.6 
A,Y55-74,PC_ACT,F,BG	: 	: 	: 	: 	: 	: 	7.7 	9.5 b	8.9 b	9.9 	12.1 	11.1 	8.5 	7.2 	5.9 	4.5 	4.4 b	4.7 	3.9 	3.0 	3.4 	3.2 b	3.2 
A,Y55-74,PC_ACT,F,CH	: 	: 	: 	: 	: 	: 	: 	3.1 b	3.4 	3.0 	2.8 	2.8 	3.3 	2.8 	3.0 	3.3 	3.3 	3.0 	3.9 	3.2 	3.0 	2.8 	3.0 
A,Y55-74,PC_ACT,F,CY	: 	: 	: 	: 	: 	: 	3.7 u	3.6 u	4.1 u	6.8 	8.6 	12.3 	11.8 	7.8 	5.2 u	4.7 u	5.7 	5.6 	6.0 	4.1 	3.8 	3.2 u	3.8 
A,Y55-74,PC_ACT,F,CZ	: 	: 	: 	: 	: 	: 	5.4 	6.1 	5.4 b	5.8 	5.9 	5.0 	4.4 	3.5 	2.7 	2.2 	1.8 	2.1 	2.6 	2.1 	2.1 	2.0 	2.3 
A,Y55-74,PC_ACT,F,DE	: 	: 	: 	: 	: 	: 	6.9 	6.2 b	5.5 b	4.8 	4.5 	4.0 	3.5 	3.1 	2.7 	2.2 	2.1 	2.4 b	2.6 	2.3 	2.0 	2.1 	2.1 
A,Y55-74,PC_ACT,F,DK	: 	: 	: 	: 	: 	: 	3.3 	3.9 	4.2 	5.1 	4.9 	4.2 	4.4 	3.6 b	3.2 b	3.6 	3.2 	4.1 	3.7 	2.9 	3.1 b	3.8 	3.3 
A,Y55-74,PC_ACT,F,EA20	: 	: 	: 	: 	: 	: 	6.4 	6.5 	6.5 	7.1 	7.4 	7.3 	7.0 	6.7 	6.2 	5.7 	5.4 	5.4 	5.8 	5.2 	4.9 	4.7 	4.6 
A,Y55-74,PC_ACT,F,EA21	: 	: 	: 	: 	: 	: 	6.5 	6.6 	6.5 	7.2 	7.5 	7.4 	7.1 	6.7 	6.2 	5.7 	5.4 	5.4 	5.8 	5.1 	4.9 	4.6 	4.6 
A,Y55-74,PC_ACT,F,EE	: 	: 	: 	: 	: 	: 	7.3 	12.2 	8.1 	5.2 	3.7 	4.7 	5.3 	6.0 	3.8 	3.8 	2.9 	5.0 	4.5 	3.3 	5.2 	4.9 	3.6 
A,Y55-74,PC_ACT,F,EL	: 	: 	: 	: 	: 	: 	5.1 	6.1 	7.9 	12.8 	15.4 	15.8 	15.5 	18.5 	19.2 	18.1 	15.5 	13.9 	13.7 	11.4 	9.4 	9.7 	9.3 
A,Y55-74,PC_ACT,F,ES	: 	: 	: 	: 	: 	: 	12.7 	13.2 	14.1 	17.2 	19.1 	18.9 	18.1 	16.8 	15.4 	14.6 	13.5 	13.4 	14.8 d	13.0 d	12.9 d	11.9 d	11.3 d
A,Y55-74,PC_ACT,F,EU27_2020	: 	: 	: 	: 	: 	: 	6.1 	6.4 	6.3 	6.9 	7.2 	7.0 	6.6 	6.1 	5.6 	5.2 	4.9 	4.9 	5.3 	4.7 	4.5 	4.3 	4.3 
A,Y55-74,PC_ACT,F,FI	: 	: 	: 	: 	: 	: 	5.1 	5.5 	5.1 	4.8 	5.5 	5.9 	6.2 	6.3 	6.4 	5.5 	4.9 	6.3 	6.5 	5.3 	5.6 	5.8 	7.1 
A,Y55-74,PC_ACT,F,FR	4.4 	5.1 	4.3 	4.7 	4.1 	3.7 	5.1 	5.5 	5.5 	5.8 	6.4 	6.6 	6.5 	6.1 	5.6 	6.1 	6.5 	5.5 	5.9 d	5.5 d	5.0 d	4.9 d	5.0 d
A,Y55-74,PC_ACT,F,HR	: 	: 	: 	: 	: 	: 	4.4 u	4.7 u	5.6 u	8.4 u	6.6 u	11.0 	9.8 	6.9 u	7.9 u	4.0 u	4.2 u	5.1 u	4.7 u	5.2 u	4.8 u	4.3 u	3.1 u
A,Y55-74,PC_ACT,F,HU	: 	: 	: 	: 	: 	: 	6.1 	6.8 	7.9 	7.8 	7.3 	5.8 	5.3 	4.4 	4.0 	2.8 b	2.1 	2.7 	2.7 	2.9 	3.1 	3.8 	3.0 
A,Y55-74,PC_ACT,F,IE	: 	: 	: 	: 	: 	: 	4.7 	6.4 	6.8 	7.1 	8.7 	7.9 	6.4 	5.1 	5.4 	3.9 	3.2 u	3.6 u	5.1 b	3.1 u	2.9 u	2.9 u	3.0 u
A,Y55-74,PC_ACT,F,IS	: 	: 	: 	: 	: 	: 	: u	3.5 	3.9 	3.6 	3.0 	2.8 	2.7 	: u	: u	: u	: u	3.3 b	3.2 	: u	: u	2.6 	: u
A,Y55-74,PC_ACT,F,IT	: 	: 	: 	: 	: 	: 	2.8 	2.9 	2.6 	4.2 	4.1 	4.3 	4.2 	4.7 	4.9 	4.7 b	4.7 	4.7 	5.1 	4.8 	4.7 	3.9 	3.3 
A,Y55-74,PC_ACT,F,LT	: 	: 	: 	: 	: 	: 	8.0 	11.1 	9.8 	9.3 	8.2 	7.4 	6.4 	5.8 	5.6 	6.2 	6.0 	8.0 	6.6 	5.7 	6.1 	6.0 	4.9 
A,Y55-74,PC_ACT,F,LU	: 	: 	: 	: 	: 	: 	: u	: 	: u	: u	5.0 u	: u	: bu	: u	: u	: u	: u	3.1 u	3.2 u	4.4 u	: u	: u	: u
A,Y55-74,PC_ACT,F,LV	: 	: 	: 	: 	: 	: 	9.2 	11.7 	11.7 	12.5 	8.8 	7.6 	7.0 	6.4 	6.2 	6.0 	5.0 	5.8 	5.0 	4.1 	4.4 	4.3 	4.5 
A,Y55-74,PC_ACT,F,ME	: 	: 	: 	: 	: 	: 	: 	: 	11.4 u	: u	: u	9.2 u	9.1 u	: u	: u	: u	8.3 u	8.1 u	: 	: 	: 	: 	: 
A,Y55-74,PC_ACT,F,MK	: 	: 	: 	: 	: 	: 	22.4 	24.3 	22.9 	20.6 	21.7 	18.6 	16.2 	13.5 	11.8 	13.7 	12.0 	9.5 	10.1 b	6.3 	5.7 	6.2 	5.4 
A,Y55-74,PC_ACT,F,MT	: 	: 	: 	: 	: 	: 	: u	: 	: 	6.0 u	: u	: u	: u	: u	: u	4.3 u	: 	4.6 u	: 	: u	: 	: u	: 
A,Y55-74,PC_ACT,F,NL	: 	: 	: 	: 	: 	: 	6.0 	6.2 	6.5 	6.7 	7.6 	8.4 	8.8 	8.6 	7.1 	6.1 	4.3 	3.9 	3.4 	3.5 	2.8 	2.3 	2.4 
A,Y55-74,PC_ACT,F,NO	: 	: 	: 	: 	: 	: 	0.7 u	1.1 	1.2 	0.9 	1.2 	1.1 	1.5 	1.2 	: u	: u	: u	: u	: u	: u	: u	: u	: u
A,Y55-74,PC_ACT,F,PL	: 	: 	: 	: 	: 	: 	5.9 	6.9 b	6.3 	6.7 	7.0 	6.3 	4.8 	3.5 	3.0 	1.9 	1.9 b	1.6 u	1.9 	1.5 u	1.5 u	1.5 u	1.5 u
A,Y55-74,PC_ACT,F,PT	: 	: 	: 	: 	: 	: 	6.6 	7.7 	10.4 	11.6 	12.8 	11.4 	10.8 	9.1 	8.0 	6.5 	6.1 	4.9 	4.7 	5.3 	5.6 	5.3 	4.9 
A,Y55-74,PC_ACT,F,RO	: 	: 	: 	: 	: 	: 	3.1 u	3.2 	2.8 u	3.2 	3.8 	3.5 	3.3 	3.1 	3.1 	2.6 u	2.8 	4.1 	3.3 	3.0 	3.7 	2.5 	3.8 
A,Y55-74,PC_ACT,F,RS	: 	: 	: 	: 	: 	: 	: 	10.2 	14.6 	17.0 	12.8 	10.0 	9.9 	7.7 	6.8 	8.1 	6.9 	4.4 	6.4 	6.4 	5.6 	6.2 	6.0 
A,Y55-74,PC_ACT,F,SE	: 	: 	3.4 	3.8 	3.5 	3.4 	4.5 	4.7 	4.4 	4.6 	4.1 	4.5 	4.4 	4.1 	4.3 	3.7 	4.0 	4.8 	5.8 	4.9 	5.1 	5.4 	5.2 
A,Y55-74,PC_ACT,F,SI	: 	: 	: 	: 	: 	: 	2.5 u	2.9 u	3.3 u	4.7 u	5.5 u	5.6 u	6.5 u	4.7 u	4.8 u	4.1 u	4.2 u	3.8 u	4.0 u	3.6 u	3.9 u	3.2 u	3.5 u
A,Y55-74,PC_ACT,F,SK	: 	: 	: 	: 	: 	: 	9.7 	10.9 	9.0 b	11.5 	11.5 	11.6 	10.4 	9.5 	6.2 	5.8 	5.0 	5.1 	5.3 	4.5 	3.9 	3.5 u	4.8 
A,Y55-74,PC_ACT,F,TR	: 	: 	: 	: 	: 	: 	1.1 	1.0 	1.1 	1.3 	1.7 	2.0 b	2.8 	2.5 	2.7 	2.9 	3.7 	3.3 	4.0 b	3.7 	3.9 	3.8 	3.4 
A,Y55-74,PC_ACT,M,AT	: 	: 	: 	: 	: 	: 	2.8 	2.8 	4.2 	3.8 	4.0 	4.5 	5.5 	5.8 	4.8 	4.0 	3.8 	4.5 	5.2 	4.0 	4.6 	4.4 	4.3 
A,Y55-74,PC_ACT,M,BA	: 	: 	: 	: 	: 	: 	: 	: 	: 	: 	: 	: 	: 	: 	: 	: 	: 	: 	10.5 	9.7 	8.9 	7.9 	7.6 
A,Y55-74,PC_ACT,M,BE	: 	: 	: 	: 	: 	: 	4.8 	4.1 	3.7 	4.0 	5.2 	5.3 	6.1 	5.2 	5.1 b	4.7 	4.1 	4.6 	4.8 	3.7 	3.5 	3.4 	4.4 
A,Y55-74,PC_ACT,M,BG	: 	: 	: 	: 	: 	: 	6.4 	9.7 b	9.7 b	11.6 	13.5 	13.0 	9.8 	8.4 	7.1 	6.1 	4.8 b	5.0 	4.6 	3.8 	3.5 	3.0 b	2.5 
A,Y55-74,PC_ACT,M,CH	: 	: 	: 	: 	: 	: 	: 	3.2 b	3.0 	3.0 	3.0 	3.0 	4.0 	3.6 	3.6 	3.7 	3.6 	4.0 	4.4 	3.5 	3.4 	3.6 	3.5 
A,Y55-74,PC_ACT,M,CY	: 	: 	: 	: 	: 	: 	3.7 u	4.3 	4.4 	9.6 	13.5 	16.1 	15.5 	12.3 	8.3 	5.6 	5.5 	5.4 	4.5 	4.4 	4.3 	2.7 u	1.7 u
A,Y55-74,PC_ACT,M,CZ	: 	: 	: 	: 	: 	: 	5.1 	6.1 	5.5 b	5.5 	5.0 	4.3 	3.7 	3.4 	1.9 	1.5 	1.7 	1.5 	1.8 	1.6 	1.9 	1.7 	2.1 
A,Y55-74,PC_ACT,M,DE	: 	: 	: 	: 	: 	: 	6.7 	6.7 b	5.5 b	5.1 	5.1 	4.6 	4.3 	3.4 	3.0 	2.7 	2.5 	2.8 b	3.1 	2.7 	2.4 	2.4 	2.8 
A,Y55-74,PC_ACT,M,DK	: 	: 	: 	: 	: 	: 	4.5 	6.0 	5.7 	4.8 	4.6 	4.6 	3.3 	3.6 b	3.3 b	2.9 	3.0 	3.7 	4.2 	3.0 	2.9 b	3.8 	3.8 
A,Y55-74,PC_ACT,M,EA20	: 	: 	: 	: 	: 	: 	6.3 	7.1 	7.0 	7.8 	8.5 	8.4 	8.1 	7.5 	6.6 	5.9 	5.4 	5.3 	5.5 	4.8 	4.5 	4.2 	4.4 
A,Y55-74,PC_ACT,M,EA21	: 	: 	: 	: 	: 	: 	6.3 	7.2 	7.1 	7.9 	8.7 	8.5 	8.2 	7.5 	6.6 	5.9 	5.4 	5.3 	5.5 	4.8 	4.5 	4.2 	4.3 
A,Y55-74,PC_ACT,M,EE	: 	: 	: 	: 	: 	: 	9.8 	16.8 	13.1 	8.4 	7.7 	5.4 	6.2 	8.3 	6.8 	6.7 	4.5 	7.3 	6.5 	4.6 	5.1 	6.1 	6.5 
A,Y55-74,PC_ACT,M,EL	: 	: 	: 	: 	: 	: 	3.7 	5.6 	8.0 	13.0 	16.2 	17.4 	17.7 	19.2 	17.0 	13.3 	12.2 	12.1 	8.7 	7.3 	5.1 	5.1 	5.0 
A,Y55-74,PC_ACT,M,ES	: 	: 	: 	: 	: 	: 	10.9 	13.9 	14.7 	17.4 	19.7 	19.8 	17.9 	16.3 	14.3 	12.3 	11.3 	11.0 	11.3 d	10.0 d	9.5 d	8.8 d	8.2 d
A,Y55-74,PC_ACT,M,EU27_2020	: 	: 	: 	: 	: 	: 	6.2 	7.1 	7.0 	7.6 	8.2 	8.0 	7.6 	6.9 	6.1 	5.3 	4.9 	4.9 	5.1 	4.4 	4.2 	4.0 	4.2 
A,Y55-74,PC_ACT,M,FI	: 	: 	: 	: 	: 	: 	6.7 	7.0 	7.0 	7.5 	7.4 	7.4 	8.2 	7.4 	7.7 	7.1 	7.2 	7.0 	7.0 	8.0 	8.0 	8.4 	9.1 
A,Y55-74,PC_ACT,M,FR	4.4 	4.7 	4.7 	5.2 	4.7 	4.5 	5.8 	6.0 	5.8 	6.4 	7.5 	7.8 	7.7 	7.8 	7.2 	6.9 	6.5 	5.6 	6.3 d	5.6 d	5.5 d	5.2 d	5.3 d
A,Y55-74,PC_ACT,M,HR	: 	: 	: 	: 	: 	: 	5.2 u	6.6 	7.9 	10.0 	10.9 	11.2 	11.4 	10.2 	7.0 	4.4 u	2.7 u	4.3 u	3.9 u	4.1 u	3.4 u	2.4 u	3.6 u
A,Y55-74,PC_ACT,M,HU	: 	: 	: 	: 	: 	: 	6.2 	8.0 	9.4 	8.3 	8.1 	6.5 	5.8 	4.1 	2.9 	2.1 b	2.2 	3.0 	3.1 	3.0 	3.1 	3.3 	2.8 
A,Y55-74,PC_ACT,M,IE	: 	: 	: 	: 	: 	: 	6.6 	8.8 	9.8 	10.9 	10.3 	8.9 	7.4 	6.3 	5.1 	4.3 	3.2 	3.9 	4.9 b	3.0 	2.8 u	2.7 u	2.9 
A,Y55-74,PC_ACT,M,IS	: 	: 	: 	: 	: 	: 	4.4 	4.8 	6.3 	4.4 	3.3 	2.7 	2.5 	2.1 	: u	2.1 	: u	2.9 b	3.9 	2.1 	: u	1.8 	: u
A,Y55-74,PC_ACT,M,IT	: 	: 	: 	: 	: 	: 	3.4 	3.7 	4.2 	5.5 	6.3 	5.7 	5.9 	5.9 	5.8 	5.8 b	5.4 	4.8 	5.3 	4.5 	4.2 	3.4 	3.4 
A,Y55-74,PC_ACT,M,LT	: 	: 	: 	: 	: 	: 	11.2 	15.3 	14.3 	11.9 	12.4 	12.4 	9.6 	8.4 	7.5 	6.7 	6.1 	9.1 	7.4 	6.1 	8.1 	8.8 	10.5 
A,Y55-74,PC_ACT,M,LU	: 	: 	: 	: 	: 	: 	: u	: u	: u	: 	3.9 u	4.2 u	5.1 bu	5.4 u	3.2 u	3.9 u	4.6 u	4.8 	5.1 	4.6 	: u	: u	: u
A,Y55-74,PC_ACT,M,LV	: 	: 	: 	: 	: 	: 	15.3 	18.3 	15.6 	14.1 	10.4 	10.3 	10.1 	10.3 	9.1 	7.9 	6.8 	8.2 	5.5 	6.2 	6.2 	6.5 	5.5 
A,Y55-74,PC_ACT,M,ME	: 	: 	: 	: 	: 	: 	: 	: 	10.9 	9.4 	10.2 	11.2 	10.6 	9.0 	7.1 u	6.1 u	6.2 u	8.9 	: 	: 	: 	: 	: 
A,Y55-74,PC_ACT,M,MK	: 	: 	: 	: 	: 	: 	26.8 	27.5 	29.2 	26.3 	24.3 	24.0 	21.4 	18.1 	17.9 	16.9 	10.6 	12.2 	13.3 b	12.7 	9.2 	10.0 	8.7 
A,Y55-74,PC_ACT,M,MT	: 	: 	: 	: 	: 	: 	5.1 	4.1 u	2.7 u	3.3 u	4.6 	6.2 	5.5 	3.5 u	2.2 u	3.0 u	: u	3.1 u	2.7 u	2.3 u	: u	3.1 u	2.8 u
A,Y55-74,PC_ACT,M,NL	: 	: 	: 	: 	: 	: 	4.1 	4.8 	5.2 	5.9 	7.6 	8.5 	8.7 	7.2 	5.8 	4.8 	4.1 	3.3 	3.3 	2.8 	2.3 	2.4 	2.6 
A,Y55-74,PC_ACT,M,NO	: 	: 	: 	: 	: 	: 	1.7 	1.8 	1.3 	1.5 	1.5 	1.4 	1.8 	2.4 	2.4 u	: u	2.0 u	2.4 u	1.9 u	: u	: u	1.8 u	2.3 u
A,Y55-74,PC_ACT,M,PL	: 	: 	: 	: 	: 	: 	6.7 	7.5 b	7.4 	8.0 	8.3 	7.0 	5.7 	4.9 	3.9 	3.2 	2.5 b	2.4 	2.4 	1.8 	1.9 	2.2 	2.3 
A,Y55-74,PC_ACT,M,PT	: 	: 	: 	: 	: 	: 	9.1 	10.6 	11.6 	14.5 	14.8 	15.0 	13.7 	12.1 	8.8 	6.2 	5.7 	6.2 	5.5 	4.0 	4.7 	4.7 	4.4 
A,Y55-74,PC_ACT,M,RO	: 	: 	: 	: 	: 	: 	5.2 	6.0 	6.7 	5.8 	5.9 	5.3 	5.8 	4.7 	4.5 	3.7 	3.2 	4.1 	4.1 	4.0 	4.0 	2.5 	3.8 
A,Y55-74,PC_ACT,M,RS	: 	: 	: 	: 	: 	: 	: 	13.7 	16.9 	20.1 	18.0 	13.2 	12.1 	9.2 	8.7 	8.6 	6.4 	5.6 	6.4 	6.4 	6.8 	5.8 	4.9 
A,Y55-74,PC_ACT,M,SE	: 	: 	5.0 	4.6 	4.1 	3.8 	5.4 	6.0 	5.3 	5.1 	5.2 	5.5 	5.3 	5.4 	5.1 	4.5 	4.6 	5.7 	6.9 	5.4 	5.2 	5.9 	7.0 
A,Y55-74,PC_ACT,M,SI	: 	: 	: 	: 	: 	: 	3.2 u	3.5 u	6.5 	5.9 	6.6 	7.5 	7.4 	6.9 	6.6 	4.7 	4.2 u	3.2 u	3.8 u	4.0 u	3.7 u	3.9 u	3.2 u
A,Y55-74,PC_ACT,M,SK	: 	: 	: 	: 	: 	: 	6.1 	9.1 	10.1 b	10.5 	10.2 	9.4 	7.8 	7.9 	5.3 	4.1 	3.6 	4.0 	4.8 	4.1 	3.3 	2.7 u	3.1 
A,Y55-74,PC_ACT,M,TR	: 	: 	: 	: 	: 	: 	6.0 	5.5 	4.6 	4.1 	4.8 	6.4 b	7.0 	6.6 	6.7 	7.1 	8.3 	7.5 	7.3 b	6.6 	5.4 	5.4 	5.4 
A,Y55-74,PC_ACT,T,AT	: 	: 	: 	: 	: 	: 	2.6 	2.4 	3.5 	3.3 	3.6 	3.8 	4.6 	4.9 	4.3 	3.8 	3.4 	4.2 	4.8 	3.5 	3.9 	3.6 	3.8 
A,Y55-74,PC_ACT,T,BA	: 	: 	: 	: 	: 	: 	: 	: 	: 	: 	: 	: 	: 	: 	: 	: 	: 	: 	11.3 	10.3 	9.2 	8.3 	8.9 
A,Y55-74,PC_ACT,T,BE	: 	: 	: 	: 	: 	: 	4.9 	4.5 	3.9 	4.4 	5.2 	5.2 	5.5 	5.5 	5.7 b	4.2 	4.0 	4.2 	4.5 	3.6 	3.4 	3.3 	4.0 
A,Y55-74,PC_ACT,T,BG	: 	: 	: 	: 	: 	: 	7.0 	9.6 b	9.3 b	10.8 	12.8 	12.1 	9.2 	7.8 	6.6 	5.3 	4.6 b	4.9 	4.3 	3.4 	3.4 	3.1 b	2.8 
A,Y55-74,PC_ACT,T,CH	: 	: 	: 	: 	: 	: 	: 	3.1 b	3.2 	3.0 	2.9 	2.9 	3.7 	3.3 	3.3 	3.5 	3.5 	3.5 	4.2 	3.4 	3.2 	3.2 	3.3 
A,Y55-74,PC_ACT,T,CY	: 	: 	: 	: 	: 	: 	3.7 	4.0 	4.3 	8.6 	11.7 	14.7 	14.0 	10.5 	7.1 	5.2 	5.6 	5.5 	5.1 	4.2 	4.1 	2.9 	2.6 
A,Y55-74,PC_ACT,T,CZ	: 	: 	: 	: 	: 	: 	5.2 	6.1 	5.4 b	5.6 	5.4 	4.6 	4.0 	3.5 	2.2 	1.8 	1.8 	1.8 	2.1 	1.8 	2.0 	1.8 	2.2 
A,Y55-74,PC_ACT,T,DE	: 	: 	: 	: 	: 	: 	6.8 	6.5 b	5.5 b	5.0 	4.8 	4.3 	4.0 	3.3 	2.9 	2.4 	2.3 	2.6 b	2.9 	2.5 	2.2 	2.3 	2.5 
A,Y55-74,PC_ACT,T,DK	: 	: 	: 	: 	: 	: 	4.0 	5.1 	5.0 	5.0 	4.7 	4.4 	3.8 	3.6 b	3.3 b	3.2 	3.1 	3.8 	3.9 	2.9 	3.0 b	3.8 	3.6 
A,Y55-74,PC_ACT,T,EA20	: 	: 	: 	: 	: 	: 	6.4 	6.9 	6.8 	7.5 	8.0 	7.9 	7.6 	7.1 	6.4 	5.8 	5.4 	5.3 	5.7 	5.0 	4.7 	4.4 	4.5 
A,Y55-74,PC_ACT,T,EA21	: 	: 	: 	: 	: 	: 	6.4 	6.9 	6.9 	7.6 	8.2 	8.0 	7.7 	7.1 	6.4 	5.8 	5.4 	5.3 	5.6 	4.9 	4.7 	4.4 	4.4 
A,Y55-74,PC_ACT,T,EE	: 	: 	: 	: 	: 	: 	8.4 	14.2 	10.3 	6.6 	5.5 	5.0 	5.7 	7.0 	5.1 	5.1 	3.6 	6.0 	5.4 	3.9 	5.2 	5.4 	4.9 
A,Y55-74,PC_ACT,T,EL	: 	: 	: 	: 	: 	: 	4.2 	5.8 	7.9 	12.9 	15.9 	16.8 	16.9 	18.9 	17.8 	15.2 	13.5 	12.8 	10.8 	9.0 	6.9 	7.1 	6.9 
A,Y55-74,PC_ACT,T,ES	: 	: 	: 	: 	: 	: 	11.6 	13.6 	14.5 	17.3 	19.4 	19.4 	18.0 	16.5 	14.8 	13.3 	12.3 	12.1 	12.9 d	11.4 d	11.1 d	10.3 d	9.7 d
A,Y55-74,PC_ACT,T,EU27_2020	: 	: 	: 	: 	: 	: 	6.2 	6.8 	6.7 	7.3 	7.8 	7.5 	7.1 	6.6 	5.9 	5.2 	4.9 	4.9 	5.2 	4.6 	4.4 	4.2 	4.2 
A,Y55-74,PC_ACT,T,FI	: 	: 	: 	: 	: 	: 	5.9 	6.2 	6.1 	6.2 	6.5 	6.7 	7.2 	6.9 	7.1 	6.3 	6.1 	6.6 	6.8 	6.7 	6.8 	7.1 	8.1 
A,Y55-74,PC_ACT,T,FR	4.4 	4.9 	4.5 	5.0 	4.4 	4.1 	5.4 	5.8 	5.7 	6.1 	6.9 	7.2 	7.1 	6.9 	6.4 	6.5 	6.5 	5.6 	6.1 d	5.6 d	5.2 d	5.1 d	5.2 d
A,Y55-74,PC_ACT,T,HR	: 	: 	: 	: 	: 	: 	4.9 	5.8 	7.0 	9.4 	9.1 	11.1 	10.7 	8.9 	7.4 	4.2 	3.3 u	4.7 	4.3 	4.6 	4.1 	3.4 	3.3 
A,Y55-74,PC_ACT,T,HU	: 	: 	: 	: 	: 	: 	6.1 	7.5 	8.7 	8.1 	7.7 	6.2 	5.6 	4.2 	3.4 	2.4 b	2.1 	2.9 	2.9 	3.0 	3.1 	3.5 	2.9 
A,Y55-74,PC_ACT,T,IE	: 	: 	: 	: 	: 	: 	5.9 	7.9 	8.6 	9.4 	9.6 	8.5 	7.0 	5.8 	5.2 	4.1 	3.2 	3.8 	5.0 b	3.0 	2.8 	2.8 	2.9 
A,Y55-74,PC_ACT,T,IS	: 	: 	: 	: 	: 	: 	3.4 	4.2 	5.2 	4.1 	3.2 	2.7 	2.6 	1.7 	1.4 	2.1 	1.6 	3.1 b	3.6 	2.1 	1.3 	2.2 	1.6 
A,Y55-74,PC_ACT,T,IT	: 	: 	: 	: 	: 	: 	3.2 	3.4 	3.7 	5.0 	5.4 	5.1 	5.2 	5.4 	5.4 	5.3 b	5.1 	4.8 	5.2 	4.6 	4.4 	3.6 	3.3 
A,Y55-74,PC_ACT,T,LT	: 	: 	: 	: 	: 	: 	9.6 	13.1 	12.0 	10.6 	10.2 	9.8 	7.9 	7.0 	6.5 	6.4 	6.0 	8.5 	7.0 	5.9 	7.0 	7.3 	7.4 
A,Y55-74,PC_ACT,T,LU	: 	: 	: 	: 	: 	: 	2.9 u	2.2 u	2.7 u	2.0 u	4.3 	4.2 	4.6 b	4.9 	3.5 	3.5 	4.1 	4.1 	4.3 	4.5 	: u	: u	: u
A,Y55-74,PC_ACT,T,LV	: 	: 	: 	: 	: 	: 	11.9 	14.6 	13.4 	13.2 	9.5 	8.8 	8.4 	8.2 	7.5 	6.8 	5.8 	6.9 	5.2 	5.0 	5.2 	5.2 	4.9 
A,Y55-74,PC_ACT,T,ME	: 	: 	: 	: 	: 	: 	: 	: 	11.1 	8.8 	9.8 	10.5 	10.0 	7.9 	6.6 	6.2 	7.1 	8.5 	: 	: 	: 	: 	: 
A,Y55-74,PC_ACT,T,MK	: 	: 	: 	: 	: 	: 	25.4 	26.4 	27.1 	24.3 	23.4 	22.2 	19.6 	16.7 	15.9 	15.9 	11.1 	11.3 	12.2 b	10.5 	7.9 	8.6 	7.5 
A,Y55-74,PC_ACT,T,MT	: 	: 	: 	: 	: 	: 	5.5 	3.9 	2.8 u	4.0 	4.8 	5.5 	5.0 	3.4 	2.3 u	3.4 	1.3 u	3.6 	3.4 	1.9 u	: u	2.5 u	2.3 u
A,Y55-74,PC_ACT,T,NL	: 	: 	: 	: 	: 	: 	4.8 	5.3 	5.7 	6.2 	7.6 	8.5 	8.7 	7.8 	6.3 	5.3 	4.2 	3.5 	3.4 	3.1 	2.5 	2.4 	2.5 
A,Y55-74,PC_ACT,T,NO	: 	: 	: 	: 	: 	: 	1.2 	1.5 	1.2 	1.2 	1.3 	1.3 	1.6 	1.8 	1.7 u	1.4 u	1.6 u	2.1 	1.7 	1.2 u	1.2 u	1.6 	1.7 
A,Y55-74,PC_ACT,T,PL	: 	: 	: 	: 	: 	: 	6.4 	7.3 b	7.0 	7.5 	7.7 	6.7 	5.4 	4.3 	3.5 	2.6 	2.2 b	2.0 	2.2 	1.7 	1.7 	1.9 	2.0 
A,Y55-74,PC_ACT,T,PT	: 	: 	: 	: 	: 	: 	8.1 	9.3 	11.1 	13.2 	13.9 	13.4 	12.3 	10.7 	8.4 	6.3 	5.9 	5.6 	5.1 	4.6 	5.1 	5.0 	4.7 
A,Y55-74,PC_ACT,T,RO	: 	: 	: 	: 	: 	: 	4.4 	4.9 	5.2 	4.8 	5.1 	4.6 	4.9 	4.1 	4.0 	3.3 	3.0 	4.1 	3.8 	3.6 	3.9 	2.5 	3.8 
A,Y55-74,PC_ACT,T,RS	: 	: 	: 	: 	: 	: 	: 	12.5 	16.2 	19.1 	16.2 	12.1 	11.4 	8.6 	8.0 	8.4 	6.6 	5.1 	6.4 	6.4 	6.3 	6.0 	5.4 
A,Y55-74,PC_ACT,T,SE	: 	: 	4.3 	4.3 	3.8 	3.6 	5.0 	5.4 	4.9 	4.9 	4.7 	5.0 	4.9 	4.8 	4.7 	4.2 	4.3 	5.3 	6.4 	5.2 	5.1 	5.7 	6.1 
A,Y55-74,PC_ACT,T,SI	: 	: 	: 	: 	: 	: 	3.0 u	3.3 u	5.3 	5.5 	6.2 	6.7 	7.0 	6.0 	5.8 	4.4 	4.2 	3.5 	3.9 	3.9 	3.8 	3.6 	3.3 
A,Y55-74,PC_ACT,T,SK	: 	: 	: 	: 	: 	: 	7.5 	9.9 	9.7 b	10.9 	10.8 	10.4 	9.0 	8.6 	5.8 	4.9 	4.3 	4.5 	5.0 	4.3 	3.6 	3.1 	3.9 
A,Y55-74,PC_ACT,T,TR	: 	: 	: 	: 	: 	: 	4.7 	4.2 	3.6 	3.3 	3.9 	5.2 b	5.8 	5.5 	5.6 	6.0 	7.1 	6.4 	6.4 b	5.8 	5.0 	4.9 	4.8 
A,Y55-74,PC_POP,F,AT	: 	: 	: 	: 	: 	: 	0.4 u	0.4 u	0.5 u	0.5 u	0.7 	0.6 	0.8 	1.0 	1.0 	1.1 	0.9 	1.2 	1.4 	0.9 	0.9 	0.9 	1.2 
A,Y55-74,PC_POP,F,BA	: 	: 	: 	: 	: 	: 	: 	: 	: 	: 	: 	: 	: 	: 	: 	: 	: 	: 	2.2 	1.8 	1.7 	1.7 	2.1 
A,Y55-74,PC_POP,F,BE	: 	: 	: 	: 	: 	: 	0.9 	1.0 	0.8 	1.0 	1.2 	1.2 	1.1 	1.5 	1.7 b	1.0 	1.1 	1.1 	1.3 	1.1 	1.0 	1.0 	1.2 
A,Y55-74,PC_POP,F,BG	: 	: 	: 	: 	: 	: 	1.8 	2.4 b	2.2 b	2.6 	3.4 	3.3 	2.6 	2.2 	1.9 	1.5 	1.6 b	1.6 	1.3 	1.1 	1.3 	1.2 b	1.2 
A,Y55-74,PC_POP,F,CH	: 	: 	: 	: 	: 	: 	: 	1.2 b	1.3 	1.2 	1.1 	1.2 	1.4 	1.2 	1.3 	1.5 	1.5 	1.4 	1.8 	1.4 	1.4 	1.3 	1.5 
A,Y55-74,PC_POP,F,CY	: 	: 	: 	: 	: 	: 	1.1 u	1.1 u	1.2 u	1.9 	2.4 	3.4 	3.4 	2.3 	1.6 u	1.6 u	2.0 	1.9 	2.0 	1.5 	1.5 	1.3 u	1.5 
A,Y55-74,PC_POP,F,CZ	: 	: 	: 	: 	: 	: 	1.3 	1.5 	1.4 b	1.5 	1.6 	1.4 	1.3 	1.0 	0.8 	0.7 	0.6 	0.7 	0.9 	0.8 	0.8 	0.8 	1.0 
A,Y55-74,PC_POP,F,DE	: 	: 	: 	: 	: 	: 	1.9 	1.8 b	1.7 b	1.6 	1.6 	1.5 	1.3 	1.2 	1.1 	0.9 	0.9 	1.1 b	1.2 	1.1 	0.9 	1.0 	1.0 
A,Y55-74,PC_POP,F,DK	: 	: 	: 	: 	: 	: 	1.1 	1.3 	1.4 	1.8 	1.7 	1.5 	1.5 	1.3 b	1.2 b	1.4 	1.3 	1.7 	1.5 	1.2 	1.4 b	1.8 	1.6 
A,Y55-74,PC_POP,F,EA20	: 	: 	: 	: 	: 	: 	1.5 	1.6 	1.7 	1.9 	2.1 	2.1 	2.1 	2.1 	2.0 	1.9 	1.9 	1.9 	2.1 	1.9 	1.9 	1.8 	1.8 
A,Y55-74,PC_POP,F,EA21	: 	: 	: 	: 	: 	: 	1.5 	1.6 	1.7 	1.9 	2.1 	2.2 	2.2 	2.1 	2.0 	1.9 	1.9 	1.9 	2.1 	1.9 	1.9 	1.8 	1.8 
A,Y55-74,PC_POP,F,EE	: 	: 	: 	: 	: 	: 	3.0 	5.0 	3.5 	2.3 	1.7 	2.1 	2.6 	3.1 	1.9 	2.0 	1.5 	2.7 	2.3 	1.7 	2.9 	2.8 	2.0 
A,Y55-74,PC_POP,F,EL	: 	: 	: 	: 	: 	: 	0.9 	1.1 	1.4 	2.2 	2.8 	2.8 	2.8 	3.7 	4.0 	4.0 	3.5 	3.1 	3.6 	3.1 	2.7 	3.0 	3.0 
A,Y55-74,PC_POP,F,ES	: 	: 	: 	: 	: 	: 	2.8 	3.0 	3.5 	4.5 	5.0 	5.1 	5.1 	5.0 	4.6 	4.5 	4.3 	4.4 	5.1 d	4.6 d	4.8 d	4.5 d	4.4 d
A,Y55-74,PC_POP,F,EU27_2020	: 	: 	: 	: 	: 	: 	1.4 	1.5 	1.6 	1.8 	1.9 	2.0 	1.9 	1.9 	1.8 	1.7 	1.6 	1.6 	1.8 	1.7 	1.7 	1.6 	1.6 
A,Y55-74,PC_POP,F,FI	: 	: 	: 	: 	: 	: 	1.9 	2.1 	1.9 	1.9 	2.1 	2.3 	2.4 	2.5 	2.5 	2.2 	2.0 	2.5 	2.6 	2.3 	2.5 	2.6 	3.2 
A,Y55-74,PC_POP,F,FR	0.9 	1.1 	1.0 	1.1 	1.0 	0.9 	1.3 	1.4 	1.5 	1.7 	1.9 	2.0 	2.0 	1.9 	1.8 	2.0 	2.1 	1.8 	1.9 d	1.9 d	1.7 d	1.8 d	1.8 d
A,Y55-74,PC_POP,F,HR	: 	: 	: 	: 	: 	: 	0.9 u	0.9 u	1.1 u	1.7 u	1.4 u	2.1 	2.1 	1.4 u	1.7 u	0.9 u	0.9 u	1.2 u	1.2 u	1.4 u	1.3 u	1.2 u	0.9 u
A,Y55-74,PC_POP,F,HU	: 	: 	: 	: 	: 	: 	1.0 	1.3 	1.7 	1.7 	1.5 	1.3 	1.3 	1.1 	1.0 	0.7 b	0.5 	0.7 	0.8 	0.9 	1.0 	1.3 	1.1 
A,Y55-74,PC_POP,F,IE	: 	: 	: 	: 	: 	: 	1.4 	2.0 	2.1 	2.2 	2.8 	2.5 	2.1 	1.7 	1.9 	1.4 	1.2 u	1.3 u	2.0 b	1.3 u	1.2 u	1.2 u	1.3 u
A,Y55-74,PC_POP,F,IS	: 	: 	: 	: 	: 	: 	: u	2.1 	2.3 	2.1 	1.8 	1.7 	1.7 	: u	: u	: u	: u	1.8 b	1.8 	: u	: u	1.4 	: u
A,Y55-74,PC_POP,F,IT	: 	: 	: 	: 	: 	: 	0.4 	0.4 	0.4 	0.8 	0.8 	0.9 	0.9 	1.1 	1.3 	1.3 b	1.3 	1.3 	1.4 	1.4 	1.4 	1.2 	1.1 
A,Y55-74,PC_POP,F,LT	: 	: 	: 	: 	: 	: 	2.4 	3.3 	3.1 	3.1 	2.7 	2.7 	2.5 	2.5 	2.5 	2.9 	2.9 	3.9 	3.2 	2.9 	3.1 	3.0 	2.5 
A,Y55-74,PC_POP,F,LU	: 	: 	: 	: 	: 	: 	: u	: 	: u	: u	1.0 u	: u	: bu	: u	: u	: u	: u	0.8 u	0.9 u	1.1 u	: u	: u	: u
A,Y55-74,PC_POP,F,LV	: 	: 	: 	: 	: 	: 	3.3 	3.8 	3.9 	4.5 	3.3 	2.9 	2.8 	2.7 	2.8 	2.8 	2.4 	2.8 	2.4 	2.0 	2.2 	2.2 	2.4 
A,Y55-74,PC_POP,F,ME	: 	: 	: 	: 	: 	: 	: 	: 	1.8 u	: u	: u	2.0 u	2.2 u	: u	: u	: u	2.5 u	2.2 u	: 	: 	: 	: 	: 
A,Y55-74,PC_POP,F,MK	: 	: 	: 	: 	: 	: 	4.1 	4.6 	4.6 	4.2 	4.8 	3.9 	3.5 	2.6 	2.4 	2.9 	2.5 	2.0 	2.3 b	1.4 	1.3 	1.4 	1.2 
A,Y55-74,PC_POP,F,MT	: 	: 	: 	: 	: 	: 	: u	: 	: 	0.7 u	: u	: u	: u	: u	: u	0.8 u	: 	1.0 u	: 	: u	: 	: u	: 
A,Y55-74,PC_POP,F,NL	: 	: 	: 	: 	: 	: 	1.7 	1.8 	2.0 	2.1 	2.4 	2.8 	3.0 	3.0 	2.6 	2.3 	1.7 	1.5 	1.4 	1.5 	1.2 	1.0 	1.1 
A,Y55-74,PC_POP,F,NO	: 	: 	: 	: 	: 	: 	0.3 u	0.5 	0.6 	0.4 	0.5 	0.5 	0.7 	0.5 	: u	: u	: u	: u	: u	: u	: u	: u	: u
A,Y55-74,PC_POP,F,PL	: 	: 	: 	: 	: 	: 	0.8 	1.1 b	1.2 	1.3 	1.5 	1.4 	1.1 	0.8 	0.7 	0.4 	0.4 b	0.4 u	0.5 	0.4 u	0.4 u	0.4 u	0.4 u
A,Y55-74,PC_POP,F,PT	: 	: 	: 	: 	: 	: 	1.6 	2.0 	2.6 	2.9 	3.3 	3.1 	3.1 	2.7 	2.5 	2.2 	2.1 	1.7 	1.7 	2.1 	2.3 	2.2 	2.1 
A,Y55-74,PC_POP,F,RO	: 	: 	: 	: 	: 	: 	0.5 u	0.5 	0.4 u	0.5 	0.6 	0.6 	0.5 	0.5 	0.6 	0.5 u	0.5 	0.7 	0.6 	0.6 	0.8 	0.5 	1.0 
A,Y55-74,PC_POP,F,RS	: 	: 	: 	: 	: 	: 	: 	1.5 	1.9 	2.5 	2.1 	1.7 	1.6 	1.5 	1.5 	1.8 	1.6 	1.0 	1.6 	1.7 	1.7 	2.0 	1.9 
A,Y55-74,PC_POP,F,SE	: 	: 	1.5 	1.7 	1.6 	1.5 	2.0 	2.0 	1.9 	2.0 	1.8 	2.0 	1.9 	1.9 	1.9 	1.7 	1.9 	2.3 	2.8 	2.4 	2.6 	2.8 	2.7 
A,Y55-74,PC_POP,F,SI	: 	: 	: 	: 	: 	: 	0.4 u	0.5 u	0.5 u	0.8 u	1.0 u	1.2 u	1.3 u	1.0 u	1.2 u	1.1 u	1.1 u	1.1 u	1.2 u	1.1 u	1.2 u	1.0 u	1.2 u
A,Y55-74,PC_POP,F,SK	: 	: 	: 	: 	: 	: 	1.9 	2.4 	2.1 b	3.0 	3.1 	3.3 	3.2 	3.0 	2.2 	2.0 	1.8 	1.8 	1.9 	1.6 	1.5 	1.3 u	1.8 
A,Y55-74,PC_POP,F,TR	: 	: 	: 	: 	: 	: 	0.2 	0.1 	0.2 	0.2 	0.3 	0.3 b	0.4 	0.4 	0.4 	0.5 	0.6 	0.4 	0.6 b	0.6 	0.6 	0.7 	0.6 
A,Y55-74,PC_POP,M,AT	: 	: 	: 	: 	: 	: 	0.9 	0.9 	1.4 	1.3 	1.4 	1.6 	2.1 	2.3 	2.0 	1.7 	1.7 	2.0 	2.3 	1.8 	2.1 	2.0 	2.0 
A,Y55-74,PC_POP,M,BA	: 	: 	: 	: 	: 	: 	: 	: 	: 	: 	: 	: 	: 	: 	: 	: 	: 	: 	3.6 	3.4 	3.1 	2.8 	2.8 
A,Y55-74,PC_POP,M,BE	: 	: 	: 	: 	: 	: 	1.4 	1.2 	1.1 	1.2 	1.7 	1.7 	2.0 	1.7 	1.8 b	1.7 	1.5 	1.7 	1.9 	1.5 	1.4 	1.4 	1.9 
A,Y55-74,PC_POP,M,BG	: 	: 	: 	: 	: 	: 	2.3 	3.6 b	3.5 b	4.3 	5.2 	5.2 	3.9 	3.4 	3.0 	2.7 	2.2 b	2.3 	2.1 	1.8 	1.7 	1.5 b	1.3 
A,Y55-74,PC_POP,M,CH	: 	: 	: 	: 	: 	: 	: 	1.7 b	1.7 	1.6 	1.6 	1.7 	2.2 	2.1 	2.1 	2.1 	2.1 	2.3 	2.6 	2.1 	2.0 	2.1 	2.1 
A,Y55-74,PC_POP,M,CY	: 	: 	: 	: 	: 	: 	2.1 u	2.4 	2.3 	4.8 	6.7 	7.8 	7.3 	5.8 	4.1 	2.9 	2.8 	2.8 	2.4 	2.4 	2.3 	1.5 u	1.0 u
A,Y55-74,PC_POP,M,CZ	: 	: 	: 	: 	: 	: 	2.3 	2.6 	2.4 b	2.3 	2.2 	1.9 	1.6 	1.5 	0.8 	0.7 	0.8 	0.7 	0.8 	0.8 	0.9 	0.9 	1.1 
A,Y55-74,PC_POP,M,DE	: 	: 	: 	: 	: 	: 	2.6 	2.7 b	2.3 b	2.3 	2.3 	2.2 	2.1 	1.7 	1.6 	1.4 	1.3 	1.5 b	1.6 	1.4 	1.3 	1.3 	1.6 
A,Y55-74,PC_POP,M,DK	: 	: 	: 	: 	: 	: 	2.0 	2.7 	2.5 	2.2 	2.0 	2.1 	1.6 	1.7 b	1.6 b	1.5 	1.6 	1.9 	2.2 	1.6 	1.6 b	2.3 	2.3 
A,Y55-74,PC_POP,M,EA20	: 	: 	: 	: 	: 	: 	2.3 	2.6 	2.6 	3.0 	3.3 	3.4 	3.3 	3.2 	2.9 	2.6 	2.4 	2.4 	2.5 	2.2 	2.1 	2.1 	2.2 
A,Y55-74,PC_POP,M,EA21	: 	: 	: 	: 	: 	: 	2.3 	2.6 	2.6 	3.0 	3.4 	3.4 	3.3 	3.2 	2.9 	2.6 	2.4 	2.4 	2.5 	2.2 	2.1 	2.1 	2.1 
A,Y55-74,PC_POP,M,EE	: 	: 	: 	: 	: 	: 	4.7 	7.6 	6.2 	4.0 	3.8 	2.8 	3.1 	4.4 	3.7 	3.7 	2.5 	4.0 	3.5 	2.6 	3.0 	3.6 	3.9 
A,Y55-74,PC_POP,M,EL	: 	: 	: 	: 	: 	: 	1.4 	2.2 	2.9 	4.4 	5.4 	5.7 	6.0 	6.8 	6.3 	5.1 	4.9 	4.8 	3.7 	3.3 	2.3 	2.4 	2.4 
A,Y55-74,PC_POP,M,ES	: 	: 	: 	: 	: 	: 	4.3 	5.4 	5.7 	6.8 	7.6 	7.6 	7.1 	6.6 	5.9 	5.2 	4.8 	4.8 	5.1 d	4.6 d	4.4 d	4.2 d	3.9 d
A,Y55-74,PC_POP,M,EU27_2020	: 	: 	: 	: 	: 	: 	2.2 	2.6 	2.6 	2.9 	3.2 	3.2 	3.1 	2.9 	2.6 	2.3 	2.2 	2.2 	2.3 	2.0 	2.0 	1.9 	2.0 
A,Y55-74,PC_POP,M,FI	: 	: 	: 	: 	: 	: 	2.7 	2.9 	2.9 	3.1 	3.0 	3.0 	3.3 	3.1 	3.3 	3.1 	3.1 	3.1 	3.3 	3.8 	3.9 	4.2 	4.6 
A,Y55-74,PC_POP,M,FR	1.1 	1.2 	1.3 	1.4 	1.3 	1.3 	1.7 	1.8 	1.8 	2.1 	2.5 	2.6 	2.6 	2.7 	2.5 	2.4 	2.3 	2.0 	2.3 d	2.1 d	2.1 d	2.1 d	2.2 d
A,Y55-74,PC_POP,M,HR	: 	: 	: 	: 	: 	: 	1.8 u	2.4 	2.9 	3.7 	3.8 	3.9 	4.1 	3.4 	2.3 	1.4 u	0.9 u	1.4 u	1.4 u	1.4 u	1.2 u	0.8 u	1.3 u
A,Y55-74,PC_POP,M,HU	: 	: 	: 	: 	: 	: 	1.7 	2.3 	2.8 	2.5 	2.6 	2.2 	2.1 	1.6 	1.1 	0.9 b	1.0 	1.3 	1.4 	1.5 	1.6 	1.7 	1.5 
A,Y55-74,PC_POP,M,IE	: 	: 	: 	: 	: 	: 	3.2 	4.2 	4.5 	5.0 	4.9 	4.3 	3.7 	3.1 	2.5 	2.2 	1.7 	2.0 	2.7 b	1.7 	1.6 u	1.5 u	1.7 
A,Y55-74,PC_POP,M,IS	: 	: 	: 	: 	: 	: 	3.2 	3.5 	4.5 	3.1 	2.3 	2.0 	1.9 	1.6 	: u	1.5 	: u	2.0 b	2.7 	1.4 	: u	1.3 	: u
A,Y55-74,PC_POP,M,IT	: 	: 	: 	: 	: 	: 	1.0 	1.1 	1.4 	1.9 	2.2 	2.1 	2.3 	2.4 	2.4 	2.5 b	2.4 	2.1 	2.3 	2.0 	1.9 	1.6 	1.7 
A,Y55-74,PC_POP,M,LT	: 	: 	: 	: 	: 	: 	4.6 	6.1 	6.0 	5.2 	5.5 	5.8 	4.7 	4.4 	4.0 	3.7 	3.4 	5.2 	4.1 	3.4 	4.5 	4.9 	5.6 
A,Y55-74,PC_POP,M,LU	: 	: 	: 	: 	: 	: 	: u	: u	: u	: 	1.3 u	1.4 u	1.6 bu	1.7 u	1.0 u	1.2 u	1.5 u	1.6 	1.9 	1.7 	: u	: u	: u
A,Y55-74,PC_POP,M,LV	: 	: 	: 	: 	: 	: 	6.6 	7.0 	6.4 	6.1 	4.6 	4.6 	4.9 	5.1 	4.5 	4.2 	3.7 	4.5 	2.9 	3.3 	3.4 	3.6 	3.1 
A,Y55-74,PC_POP,M,ME	: 	: 	: 	: 	: 	: 	: 	: 	3.9 	3.4 	3.7 	4.3 	4.2 	3.5 	2.9 u	2.8 u	3.0 u	3.9 	: 	: 	: 	: 	: 
A,Y55-74,PC_POP,M,MK	: 	: 	: 	: 	: 	: 	11.4 	11.8 	12.9 	11.3 	10.5 	10.5 	9.5 	8.2 	7.8 	7.7 	4.6 	5.4 	6.0 b	5.6 	3.8 	4.2 	3.6 
A,Y55-74,PC_POP,M,MT	: 	: 	: 	: 	: 	: 	1.8 	1.5 u	1.0 u	1.2 u	1.8 	2.5 	2.3 	1.4 u	0.9 u	1.3 u	: u	1.3 u	1.2 u	1.0 u	: u	1.4 u	1.3 u
A,Y55-74,PC_POP,M,NL	: 	: 	: 	: 	: 	: 	1.9 	2.2 	2.4 	2.8 	3.8 	4.3 	4.5 	3.7 	3.0 	2.5 	2.2 	1.8 	1.8 	1.6 	1.3 	1.4 	1.5 
A,Y55-74,PC_POP,M,NO	: 	: 	: 	: 	: 	: 	0.9 	1.0 	0.7 	0.8 	0.8 	0.8 	1.0 	1.3 	1.3 u	: u	1.1 u	1.3 u	1.1 u	: u	: u	1.0 u	1.3 u
A,Y55-74,PC_POP,M,PL	: 	: 	: 	: 	: 	: 	2.1 	2.5 b	2.6 	3.0 	3.2 	2.8 	2.3 	2.0 	1.6 	1.3 	1.0 b	1.0 	1.1 	0.8 	0.8 	1.0 	1.0 
A,Y55-74,PC_POP,M,PT	: 	: 	: 	: 	: 	: 	3.6 	4.1 	4.3 	5.2 	5.5 	5.7 	5.4 	5.0 	3.8 	2.7 	2.6 	2.7 	2.6 	1.9 	2.3 	2.3 	2.3 
A,Y55-74,PC_POP,M,RO	: 	: 	: 	: 	: 	: 	1.6 	1.8 	2.0 	1.8 	1.8 	1.7 	1.8 	1.5 	1.5 	1.2 	1.1 	1.4 	1.4 	1.3 	1.5 	1.0 	1.6 
A,Y55-74,PC_POP,M,RS	: 	: 	: 	: 	: 	: 	: 	4.6 	5.7 	7.0 	6.4 	4.8 	4.3 	3.5 	3.4 	3.4 	2.5 	2.2 	2.6 	2.7 	3.0 	2.7 	2.2 
A,Y55-74,PC_POP,M,SE	: 	: 	2.7 	2.4 	2.1 	2.0 	2.8 	3.2 	2.8 	2.7 	2.7 	2.9 	2.8 	2.8 	2.7 	2.4 	2.5 	3.2 	3.9 	3.1 	3.0 	3.5 	4.2 
A,Y55-74,PC_POP,M,SI	: 	: 	: 	: 	: 	: 	1.1 u	1.2 u	2.0 	1.8 	2.1 	2.5 	2.3 	2.1 	2.2 	1.7 	1.5 u	1.1 u	1.4 u	1.6 u	1.4 u	1.6 u	1.3 u
A,Y55-74,PC_POP,M,SK	: 	: 	: 	: 	: 	: 	2.4 	3.7 	4.1 b	4.3 	4.1 	3.8 	3.1 	3.1 	2.1 	1.6 	1.5 	1.6 	2.0 	1.8 	1.5 	1.2 u	1.4 
A,Y55-74,PC_POP,M,TR	: 	: 	: 	: 	: 	: 	2.3 	2.2 	1.9 	1.7 	2.0 	2.7 b	2.9 	2.9 	3.0 	3.3 	3.7 	3.0 	3.1 b	2.9 	2.4 	2.5 	2.5 
A,Y55-74,PC_POP,T,AT	: 	: 	: 	: 	: 	: 	0.7 	0.6 	0.9 	0.9 	1.0 	1.1 	1.4 	1.6 	1.5 	1.4 	1.2 	1.6 	1.8 	1.3 	1.5 	1.4 	1.6 
A,Y55-74,PC_POP,T,BA	: 	: 	: 	: 	: 	: 	: 	: 	: 	: 	: 	: 	: 	: 	: 	: 	: 	: 	2.8 	2.5 	2.4 	2.2 	2.4 
A,Y55-74,PC_POP,T,BE	: 	: 	: 	: 	: 	: 	1.1 	1.1 	1.0 	1.1 	1.4 	1.4 	1.6 	1.6 	1.8 b	1.3 	1.3 	1.4 	1.5 	1.3 	1.2 	1.2 	1.6 
A,Y55-74,PC_POP,T,BG	: 	: 	: 	: 	: 	: 	2.0 	3.0 b	2.8 b	3.4 	4.3 	4.2 	3.2 	2.7 	2.4 	2.0 	1.9 b	1.9 	1.7 	1.4 	1.5 	1.3 b	1.2 
A,Y55-74,PC_POP,T,CH	: 	: 	: 	: 	: 	: 	: 	1.4 b	1.5 	1.4 	1.4 	1.4 	1.8 	1.6 	1.7 	1.8 	1.8 	1.8 	2.2 	1.7 	1.7 	1.7 	1.8 
A,Y55-74,PC_POP,T,CY	: 	: 	: 	: 	: 	: 	1.6 	1.7 	1.7 	3.3 	4.5 	5.5 	5.3 	4.0 	2.8 	2.2 	2.4 	2.3 	2.2 	1.9 	1.9 	1.4 	1.3 
A,Y55-74,PC_POP,T,CZ	: 	: 	: 	: 	: 	: 	1.8 	2.0 	1.8 b	1.9 	1.9 	1.6 	1.4 	1.3 	0.8 	0.7 	0.7 	0.7 	0.9 	0.8 	0.9 	0.8 	1.0 
A,Y55-74,PC_POP,T,DE	: 	: 	: 	: 	: 	: 	2.2 	2.2 b	2.0 b	1.9 	1.9 	1.8 	1.7 	1.5 	1.3 	1.2 	1.1 	1.3 b	1.4 	1.2 	1.1 	1.2 	1.3 
A,Y55-74,PC_POP,T,DK	: 	: 	: 	: 	: 	: 	1.5 	2.0 	2.0 	2.0 	1.9 	1.8 	1.5 	1.5 b	1.4 b	1.4 	1.4 	1.8 	1.9 	1.4 	1.5 b	2.0 	1.9 
A,Y55-74,PC_POP,T,EA20	: 	: 	: 	: 	: 	: 	1.9 	2.0 	2.1 	2.4 	2.7 	2.7 	2.7 	2.6 	2.4 	2.3 	2.1 	2.1 	2.3 	2.1 	2.0 	1.9 	2.0 
A,Y55-74,PC_POP,T,EA21	: 	: 	: 	: 	: 	: 	1.9 	2.1 	2.1 	2.4 	2.7 	2.8 	2.7 	2.6 	2.4 	2.2 	2.1 	2.1 	2.3 	2.1 	2.0 	1.9 	2.0 
A,Y55-74,PC_POP,T,EE	: 	: 	: 	: 	: 	: 	3.7 	6.1 	4.6 	3.0 	2.6 	2.4 	2.8 	3.6 	2.7 	2.7 	1.9 	3.3 	2.8 	2.1 	2.9 	3.1 	2.8 
A,Y55-74,PC_POP,T,EL	: 	: 	: 	: 	: 	: 	1.1 	1.6 	2.1 	3.3 	4.0 	4.2 	4.3 	5.2 	5.1 	4.5 	4.1 	3.9 	3.6 	3.2 	2.5 	2.7 	2.7 
A,Y55-74,PC_POP,T,ES	: 	: 	: 	: 	: 	: 	3.5 	4.2 	4.6 	5.6 	6.3 	6.3 	6.1 	5.8 	5.2 	4.8 	4.6 	4.6 	5.1 d	4.6 d	4.6 d	4.3 d	4.2 d
A,Y55-74,PC_POP,T,EU27_2020	: 	: 	: 	: 	: 	: 	1.8 	2.0 	2.0 	2.3 	2.5 	2.5 	2.5 	2.4 	2.2 	2.0 	1.9 	1.9 	2.1 	1.8 	1.8 	1.8 	1.8 
A,Y55-74,PC_POP,T,FI	: 	: 	: 	: 	: 	: 	2.3 	2.5 	2.4 	2.5 	2.6 	2.6 	2.9 	2.7 	2.9 	2.6 	2.5 	2.8 	2.9 	3.0 	3.2 	3.4 	3.9 
A,Y55-74,PC_POP,T,FR	1.0 	1.2 	1.1 	1.2 	1.1 	1.1 	1.5 	1.6 	1.7 	1.9 	2.2 	2.3 	2.3 	2.3 	2.1 	2.2 	2.2 	1.9 	2.1 d	2.0 d	1.9 d	1.9 d	2.0 d
A,Y55-74,PC_POP,T,HR	: 	: 	: 	: 	: 	: 	1.3 	1.6 	1.9 	2.6 	2.5 	2.9 	3.0 	2.3 	2.0 	1.1 	0.9 u	1.3 	1.3 	1.4 	1.3 	1.1 	1.1 
A,Y55-74,PC_POP,T,HU	: 	: 	: 	: 	: 	: 	1.3 	1.7 	2.2 	2.0 	2.0 	1.7 	1.6 	1.3 	1.1 	0.8 b	0.7 	1.0 	1.1 	1.1 	1.3 	1.5 	1.3 
A,Y55-74,PC_POP,T,IE	: 	: 	: 	: 	: 	: 	2.3 	3.1 	3.3 	3.6 	3.8 	3.4 	2.9 	2.4 	2.2 	1.8 	1.4 	1.7 	2.3 b	1.5 	1.4 	1.4 	1.5 
A,Y55-74,PC_POP,T,IS	: 	: 	: 	: 	: 	: 	2.2 	2.8 	3.4 	2.6 	2.0 	1.9 	1.8 	1.2 	0.9 	1.3 	1.0 	1.9 b	2.2 	1.3 	0.8 	1.3 	1.0 
A,Y55-74,PC_POP,T,IT	: 	: 	: 	: 	: 	: 	0.7 	0.8 	0.9 	1.3 	1.5 	1.5 	1.6 	1.7 	1.8 	1.9 b	1.8 	1.7 	1.9 	1.7 	1.7 	1.4 	1.4 
A,Y55-74,PC_POP,T,LT	: 	: 	: 	: 	: 	: 	3.3 	4.4 	4.3 	3.9 	3.9 	4.0 	3.4 	3.3 	3.1 	3.2 	3.1 	4.5 	3.6 	3.1 	3.7 	3.8 	3.8 
A,Y55-74,PC_POP,T,LU	: 	: 	: 	: 	: 	: 	0.7 u	0.5 u	0.7 u	0.5 u	1.1 	1.2 	1.2 b	1.3 	0.9 	0.9 	1.2 	1.2 	1.4 	1.4 	: u	: u	: u
A,Y55-74,PC_POP,T,LV	: 	: 	: 	: 	: 	: 	4.6 	5.1 	4.9 	5.2 	3.8 	3.6 	3.7 	3.7 	3.5 	3.3 	2.9 	3.5 	2.6 	2.6 	2.7 	2.8 	2.7 
A,Y55-74,PC_POP,T,ME	: 	: 	: 	: 	: 	: 	: 	: 	2.8 	2.3 	2.7 	3.1 	3.1 	2.5 	2.2 	2.2 	2.8 	3.0 	: 	: 	: 	: 	: 
A,Y55-74,PC_POP,T,MK	: 	: 	: 	: 	: 	: 	7.5 	8.0 	8.6 	7.6 	7.5 	7.1 	6.4 	5.3 	5.0 	5.2 	3.5 	3.6 	4.1 b	3.4 	2.5 	2.7 	2.4 
A,Y55-74,PC_POP,T,MT	: 	: 	: 	: 	: 	: 	1.2 	0.9 	0.6 u	0.9 	1.2 	1.5 	1.4 	1.0 	0.6 u	1.0 	0.4 u	1.2 	1.1 	0.6 u	: u	0.9 u	0.9 u
A,Y55-74,PC_POP,T,NL	: 	: 	: 	: 	: 	: 	1.8 	2.0 	2.2 	2.5 	3.1 	3.6 	3.7 	3.3 	2.8 	2.4 	1.9 	1.7 	1.6 	1.5 	1.3 	1.2 	1.3 
A,Y55-74,PC_POP,T,NO	: 	: 	: 	: 	: 	: 	0.6 	0.7 	0.6 	0.6 	0.7 	0.6 	0.8 	0.9 	0.9 u	0.7 u	0.8 u	1.0 	0.9 	0.6 u	0.6 u	0.8 	0.9 
A,Y55-74,PC_POP,T,PL	: 	: 	: 	: 	: 	: 	1.4 	1.7 b	1.8 	2.1 	2.2 	2.0 	1.6 	1.3 	1.1 	0.8 	0.7 b	0.6 	0.7 	0.6 	0.6 	0.6 	0.7 
A,Y55-74,PC_POP,T,PT	: 	: 	: 	: 	: 	: 	2.5 	3.0 	3.4 	4.0 	4.3 	4.3 	4.2 	3.7 	3.1 	2.4 	2.3 	2.2 	2.1 	2.0 	2.3 	2.3 	2.2 
A,Y55-74,PC_POP,T,RO	: 	: 	: 	: 	: 	: 	1.0 	1.1 	1.1 	1.1 	1.2 	1.1 	1.1 	1.0 	1.0 	0.8 	0.8 	1.0 	0.9 	0.9 	1.1 	0.7 	1.2 
A,Y55-74,PC_POP,T,RS	: 	: 	: 	: 	: 	: 	: 	2.9 	3.7 	4.6 	4.1 	3.1 	2.9 	2.5 	2.4 	2.5 	2.0 	1.5 	2.1 	2.2 	2.3 	2.3 	2.1 
A,Y55-74,PC_POP,T,SE	: 	: 	2.1 	2.1 	1.8 	1.7 	2.4 	2.6 	2.3 	2.3 	2.2 	2.4 	2.4 	2.3 	2.3 	2.1 	2.2 	2.7 	3.4 	2.8 	2.8 	3.1 	3.5 
A,Y55-74,PC_POP,T,SI	: 	: 	: 	: 	: 	: 	0.7 u	0.8 u	1.2 	1.3 	1.5 	1.8 	1.8 	1.5 	1.7 	1.4 	1.3 	1.1 	1.3 	1.3 	1.3 	1.3 	1.2 
A,Y55-74,PC_POP,T,SK	: 	: 	: 	: 	: 	: 	2.1 	3.0 	3.0 b	3.6 	3.6 	3.5 	3.1 	3.1 	2.1 	1.8 	1.7 	1.7 	1.9 	1.7 	1.5 	1.2 	1.6 
A,Y55-74,PC_POP,T,TR	: 	: 	: 	: 	: 	: 	1.2 	1.1 	1.0 	0.9 	1.1 	1.4 b	1.6 	1.6 	1.7 	1.8 	2.1 	1.7 	1.8 b	1.7 	1.5 	1.6 	1.5 
A,Y55-74,THS_PER,F,AT	: 	: 	: 	: 	: 	: 	4 u	3 u	5 u	5 u	7 	6 	8 	10 	10 	11 	9 	13 	16 	10 	11 	10 	14 
A,Y55-74,THS_PER,F,BA	: 	: 	: 	: 	: 	: 	: 	: 	: 	: 	: 	: 	: 	: 	: 	: 	: 	: 	10 	9 	8 	8 	10 
A,Y55-74,THS_PER,F,BE	: 	: 	: 	: 	: 	: 	10 	11 	10 	12 	14 	15 	14 	19 	22 b	13 	15 	15 	17 	15 	14 	15 	18 
A,Y55-74,THS_PER,F,BG	: 	: 	: 	: 	: 	: 	18 	24 b	22 b	26 	34 	33 	26 	22 	19 	15 	16 b	16 	13 	10 	12 	12 b	12 
A,Y55-74,THS_PER,F,CH	: 	: 	: 	: 	: 	: 	: 	10 b	11 	10 	10 	11 	13 	12 	13 	14 	15 	14 	18 	15 	15 	14 	16 
A,Y55-74,THS_PER,F,CY	: 	: 	: 	: 	: 	: 	1 u	1 u	1 u	2 	2 	3 	3 	2 	1 u	1 u	2 	2 	2 	2 	2 	1 u	2 
A,Y55-74,THS_PER,F,CZ	: 	: 	: 	: 	: 	: 	17 	20 	18 b	20 	22 	19 	17 	14 	11 	10 	8 	10 	12 	10 	10 	11 	13 
A,Y55-74,THS_PER,F,DE	: 	: 	: 	: 	: 	: 	192 	177 b	169 b	157 	159 	149 	137 	125 	113 	99 	96 	117 b	129 	121 	106 	116 	115 
A,Y55-74,THS_PER,F,DK	: 	: 	: 	: 	: 	: 	7 	8 	9 	11 	11 	10 	10 	9 b	9 b	10 	9 	12 	11 	9 	10 b	13 	11 
A,Y55-74,THS_PER,F,EA20	: 	: 	: 	: 	: 	: 	569 	605 	641 	750 	827 	859 	870 	875 	848 	826 	816 	830 	930 	869 	862 	841 	852 
A,Y55-74,THS_PER,F,EA21	: 	: 	: 	: 	: 	: 	587 	629 	663 	776 	862 	892 	896 	898 	867 	841 	832 	847 	943 	880 	874 	853 	864 
A,Y55-74,THS_PER,F,EE	: 	: 	: 	: 	: 	: 	5 	9 	6 	4 	3 	4 	4 	5 	3 	3 	3 	5 	4 	3 	5 	5 	4 
A,Y55-74,THS_PER,F,EL	: 	: 	: 	: 	: 	: 	11 	14 	18 	28 	35 	35 	36 	49 	53 	53 	47 	42 	50 	44 	39 	43 	44 
A,Y55-74,THS_PER,F,ES	: 	: 	: 	: 	: 	: 	127 	138 	162 	213 	246 	255 	264 	263 	249 	247 	243 	256 	303 d	279 d	294 d	281 d	284 d
A,Y55-74,THS_PER,F,EU27_2020	: 	: 	: 	: 	: 	: 	689 	754 	794 	923 	1017 	1040 	1029 	1009 	971 	922 	911 	940 	1046 	970 	976 	958 	978 
A,Y55-74,THS_PER,F,FI	: 	: 	: 	: 	: 	: 	12 	14 	13 	13 	15 	16 	17 	18 	18 	16 	14 	18 	19 	17 	18 	18 	23 
A,Y55-74,THS_PER,F,FR	53 	67 	63 	71 	64 	61 	86 	99 	106 	121 	137 	151 	155 	149 	143 	159 	174 	149 	164 d	156 d	147 d	149 d	154 d
A,Y55-74,THS_PER,F,HR	: 	: 	: 	: 	: 	: 	5 u	5 u	6 u	9 u	7 u	11 	11 	8 u	9 u	5 u	5 u	6 u	7 u	8 u	7 u	7 u	5 u
A,Y55-74,THS_PER,F,HU	: 	: 	: 	: 	: 	: 	13 	17 	22 	22 	20 	17 	17 	15 	14 	9 b	7 	9 	10 	11 	13 	17 	14 
A,Y55-74,THS_PER,F,IE	: 	: 	: 	: 	: 	: 	5 	7 	8 	9 	11 	11 	9 	8 	8 	7 	6 u	6 u	10 b	7 u	6 u	7 u	7 u
A,Y55-74,THS_PER,F,IS	: 	: 	: 	: 	: 	: 	: u	1 	1 	1 	1 	1 	1 	: u	: u	: u	: u	1 b	1 	: u	: u	1 	: u
A,Y55-74,THS_PER,F,IT	: 	: 	: 	: 	: 	: 	29 	32 	31 	56 	59 	68 	70 	83 	95 	97 b	102 	104 	116 	112 	117 	101 	91 
A,Y55-74,THS_PER,F,LT	: 	: 	: 	: 	: 	: 	9 	12 	12 	12 	10 	10 	10 	10 	10 	11 	11 	16 	13 	12 	13 	13 	11 
A,Y55-74,THS_PER,F,LU	: 	: 	: 	: 	: 	: 	: u	: 	: u	: u	1 u	: u	: bu	: u	: u	: u	: u	1 u	1 u	1 u	: u	: u	: u
A,Y55-74,THS_PER,F,LV	: 	: 	: 	: 	: 	: 	9 	11 	11 	13 	9 	8 	8 	7 	7 	8 	7 	8 	6 	5 	6 	6 	6 
A,Y55-74,THS_PER,F,ME	: 	: 	: 	: 	: 	: 	: 	: 	1 u	: u	: u	1 u	1 u	: u	: u	: u	2 u	1 u	: 	: 	: 	: 	: 
A,Y55-74,THS_PER,F,MK	: 	: 	: 	: 	: 	: 	8 	9 	9 	9 	10 	8 	8 	6 	5 	7 	6 	5 	5 b	3 	3 	3 	3 
A,Y55-74,THS_PER,F,MT	: 	: 	: 	: 	: 	: 	: u	: 	: 	0 u	: u	: u	: u	: u	: u	0 u	: 	1 u	: 	: u	: 	: u	: 
A,Y55-74,THS_PER,F,NL	: 	: 	: 	: 	: 	: 	30 	32 	37 	40 	47 	54 	59 	61 	53 	48 	36 	33 	30 	33 	27 	23 	25 
A,Y55-74,THS_PER,F,NO	: 	: 	: 	: 	: 	: 	1 u	2 	3 	2 	3 	3 	4 	3 	: u	: u	: u	: u	: u	: u	: u	: u	: u
A,Y55-74,THS_PER,F,PL	: 	: 	: 	: 	: 	: 	34 	47 b	51 	60 	68 	66 	54 	40 	35 	22 	22 b	19 u	24 	19 u	19 u	19 u	19 u
A,Y55-74,THS_PER,F,PT	: 	: 	: 	: 	: 	: 	20 	24 	33 	37 	43 	40 	41 	36 	34 	31 	30 	25 	25 	31 	34 	33 	32 
A,Y55-74,THS_PER,F,RO	: 	: 	: 	: 	: 	: 	11 u	12 	10 u	12 	15 	14 	13 	13 	14 	11 u	12 	18 	14 	13 	20 	13 	25 
A,Y55-74,THS_PER,F,RS	: 	: 	: 	: 	: 	: 	: 	14 	19 	24 	20 	17 	16 	15 	15 	18 	16 	10 	16 	17 	17 	19 	19 
A,Y55-74,THS_PER,F,SE	: 	: 	15 	17 	16 	15 	21 	21 	20 	22 	19 	22 	22 	21 	22 	20 	22 	26 	32 	28 	30 	33 	32 
A,Y55-74,THS_PER,F,SI	: 	: 	: 	: 	: 	: 	1 u	1 u	1 u	2 u	2 u	3 u	3 u	3 u	3 u	3 u	3 u	3 u	3 u	3 u	3 u	3 u	3 u
A,Y55-74,THS_PER,F,SK	: 	: 	: 	: 	: 	: 	11 	14 	13 b	18 	20 	21 	21 	20 	14 	13 	12 	13 	13 	11 	10 	9 u	12 
A,Y55-74,THS_PER,F,TR	: 	: 	: 	: 	: 	: 	6 	6 	7 	9 	13 	15 b	22 	21 	24 	28 	36 	29 	41 b	40 	46 	49 	43 
A,Y55-74,THS_PER,M,AT	: 	: 	: 	: 	: 	: 	7 	8 	12 	11 	12 	15 	19 	21 	19 	17 	16 	20 	24 	19 	23 	23 	22 
A,Y55-74,THS_PER,M,BA	: 	: 	: 	: 	: 	: 	: 	: 	: 	: 	: 	: 	: 	: 	: 	: 	: 	: 	15 	14 	13 	12 	12 
A,Y55-74,THS_PER,M,BE	: 	: 	: 	: 	: 	: 	15 	14 	13 	14 	19 	20 	24 	21 	23 b	22 	20 	23 	25 	20 	19 	19 	26 
A,Y55-74,THS_PER,M,BG	: 	: 	: 	: 	: 	: 	19 	30 b	29 b	36 	43 	44 	33 	28 	25 	22 	19 b	19 	17 	15 	14 	12 b	10 
A,Y55-74,THS_PER,M,CH	: 	: 	: 	: 	: 	: 	: 	13 b	13 	13 	14 	14 	20 	19 	19 	20 	20 	23 	26 	21 	21 	22 	22 
A,Y55-74,THS_PER,M,CY	: 	: 	: 	: 	: 	: 	1 u	2 	2 	4 	5 	6 	6 	5 	3 	3 	3 	3 	2 	2 	2 	1 u	1 u
A,Y55-74,THS_PER,M,CZ	: 	: 	: 	: 	: 	: 	25 	29 	27 b	27 	26 	22 	19 	18 	10 	9 	10 	8 	10 	9 	11 	10 	13 
A,Y55-74,THS_PER,M,DE	: 	: 	: 	: 	: 	: 	243 	246 b	212 b	208 	215 	203 	195 	163 	151 	138 	133 	153 b	174 	156 	145 	148 	175 
A,Y55-74,THS_PER,M,DK	: 	: 	: 	: 	: 	: 	12 	17 	16 	14 	13 	14 	10 	11 b	11 b	10 	11 	13 	15 	11 	11 b	16 	16 
A,Y55-74,THS_PER,M,EA20	: 	: 	: 	: 	: 	: 	780 	894 	916 	1066 	1208 	1233 	1238 	1188 	1095 	1009 	963 	964 	1042 	939 	911 	884 	934 
A,Y55-74,THS_PER,M,EA21	: 	: 	: 	: 	: 	: 	799 	924 	946 	1101 	1251 	1277 	1271 	1216 	1120 	1032 	982 	983 	1059 	953 	925 	896 	945 
A,Y55-74,THS_PER,M,EE	: 	: 	: 	: 	: 	: 	5 	9 	7 	5 	5 	3 	4 	6 	5 	5 	3 	5 	5 	4 	4 	5 	5 
A,Y55-74,THS_PER,M,EL	: 	: 	: 	: 	: 	: 	16 	24 	32 	50 	62 	66 	69 	79 	74 	60 	58 	58 	45 	40 	28 	29 	30 
A,Y55-74,THS_PER,M,ES	: 	: 	: 	: 	: 	: 	178 	228 	245 	297 	338 	350 	335 	317 	291 	259 	249 	253 	272 d	252 d	248 d	240 d	231 d
A,Y55-74,THS_PER,M,EU27_2020	: 	: 	: 	: 	: 	: 	985 	1150 	1181 	1344 	1505 	1511 	1481 	1402 	1278 	1164 	1102 	1122 	1215 	1083 	1062 	1038 	1112 
A,Y55-74,THS_PER,M,FI	: 	: 	: 	: 	: 	: 	16 	18 	19 	20 	20 	20 	22 	20 	22 	21 	22 	22 	23 	26 	26 	28 	31 
A,Y55-74,THS_PER,M,FR	60 	68 	71 	81 	76 	75 	103 	113 	115 	138 	166 	175 	180 	188 	177 	174 	172 	150 	174 d	160 d	159 d	158 d	166 d
A,Y55-74,THS_PER,M,HR	: 	: 	: 	: 	: 	: 	8 u	11 	13 	17 	18 	18 	19 	16 	11 	7 u	4 u	7 u	7 u	7 u	6 u	4 u	6 u
A,Y55-74,THS_PER,M,HU	: 	: 	: 	: 	: 	: 	17 	23 	28 	26 	27 	23 	22 	17 	12 	9 b	10 	14 	15 	15 	16 	17 	15 
A,Y55-74,THS_PER,M,IE	: 	: 	: 	: 	: 	: 	12 	15 	17 	20 	20 	18 	16 	14 	11 	10 	8 	10 	13 b	8 	8 u	8 u	9 
A,Y55-74,THS_PER,M,IS	: 	: 	: 	: 	: 	: 	1 	1 	1 	1 	1 	1 	1 	1 	: u	1 	: u	1 b	1 	1 	: u	1 	: u
A,Y55-74,THS_PER,M,IT	: 	: 	: 	: 	: 	: 	67 	74 	88 	122 	145 	141 	154 	162 	166 	176 b	168 	150 	171 	152 	147 	123 	130 
A,Y55-74,THS_PER,M,LT	: 	: 	: 	: 	: 	: 	12 	16 	16 	14 	15 	16 	13 	12 	11 	11 	10 	16 	12 	11 	15 	16 	18 
A,Y55-74,THS_PER,M,LU	: 	: 	: 	: 	: 	: 	: u	: u	: u	: 	1 u	1 u	1 bu	1 u	1 u	1 u	1 u	1 	1 	1 	: u	: u	: u
A,Y55-74,THS_PER,M,LV	: 	: 	: 	: 	: 	: 	12 	13 	12 	11 	8 	9 	9 	10 	9 	8 	7 	9 	6 	7 	7 	7 	6 
A,Y55-74,THS_PER,M,ME	: 	: 	: 	: 	: 	: 	: 	: 	2 	2 	2 	2 	2 	2 	2 u	2 u	2 u	2 	: 	: 	: 	: 	: 
A,Y55-74,THS_PER,M,MK	: 	: 	: 	: 	: 	: 	20 	21 	24 	22 	21 	21 	19 	17 	16 	17 	10 	12 	13 b	12 	8 	9 	8 
A,Y55-74,THS_PER,M,MT	: 	: 	: 	: 	: 	: 	1 	1 u	0 u	1 u	1 	1 	1 	1 u	1 u	1 u	: u	1 u	1 u	1 u	: u	1 u	1 u
A,Y55-74,THS_PER,M,NL	: 	: 	: 	: 	: 	: 	32 	39 	43 	52 	71 	83 	87 	73 	60 	52 	46 	38 	39 	34 	29 	31 	33 
A,Y55-74,THS_PER,M,NO	: 	: 	: 	: 	: 	: 	4 	5 	3 	4 	4 	4 	5 	7 	7 u	: u	6 u	8 u	6 u	: u	: u	6 u	8 u
A,Y55-74,THS_PER,M,PL	: 	: 	: 	: 	: 	: 	72 	89 b	95 	110 	121 	109 	90 	78 	65 	52 	40 b	40 	44 	33 	33 	39 	41 
A,Y55-74,THS_PER,M,PT	: 	: 	: 	: 	: 	: 	37 	44 	46 	57 	60 	63 	61 	57 	44 	31 	31 	33 	32 	25 	29 	30 	30 
A,Y55-74,THS_PER,M,RO	: 	: 	: 	: 	: 	: 	32 	36 	40 	36 	38 	35 	38 	31 	30 	25 	22 	28 	28 	26 	31 	20 	34 
A,Y55-74,THS_PER,M,RS	: 	: 	: 	: 	: 	: 	: 	40 	50 	61 	56 	42 	38 	31 	30 	30 	22 	19 	23 	23 	26 	23 	18 
A,Y55-74,THS_PER,M,SE	: 	: 	26 	24 	21 	20 	29 	33 	29 	29 	29 	32 	31 	31 	30 	27 	28 	36 	45 	36 	35 	40 	49 
A,Y55-74,THS_PER,M,SI	: 	: 	: 	: 	: 	: 	2 u	3 u	4 	4 	5 	6 	6 	5 	5 	4 	4 u	3 u	4 u	4 u	4 u	4 u	3 u
A,Y55-74,THS_PER,M,SK	: 	: 	: 	: 	: 	: 	11 	17 	20 b	22 	21 	20 	17 	17 	12 	9 	8 	10 	12 	10 	9 	7 u	8 
A,Y55-74,THS_PER,M,TR	: 	: 	: 	: 	: 	: 	87 	85 	78 	72 	88 	127 b	146 	150 	165 	185 	218 	185 	203 b	193 	165 	175 	178 
A,Y55-74,THS_PER,T,AT	: 	: 	: 	: 	: 	: 	11 	11 	16 	16 	19 	21 	27 	31 	29 	28 	25 	33 	40 	30 	34 	33 	37 
A,Y55-74,THS_PER,T,BA	: 	: 	: 	: 	: 	: 	: 	: 	: 	: 	: 	: 	: 	: 	: 	: 	: 	: 	25 	22 	21 	20 	21 
A,Y55-74,THS_PER,T,BE	: 	: 	: 	: 	: 	: 	25 	25 	23 	26 	34 	35 	39 	41 	45 b	35 	35 	37 	42 	35 	34 	34 	44 
A,Y55-74,THS_PER,T,BG	: 	: 	: 	: 	: 	: 	37 	54 b	52 b	62 	78 	77 	59 	50 	45 	37 	34 b	36 	31 	25 	26 	24 b	22 
A,Y55-74,THS_PER,T,CH	: 	: 	: 	: 	: 	: 	: 	23 b	24 	24 	24 	25 	33 	30 	32 	34 	35 	37 	44 	36 	36 	36 	38 
A,Y55-74,THS_PER,T,CY	: 	: 	: 	: 	: 	: 	2 	3 	3 	5 	7 	9 	9 	7 	5 	4 	5 	5 	4 	4 	4 	3 	3 
A,Y55-74,THS_PER,T,CZ	: 	: 	: 	: 	: 	: 	42 	49 	45 b	47 	48 	41 	36 	33 	21 	18 	18 	18 	23 	20 	21 	21 	26 
A,Y55-74,THS_PER,T,DE	: 	: 	: 	: 	: 	: 	435 	423 b	381 b	365 	375 	351 	332 	289 	263 	237 	230 	269 b	303 	277 	251 	263 	289 
A,Y55-74,THS_PER,T,DK	: 	: 	: 	: 	: 	: 	19 	25 	25 	25 	24 	23 	21 	21 b	19 b	20 	20 	25 	26 	20 	22 b	29 	27 
A,Y55-74,THS_PER,T,EA20	: 	: 	: 	: 	: 	: 	1349 	1499 	1557 	1816 	2035 	2092 	2108 	2063 	1942 	1835 	1779 	1794 	1971 	1808 	1773 	1725 	1787 
A,Y55-74,THS_PER,T,EA21	: 	: 	: 	: 	: 	: 	1385 	1553 	1609 	1878 	2113 	2169 	2167 	2113 	1987 	1872 	1813 	1830 	2002 	1833 	1799 	1749 	1809 
A,Y55-74,THS_PER,T,EE	: 	: 	: 	: 	: 	: 	11 	18 	14 	9 	8 	7 	8 	11 	8 	8 	6 	10 	9 	7 	9 	10 	9 
A,Y55-74,THS_PER,T,EL	: 	: 	: 	: 	: 	: 	27 	38 	50 	78 	97 	101 	105 	128 	127 	114 	105 	100 	94 	84 	67 	73 	74 
A,Y55-74,THS_PER,T,ES	: 	: 	: 	: 	: 	: 	304 	367 	408 	510 	584 	605 	599 	580 	540 	506 	492 	509 	575 d	531 d	542 d	521 d	515 d
A,Y55-74,THS_PER,T,EU27_2020	: 	: 	: 	: 	: 	: 	1675 	1904 	1975 	2267 	2522 	2551 	2510 	2412 	2249 	2086 	2013 	2063 	2261 	2053 	2038 	1996 	2090 
A,Y55-74,THS_PER,T,FI	: 	: 	: 	: 	: 	: 	29 	32 	31 	33 	34 	36 	39 	38 	40 	37 	36 	40 	42 	43 	45 	47 	54 
A,Y55-74,THS_PER,T,FR	113 	135 	134 	152 	140 	136 	189 	212 	221 	259 	304 	326 	335 	337 	319 	333 	345 	299 	338 d	316 d	307 d	307 d	320 d
A,Y55-74,THS_PER,T,HR	: 	: 	: 	: 	: 	: 	13 	16 	19 	26 	25 	30 	31 	24 	20 	12 	10 u	14 	13 	15 	13 	11 	11 
A,Y55-74,THS_PER,T,HU	: 	: 	: 	: 	: 	: 	30 	40 	50 	48 	48 	40 	39 	32 	26 	19 b	17 	23 	25 	26 	29 	34 	29 
A,Y55-74,THS_PER,T,IE	: 	: 	: 	: 	: 	: 	17 	23 	26 	28 	31 	28 	25 	21 	20 	17 	14 	16 	23 b	15 	15 	15 	16 
A,Y55-74,THS_PER,T,IS	: 	: 	: 	: 	: 	: 	1 	1 	2 	1 	1 	1 	1 	1 	1 	1 	1 	1 b	2 	1 	1 	1 	1 
A,Y55-74,THS_PER,T,IT	: 	: 	: 	: 	: 	: 	96 	106 	119 	178 	204 	209 	224 	245 	261 	273 b	270 	254 	288 	264 	264 	224 	221 
A,Y55-74,THS_PER,T,LT	: 	: 	: 	: 	: 	: 	21 	29 	27 	25 	25 	26 	23 	22 	21 	22 	21 	31 	25 	23 	27 	29 	29 
A,Y55-74,THS_PER,T,LU	: 	: 	: 	: 	: 	: 	1 u	1 u	1 u	1 u	1 	1 	1 b	1 	1 	1 	1 	2 	2 	2 	: u	: u	: u
A,Y55-74,THS_PER,T,LV	: 	: 	: 	: 	: 	: 	21 	23 	23 	24 	18 	17 	17 	17 	16 	15 	14 	16 	12 	12 	13 	13 	13 
A,Y55-74,THS_PER,T,ME	: 	: 	: 	: 	: 	: 	: 	: 	3 	3 	3 	4 	4 	3 	3 	3 	3 	4 	: 	: 	: 	: 	: 
A,Y55-74,THS_PER,T,MK	: 	: 	: 	: 	: 	: 	28 	30 	33 	30 	31 	29 	27 	23 	22 	23 	16 	17 	18 b	16 	11 	13 	11 
A,Y55-74,THS_PER,T,MT	: 	: 	: 	: 	: 	: 	1 	1 	1 u	1 	1 	2 	1 	1 	1 u	1 	0 u	1 	1 	1 u	: u	1 u	1 u
A,Y55-74,THS_PER,T,NL	: 	: 	: 	: 	: 	: 	62 	71 	80 	92 	118 	137 	146 	134 	113 	100 	82 	71 	69 	66 	56 	54 	59 
A,Y55-74,THS_PER,T,NO	: 	: 	: 	: 	: 	: 	6 	7 	6 	6 	7 	7 	9 	10 	10 u	8 u	9 u	12 	10 	8 u	8 u	10 	11 
A,Y55-74,THS_PER,T,PL	: 	: 	: 	: 	: 	: 	106 	136 b	146 	170 	189 	174 	144 	118 	100 	74 	62 b	59 	67 	52 	53 	58 	60 
A,Y55-74,THS_PER,T,PT	: 	: 	: 	: 	: 	: 	58 	68 	78 	94 	103 	103 	102 	93 	79 	62 	61 	58 	58 	55 	64 	63 	62 
A,Y55-74,THS_PER,T,RO	: 	: 	: 	: 	: 	: 	43 	48 	50 	48 	53 	49 	51 	44 	44 	36 	34 	45 	42 	39 	50 	33 	59 
A,Y55-74,THS_PER,T,RS	: 	: 	: 	: 	: 	: 	: 	54 	69 	86 	76 	59 	54 	46 	45 	47 	38 	29 	39 	41 	42 	42 	37 
A,Y55-74,THS_PER,T,SE	: 	: 	40 	41 	37 	36 	50 	54 	50 	51 	49 	54 	52 	52 	52 	47 	50 	63 	77 	64 	65 	73 	81 
A,Y55-74,THS_PER,T,SI	: 	: 	: 	: 	: 	: 	3 u	4 u	6 	6 	7 	9 	9 	8 	9 	7 	7 	6 	7 	7 	7 	7 	7 
A,Y55-74,THS_PER,T,SK	: 	: 	: 	: 	: 	: 	21 	31 	32 b	40 	41 	41 	37 	37 	26 	23 	21 	22 	25 	22 	19 	16 	21 
A,Y55-74,THS_PER,T,TR	: 	: 	: 	: 	: 	: 	93 	91 	85 	81 	101 	142 b	168 	171 	188 	214 	254 	214 	244 b	232 	211 	224 	221 
